Log file open, 05/07/26 22:43:37
LogWindows: Failed to load 'aqProf.dll' (GetLastError=126)
LogWindows: File 'aqProf.dll' does not exist
LogWindows: Failed to load 'VtuneApi.dll' (GetLastError=126)
LogWindows: File 'VtuneApi.dll' does not exist
LogWindows: Failed to load 'VtuneApi32e.dll' (GetLastError=126)
LogWindows: File 'VtuneApi32e.dll' does not exist
LogConsoleResponse: Display: Failed to find resolution value strings in scalability ini. Falling back to default.
LogConsoleResponse: Display: Failed to find resolution value strings in scalability ini. Falling back to default.
LogInit: Display: Running engine for game: Facade
LogPlatformFile: Not using cached read wrapper
LogTaskGraph: Started task graph with 5 named threads and 35 total threads with 3 sets of task threads.
LogStats: Stats thread started at 0.255694
LogICUInternationalization: ICU TimeZone Detection - Raw Offset: -4:00, Platform Override: ''
LogInit: Display: Loading text-based GConfig....
LogPluginManager: Mounting plugin MeshPainting
LogPluginManager: Mounting plugin XGEController
LogPluginManager: Mounting plugin Paper2D
LogPluginManager: Mounting plugin LiveLink
LogPluginManager: Mounting plugin LightPropagationVolume
LogPluginManager: Mounting plugin CameraShakePreviewer
LogPluginManager: Mounting plugin AISupport
LogPluginManager: Mounting plugin EnvironmentQueryEditor
LogPluginManager: Mounting plugin GameplayCameras
LogPluginManager: Mounting plugin AssetManagerEditor
LogPluginManager: Mounting plugin CryptoKeys
LogPluginManager: Mounting plugin CurveEditorTools
LogPluginManager: Mounting plugin DataValidation
LogPluginManager: Mounting plugin FacialAnimation
LogPluginManager: Mounting plugin GeometryMode
LogPluginManager: Mounting plugin GameplayTagsEditor
LogPluginManager: Mounting plugin MacGraphicsSwitching
LogPluginManager: Mounting plugin MobileLauncherProfileWizard
LogPluginManager: Mounting plugin PluginBrowser
LogPluginManager: Mounting plugin SpeedTreeImporter
LogPluginManager: Mounting plugin MaterialAnalyzer
LogPluginManager: Mounting plugin DatasmithContent
LogPluginManager: Mounting plugin AnimationSharing
LogPluginManager: Mounting plugin VariantManagerContent
LogPluginManager: Mounting plugin CLionSourceCodeAccess
LogPluginManager: Mounting plugin CodeLiteSourceCodeAccess
LogPluginManager: Mounting plugin GitSourceControl
LogPluginManager: Mounting plugin PerforceSourceControl
LogPluginManager: Mounting plugin PixWinPlugin
LogPluginManager: Mounting plugin NullSourceCodeAccess
LogPluginManager: Mounting plugin PlasticSourceControl
LogPluginManager: Mounting plugin PluginUtils
LogPluginManager: Mounting plugin PropertyAccessNode
LogPluginManager: Mounting plugin TextureFormatOodle
LogPluginManager: Mounting plugin RiderSourceCodeAccess
LogPluginManager: Mounting plugin SubversionSourceControl
LogPluginManager: Mounting plugin UObjectPlugin
LogPluginManager: Mounting plugin XCodeSourceCodeAccess
LogPluginManager: Mounting plugin VisualStudioSourceCodeAccess
LogPluginManager: Mounting plugin KDevelopSourceCodeAccess
LogPluginManager: Mounting plugin VisualStudioCodeSourceCodeAccess
LogPluginManager: Mounting plugin OodleData
LogPluginManager: Mounting plugin OodleNetwork
LogPluginManager: Mounting plugin AlembicImporter
LogPluginManager: Mounting plugin AutomationUtils
LogPluginManager: Mounting plugin BackChannel
LogPluginManager: Mounting plugin ChaosCloth
LogPluginManager: Mounting plugin ChaosEditor
LogPluginManager: Mounting plugin ChaosSolverPlugin
LogPluginManager: Mounting plugin ChaosNiagara
LogPluginManager: Mounting plugin CharacterAI
LogPluginManager: Mounting plugin GeometryCache
LogPluginManager: Mounting plugin GeometryCollectionPlugin
LogPluginManager: Mounting plugin Niagara
LogPluginManager: Mounting plugin MagicLeap
LogPluginManager: Mounting plugin LuminPlatformFeatures
LogPluginManager: Mounting plugin GeometryProcessing
LogPluginManager: Mounting plugin ChaosClothEditor
LogPluginManager: Mounting plugin MagicLeapMedia
LogPluginManager: Mounting plugin MagicLeapLightEstimation
LogPluginManager: Mounting plugin MagicLeapPassableWorld
LogPluginManager: Mounting plugin MLSDK
LogPluginManager: Mounting plugin MotoSynth
LogPluginManager: Mounting plugin OpenImageDenoise
LogPluginManager: Mounting plugin TcpMessaging
LogPluginManager: Mounting plugin UdpMessaging
LogPluginManager: Mounting plugin PlatformCrypto
LogPluginManager: Mounting plugin PlanarCut
LogPluginManager: Mounting plugin ProxyLODPlugin
LogPluginManager: Mounting plugin SkeletalReduction
LogPluginManager: Mounting plugin AndroidMedia
LogPluginManager: Mounting plugin OnlineSubsystem
LogPluginManager: Mounting plugin PythonScriptPlugin
LogPluginManager: Mounting plugin AvfMedia
LogPluginManager: Mounting plugin ImgMedia
LogPluginManager: Mounting plugin MediaCompositing
LogPluginManager: Mounting plugin MediaPlayerEditor
LogPluginManager: Mounting plugin WebMMedia
LogPluginManager: Mounting plugin WmfMedia
LogPluginManager: Mounting plugin MatineeToLevelSequence
LogPluginManager: Mounting plugin LevelSequenceEditor
LogPluginManager: Mounting plugin TemplateSequence
LogPluginManager: Mounting plugin OnlineSubsystemNull
LogPluginManager: Mounting plugin ActorSequence
LogPluginManager: Mounting plugin OnlineSubsystemUtils
LogPluginManager: Mounting plugin LauncherChunkInstaller
LogPluginManager: Mounting plugin ActorLayerUtilities
LogPluginManager: Mounting plugin AndroidPermission
LogPluginManager: Mounting plugin AndroidMoviePlayer
LogPluginManager: Mounting plugin AndroidDeviceProfileSelector
LogPluginManager: Mounting plugin AppleImageUtils
LogPluginManager: Mounting plugin AppleMoviePlayer
LogPluginManager: Mounting plugin ArchVisCharacter
LogPluginManager: Mounting plugin AudioCapture
LogPluginManager: Mounting plugin CableComponent
LogPluginManager: Mounting plugin AssetTags
LogPluginManager: Mounting plugin ChunkDownloader
LogPluginManager: Mounting plugin AudioSynesthesia
LogPluginManager: Mounting plugin CustomMeshComponent
LogPluginManager: Mounting plugin EditableMesh
LogPluginManager: Mounting plugin GoogleCloudMessaging
LogPluginManager: Mounting plugin ExampleDeviceProfileSelector
LogPluginManager: Mounting plugin GooglePAD
LogPluginManager: Mounting plugin ScreenshotTools
LogPluginManager: Mounting plugin IOSDeviceProfileSelector
LogPluginManager: Mounting plugin LocationServicesBPLibrary
LogPluginManager: Mounting plugin LinuxDeviceProfileSelector
LogPluginManager: Mounting plugin MobilePatchingUtils
LogPluginManager: Mounting plugin OpenXR
LogPluginManager: Mounting plugin OpenXREyeTracker
LogPluginManager: Mounting plugin OpenXRHandTracking
LogPluginManager: Mounting plugin PhysXVehicles
LogPluginManager: Mounting plugin Takes
LogPluginManager: Mounting plugin PostSplashScreen
LogPluginManager: Mounting plugin PropertyAccessEditor
LogPluginManager: Mounting plugin ProceduralMeshComponent
LogPluginManager: Mounting plugin RuntimePhysXCooking
LogPluginManager: Mounting plugin SignificanceManager
LogPluginManager: Mounting plugin Synthesis
LogPluginManager: Mounting plugin SoundFields
LogPluginManager: Mounting plugin WebMMoviePlayer
LogPluginManager: Mounting plugin WindowsMoviePlayer
LogPluginManager: Mounting plugin ContentBrowserAssetDataSource
LogPluginManager: Mounting plugin ContentBrowserFileDataSource
LogPluginManager: Mounting plugin ContentBrowserClassDataSource
LogPluginManager: Mounting plugin OnlineSubsystemGooglePlay
LogPluginManager: Mounting plugin OnlineSubsystemIOS
LogPluginManager: Mounting plugin OculusVR
LogPluginManager: Mounting plugin SteamVR
PixWinPlugin: PIX capture plugin failed to initialize! Check that the process is launched from PIX.
LogLuminAPIImpl: Warning: MLSDK not found.  This likely means the MLSDK environment variable is not set.
LogInit: Using libcurl 7.55.1-DEV
LogInit:  - built for x86_64-pc-win32
LogInit:  - supports SSL with OpenSSL/1.1.1
LogInit:  - supports HTTP deflate (compression) using libz 1.2.8
LogInit:  - other features:
LogInit:      CURL_VERSION_SSL
LogInit:      CURL_VERSION_LIBZ
LogInit:      CURL_VERSION_IPV6
LogInit:      CURL_VERSION_ASYNCHDNS
LogInit:      CURL_VERSION_LARGEFILE
LogInit:      CURL_VERSION_IDN
LogInit:  CurlRequestOptions (configurable via config and command line):
LogInit:  - bVerifyPeer = true  - Libcurl will verify peer certificate
LogInit:  - bUseHttpProxy = false  - Libcurl will NOT use HTTP proxy
LogInit:  - bDontReuseConnections = false  - Libcurl will reuse connections
LogInit:  - MaxHostConnections = 16  - Libcurl will limit the number of connections to a host
LogInit:  - LocalHostAddr = Default
LogInit:  - BufferSize = 65536
LogOnline: OSS: Creating online subsystem instance for: NULL
LogInit: WinSock: version 1.1 (2.2), MaxSocks=32767, MaxUdp=65467
LogOnline: OSS: TryLoadSubsystemAndSetDefault: Loaded subsystem for module [NULL]
LogOculusPluginWrapper: OculusPlugin initialized successfully
LogHMD: Failed initializing OVRPlugin 1.59.0
LogInit: Build: ++UE4+Release-4.27-CL-18319896
LogInit: Engine Version: 4.27.2-18319896+++UE4+Release-4.27
LogInit: Compatible Engine Version: 4.27.0-17155196+++UE4+Release-4.27
LogInit: Net CL: 17155196
LogInit: OS: Windows 10 (Release 2009) (), CPU: AMD Ryzen 7 7445HS w/ Radeon 740M Graphics     , GPU: AMD Radeon 740M Graphics
LogInit: Compiled (64-bit): Nov 30 2021 07:12:08
LogInit: Compiled with Visual C++: 19.24.28315.00
LogInit: Build Configuration: Development
LogInit: Branch Name: ++UE4+Release-4.27
LogInit: Command Line: 
LogInit: Base Directory: C:/Program Files/Epic Games/UE_4.27/Engine/Binaries/Win64/
LogInit: Allocator: TBB
LogInit: Installed Engine Build: 1
LogDevObjectVersion: Number of dev versions registered: 29
LogDevObjectVersion:   Dev-Blueprints (B0D832E4-1F89-4F0D-ACCF-7EB736FD4AA2): 10
LogDevObjectVersion:   Dev-Build (E1C64328-A22C-4D53-A36C-8E866417BD8C): 0
LogDevObjectVersion:   Dev-Core (375EC13C-06E4-48FB-B500-84F0262A717E): 4
LogDevObjectVersion:   Dev-Editor (E4B068ED-F494-42E9-A231-DA0B2E46BB41): 40
LogDevObjectVersion:   Dev-Framework (CFFC743F-43B0-4480-9391-14DF171D2073): 37
LogDevObjectVersion:   Dev-Mobile (B02B49B5-BB20-44E9-A304-32B752E40360): 3
LogDevObjectVersion:   Dev-Networking (A4E4105C-59A1-49B5-A7C5-40C4547EDFEE): 0
LogDevObjectVersion:   Dev-Online (39C831C9-5AE6-47DC-9A44-9C173E1C8E7C): 0
LogDevObjectVersion:   Dev-Physics (78F01B33-EBEA-4F98-B9B4-84EACCB95AA2): 14
LogDevObjectVersion:   Dev-Platform (6631380F-2D4D-43E0-8009-CF276956A95A): 0
LogDevObjectVersion:   Dev-Rendering (12F88B9F-8875-4AFC-A67C-D90C383ABD29): 45
LogDevObjectVersion:   Dev-Sequencer (7B5AE74C-D270-4C10-A958-57980B212A5A): 13
LogDevObjectVersion:   Dev-VR (D7296918-1DD6-4BDD-9DE2-64A83CC13884): 3
LogDevObjectVersion:   Dev-LoadTimes (C2A15278-BFE7-4AFE-6C17-90FF531DF755): 1
LogDevObjectVersion:   Private-Geometry (6EACA3D4-40EC-4CC1-B786-8BED09428FC5): 3
LogDevObjectVersion:   Dev-AnimPhys (29E575DD-E0A3-4627-9D10-D276232CDCEA): 17
LogDevObjectVersion:   Dev-Anim (AF43A65D-7FD3-4947-9873-3E8ED9C1BB05): 15
LogDevObjectVersion:   Dev-ReflectionCapture (6B266CEC-1EC7-4B8F-A30B-E4D90942FC07): 1
LogDevObjectVersion:   Dev-Automation (0DF73D61-A23F-47EA-B727-89E90C41499A): 1
LogDevObjectVersion:   FortniteMain (601D1886-AC64-4F84-AA16-D3DE0DEAC7D6): 47
LogDevObjectVersion:   FortniteRelease (E7086368-6B23-4C58-8439-1B7016265E91): 1
LogDevObjectVersion:   Dev-Enterprise (9DFFBCD6-494F-0158-E221-12823C92A888): 10
LogDevObjectVersion:   Dev-Niagara (F2AED0AC-9AFE-416F-8664-AA7FFA26D6FC): 1
LogDevObjectVersion:   Dev-Destruction (174F1F0B-B4C6-45A5-B13F-2EE8D0FB917D): 10
LogDevObjectVersion:   Dev-Physics-Ext (35F94A83-E258-406C-A318-09F59610247C): 41
LogDevObjectVersion:   Dev-PhysicsMaterial-Chaos (B68FC16E-8B1B-42E2-B453-215C058844FE): 1
LogDevObjectVersion:   Dev-CineCamera (B2E18506-4273-CFC2-A54E-F4BB758BBA07): 1
LogDevObjectVersion:   Dev-VirtualProduction (64F58936-FD1B-42BA-BA96-7289D5D0FA4E): 1
LogDevObjectVersion:   Dev-MediaFramework (6F0ED827-A609-4895-9C91-998D90180EA4): 2
LogInit: Presizing for max 25165824 objects, including 0 objects not considered by GC, pre-allocating 0 bytes for permanent pool.
LogConfig: Applying CVar settings from Section [/Script/Engine.StreamingSettings] File [C:/Users/2026/Documents/Unreal Projects/Facade/Saved/Config/Windows/Engine.ini]
LogConfig: Setting CVar [[s.MinBulkDataSizeForAsyncLoading:131072]]
LogConfig: Setting CVar [[s.AsyncLoadingThreadEnabled:0]]
LogConfig: Setting CVar [[s.EventDrivenLoaderEnabled:1]]
LogConfig: Setting CVar [[s.WarnIfTimeLimitExceeded:0]]
LogConfig: Setting CVar [[s.TimeLimitExceededMultiplier:1.5]]
LogConfig: Setting CVar [[s.TimeLimitExceededMinTime:0.005]]
LogConfig: Setting CVar [[s.UseBackgroundLevelStreaming:1]]
LogConfig: Setting CVar [[s.PriorityAsyncLoadingExtraTime:15.0]]
LogConfig: Setting CVar [[s.LevelStreamingActorsUpdateTimeLimit:5.0]]
LogConfig: Setting CVar [[s.PriorityLevelStreamingActorsUpdateExtraTime:5.0]]
LogConfig: Setting CVar [[s.LevelStreamingComponentsRegistrationGranularity:10]]
LogConfig: Setting CVar [[s.UnregisterComponentsTimeLimit:1.0]]
LogConfig: Setting CVar [[s.LevelStreamingComponentsUnregistrationGranularity:5]]
LogConfig: Setting CVar [[s.FlushStreamingOnExit:1]]
LogInit: Object subsystem initialized
LogConfig: Setting CVar [[con.DebugEarlyDefault:1]]
LogConfig: Setting CVar [[r.setres:1280x720]]
[2026.05.08-02.43.37:687][  0]LogConfig: Setting CVar [[r.VSync:0]]
[2026.05.08-02.43.37:687][  0]LogConfig: Setting CVar [[r.RHICmdBypass:0]]
[2026.05.08-02.43.37:687][  0]LogConfig: Applying CVar settings from Section [/Script/Engine.RendererSettings] File [C:/Users/2026/Documents/Unreal Projects/Facade/Saved/Config/Windows/Engine.ini]
[2026.05.08-02.43.37:687][  0]LogConfig: Setting CVar [[r.GPUCrashDebugging:0]]
[2026.05.08-02.43.37:687][  0]LogConfig: Applying CVar settings from Section [/Script/Engine.RendererOverrideSettings] File [C:/Users/2026/Documents/Unreal Projects/Facade/Saved/Config/Windows/Engine.ini]
[2026.05.08-02.43.37:687][  0]LogConfig: Applying CVar settings from Section [/Script/Engine.StreamingSettings] File [C:/Users/2026/Documents/Unreal Projects/Facade/Saved/Config/Windows/Engine.ini]
[2026.05.08-02.43.37:687][  0]LogConfig: Setting CVar [[s.MinBulkDataSizeForAsyncLoading:131072]]
[2026.05.08-02.43.37:687][  0]LogConfig: Setting CVar [[s.AsyncLoadingThreadEnabled:0]]
[2026.05.08-02.43.37:687][  0]LogConfig: Setting CVar [[s.EventDrivenLoaderEnabled:1]]
[2026.05.08-02.43.37:687][  0]LogConfig: Setting CVar [[s.WarnIfTimeLimitExceeded:0]]
[2026.05.08-02.43.37:687][  0]LogConfig: Setting CVar [[s.TimeLimitExceededMultiplier:1.5]]
[2026.05.08-02.43.37:687][  0]LogConfig: Setting CVar [[s.TimeLimitExceededMinTime:0.005]]
[2026.05.08-02.43.37:687][  0]LogConfig: Setting CVar [[s.UseBackgroundLevelStreaming:1]]
[2026.05.08-02.43.37:687][  0]LogConfig: Setting CVar [[s.PriorityAsyncLoadingExtraTime:15.0]]
[2026.05.08-02.43.37:687][  0]LogConfig: Setting CVar [[s.LevelStreamingActorsUpdateTimeLimit:5.0]]
[2026.05.08-02.43.37:687][  0]LogConfig: Setting CVar [[s.PriorityLevelStreamingActorsUpdateExtraTime:5.0]]
[2026.05.08-02.43.37:687][  0]LogConfig: Setting CVar [[s.LevelStreamingComponentsRegistrationGranularity:10]]
[2026.05.08-02.43.37:687][  0]LogConfig: Setting CVar [[s.UnregisterComponentsTimeLimit:1.0]]
[2026.05.08-02.43.37:687][  0]LogConfig: Setting CVar [[s.LevelStreamingComponentsUnregistrationGranularity:5]]
[2026.05.08-02.43.37:687][  0]LogConfig: Setting CVar [[s.FlushStreamingOnExit:1]]
[2026.05.08-02.43.37:687][  0]LogConfig: Applying CVar settings from Section [/Script/Engine.GarbageCollectionSettings] File [C:/Users/2026/Documents/Unreal Projects/Facade/Saved/Config/Windows/Engine.ini]
[2026.05.08-02.43.37:687][  0]LogConfig: Setting CVar [[gc.MaxObjectsNotConsideredByGC:1]]
[2026.05.08-02.43.37:687][  0]LogConfig: Setting CVar [[gc.SizeOfPermanentObjectPool:0]]
[2026.05.08-02.43.37:687][  0]LogConfig: Setting CVar [[gc.FlushStreamingOnGC:0]]
[2026.05.08-02.43.37:687][  0]LogConfig: Setting CVar [[gc.NumRetriesBeforeForcingGC:10]]
[2026.05.08-02.43.37:687][  0]LogConfig: Setting CVar [[gc.AllowParallelGC:1]]
[2026.05.08-02.43.37:687][  0]LogConfig: Setting CVar [[gc.TimeBetweenPurgingPendingKillObjects:61.1]]
[2026.05.08-02.43.37:687][  0]LogConfig: Setting CVar [[gc.MaxObjectsInEditor:25165824]]
[2026.05.08-02.43.37:687][  0]LogConfig: Setting CVar [[gc.IncrementalBeginDestroyEnabled:1]]
[2026.05.08-02.43.37:687][  0]LogConfig: Setting CVar [[gc.CreateGCClusters:1]]
[2026.05.08-02.43.37:687][  0]LogConfig: Setting CVar [[gc.MinGCClusterSize:5]]
[2026.05.08-02.43.37:687][  0]LogConfig: Setting CVar [[gc.ActorClusteringEnabled:0]]
[2026.05.08-02.43.37:687][  0]LogConfig: Setting CVar [[gc.BlueprintClusteringEnabled:0]]
[2026.05.08-02.43.37:687][  0]LogConfig: Setting CVar [[gc.UseDisregardForGCOnDedicatedServers:0]]
[2026.05.08-02.43.37:687][  0]LogConfig: Setting CVar [[gc.MultithreadedDestructionEnabled:1]]
[2026.05.08-02.43.37:687][  0]LogConfig: Applying CVar settings from Section [/Script/Engine.NetworkSettings] File [C:/Users/2026/Documents/Unreal Projects/Facade/Saved/Config/Windows/Engine.ini]
[2026.05.08-02.43.37:687][  0]LogConfig: Applying CVar settings from Section [/Script/UnrealEd.CookerSettings] File [C:/Users/2026/Documents/Unreal Projects/Facade/Saved/Config/Windows/Engine.ini]
[2026.05.08-02.43.37:693][  0]LogConfig: Applying CVar settings from Section [ViewDistanceQuality@3] File [C:/Users/2026/Documents/Unreal Projects/Facade/Saved/Config/Windows/Scalability.ini]
[2026.05.08-02.43.37:693][  0]LogConfig: Setting CVar [[r.SkeletalMeshLODBias:0]]
[2026.05.08-02.43.37:693][  0]LogConfig: Setting CVar [[r.ViewDistanceScale:1.0]]
[2026.05.08-02.43.37:693][  0]LogConfig: Applying CVar settings from Section [AntiAliasingQuality@3] File [C:/Users/2026/Documents/Unreal Projects/Facade/Saved/Config/Windows/Scalability.ini]
[2026.05.08-02.43.37:693][  0]LogConfig: Setting CVar [[r.PostProcessAAQuality:4]]
[2026.05.08-02.43.37:693][  0]LogConfig: Applying CVar settings from Section [ShadowQuality@3] File [C:/Users/2026/Documents/Unreal Projects/Facade/Saved/Config/Windows/Scalability.ini]
[2026.05.08-02.43.37:693][  0]LogConfig: Setting CVar [[r.LightFunctionQuality:1]]
[2026.05.08-02.43.37:693][  0]LogConfig: Setting CVar [[r.ShadowQuality:5]]
[2026.05.08-02.43.37:693][  0]LogConfig: Setting CVar [[r.Shadow.CSM.MaxCascades:10]]
[2026.05.08-02.43.37:693][  0]LogConfig: Setting CVar [[r.Shadow.MaxResolution:2048]]
[2026.05.08-02.43.37:693][  0]LogConfig: Setting CVar [[r.Shadow.MaxCSMResolution:2048]]
[2026.05.08-02.43.37:693][  0]LogConfig: Setting CVar [[r.Shadow.RadiusThreshold:0.01]]
[2026.05.08-02.43.37:693][  0]LogConfig: Setting CVar [[r.Shadow.DistanceScale:1.0]]
[2026.05.08-02.43.37:693][  0]LogConfig: Setting CVar [[r.Shadow.CSM.TransitionScale:1.0]]
[2026.05.08-02.43.37:693][  0]LogConfig: Setting CVar [[r.Shadow.PreShadowResolutionFactor:1.0]]
[2026.05.08-02.43.37:693][  0]LogConfig: Setting CVar [[r.DistanceFieldShadowing:1]]
[2026.05.08-02.43.37:693][  0]LogConfig: Setting CVar [[r.DistanceFieldAO:1]]
[2026.05.08-02.43.37:693][  0]LogConfig: Setting CVar [[r.AOQuality:2]]
[2026.05.08-02.43.37:693][  0]LogConfig: Setting CVar [[r.VolumetricFog:1]]
[2026.05.08-02.43.37:693][  0]LogConfig: Setting CVar [[r.VolumetricFog.GridPixelSize:8]]
[2026.05.08-02.43.37:693][  0]LogConfig: Setting CVar [[r.VolumetricFog.GridSizeZ:128]]
[2026.05.08-02.43.37:693][  0]LogConfig: Setting CVar [[r.VolumetricFog.HistoryMissSupersampleCount:4]]
[2026.05.08-02.43.37:693][  0]LogConfig: Setting CVar [[r.LightMaxDrawDistanceScale:1]]
[2026.05.08-02.43.37:693][  0]LogConfig: Setting CVar [[r.CapsuleShadows:1]]
[2026.05.08-02.43.37:693][  0]LogConfig: Applying CVar settings from Section [PostProcessQuality@3] File [C:/Users/2026/Documents/Unreal Projects/Facade/Saved/Config/Windows/Scalability.ini]
[2026.05.08-02.43.37:693][  0]LogConfig: Setting CVar [[r.MotionBlurQuality:4]]
[2026.05.08-02.43.37:693][  0]LogConfig: Setting CVar [[r.AmbientOcclusionMipLevelFactor:0.4]]
[2026.05.08-02.43.37:693][  0]LogConfig: Setting CVar [[r.AmbientOcclusionMaxQuality:100]]
[2026.05.08-02.43.37:693][  0]LogConfig: Setting CVar [[r.AmbientOcclusionLevels:-1]]
[2026.05.08-02.43.37:693][  0]LogConfig: Setting CVar [[r.AmbientOcclusionRadiusScale:1.0]]
[2026.05.08-02.43.37:693][  0]LogConfig: Setting CVar [[r.DepthOfFieldQuality:2]]
[2026.05.08-02.43.37:693][  0]LogConfig: Setting CVar [[r.RenderTargetPoolMin:400]]
[2026.05.08-02.43.37:693][  0]LogConfig: Setting CVar [[r.LensFlareQuality:2]]
[2026.05.08-02.43.37:693][  0]LogConfig: Setting CVar [[r.SceneColorFringeQuality:1]]
[2026.05.08-02.43.37:693][  0]LogConfig: Setting CVar [[r.EyeAdaptationQuality:2]]
[2026.05.08-02.43.37:693][  0]LogConfig: Setting CVar [[r.BloomQuality:5]]
[2026.05.08-02.43.37:693][  0]LogConfig: Setting CVar [[r.FastBlurThreshold:100]]
[2026.05.08-02.43.37:693][  0]LogConfig: Setting CVar [[r.Upscale.Quality:3]]
[2026.05.08-02.43.37:693][  0]LogConfig: Setting CVar [[r.Tonemapper.GrainQuantization:1]]
[2026.05.08-02.43.37:693][  0]LogConfig: Setting CVar [[r.LightShaftQuality:1]]
[2026.05.08-02.43.37:693][  0]LogConfig: Setting CVar [[r.Filter.SizeScale:1]]
[2026.05.08-02.43.37:693][  0]LogConfig: Setting CVar [[r.Tonemapper.Quality:5]]
[2026.05.08-02.43.37:693][  0]LogConfig: Setting CVar [[r.DOF.Gather.AccumulatorQuality:1        ; higher gathering accumulator quality]]
[2026.05.08-02.43.37:693][  0]LogConfig: Setting CVar [[r.DOF.Gather.PostfilterMethod:1          ; Median3x3 postfilering method]]
[2026.05.08-02.43.37:693][  0]LogConfig: Setting CVar [[r.DOF.Gather.EnableBokehSettings:0       ; no bokeh simulation when gathering]]
[2026.05.08-02.43.37:693][  0]LogConfig: Setting CVar [[r.DOF.Gather.RingCount:4                 ; medium number of samples when gathering]]
[2026.05.08-02.43.37:693][  0]LogConfig: Setting CVar [[r.DOF.Scatter.ForegroundCompositing:1    ; additive foreground scattering]]
[2026.05.08-02.43.37:693][  0]LogConfig: Setting CVar [[r.DOF.Scatter.BackgroundCompositing:2    ; additive background scattering]]
[2026.05.08-02.43.37:693][  0]LogConfig: Setting CVar [[r.DOF.Scatter.EnableBokehSettings:1      ; bokeh simulation when scattering]]
[2026.05.08-02.43.37:693][  0]LogConfig: Setting CVar [[r.DOF.Scatter.MaxSpriteRatio:0.1         ; only a maximum of 10% of scattered bokeh]]
[2026.05.08-02.43.37:693][  0]LogConfig: Setting CVar [[r.DOF.Recombine.Quality:1                ; cheap slight out of focus]]
[2026.05.08-02.43.37:693][  0]LogConfig: Setting CVar [[r.DOF.Recombine.EnableBokehSettings:0    ; no bokeh simulation on slight out of focus]]
[2026.05.08-02.43.37:693][  0]LogConfig: Setting CVar [[r.DOF.TemporalAAQuality:1                ; more stable temporal accumulation]]
[2026.05.08-02.43.37:693][  0]LogConfig: Setting CVar [[r.DOF.Kernel.MaxForegroundRadius:0.025]]
[2026.05.08-02.43.37:693][  0]LogConfig: Setting CVar [[r.DOF.Kernel.MaxBackgroundRadius:0.025]]
[2026.05.08-02.43.37:693][  0]LogConfig: Applying CVar settings from Section [TextureQuality@3] File [C:/Users/2026/Documents/Unreal Projects/Facade/Saved/Config/Windows/Scalability.ini]
[2026.05.08-02.43.37:693][  0]LogConfig: Setting CVar [[r.Streaming.MipBias:0]]
[2026.05.08-02.43.37:693][  0]LogConfig: Setting CVar [[r.Streaming.AmortizeCPUToGPUCopy:0]]
[2026.05.08-02.43.37:693][  0]LogConfig: Setting CVar [[r.Streaming.MaxNumTexturesToStreamPerFrame:0]]
[2026.05.08-02.43.37:693][  0]LogConfig: Setting CVar [[r.Streaming.Boost:1]]
[2026.05.08-02.43.37:693][  0]LogConfig: Setting CVar [[r.MaxAnisotropy:8]]
[2026.05.08-02.43.37:693][  0]LogConfig: Setting CVar [[r.VT.MaxAnisotropy:8]]
[2026.05.08-02.43.37:693][  0]LogConfig: Setting CVar [[r.Streaming.LimitPoolSizeToVRAM:0]]
[2026.05.08-02.43.37:693][  0]LogConfig: Setting CVar [[r.Streaming.PoolSize:1000]]
[2026.05.08-02.43.37:693][  0]LogConfig: Setting CVar [[r.Streaming.MaxEffectiveScreenSize:0]]
[2026.05.08-02.43.37:693][  0]LogConfig: Applying CVar settings from Section [EffectsQuality@3] File [C:/Users/2026/Documents/Unreal Projects/Facade/Saved/Config/Windows/Scalability.ini]
[2026.05.08-02.43.37:693][  0]LogConfig: Setting CVar [[r.TranslucencyLightingVolumeDim:64]]
[2026.05.08-02.43.37:693][  0]LogConfig: Setting CVar [[r.RefractionQuality:2]]
[2026.05.08-02.43.37:693][  0]LogConfig: Setting CVar [[r.SSR.Quality:3]]
[2026.05.08-02.43.37:693][  0]LogConfig: Setting CVar [[r.SSR.HalfResSceneColor:0]]
[2026.05.08-02.43.37:693][  0]LogConfig: Setting CVar [[r.SceneColorFormat:4]]
[2026.05.08-02.43.37:693][  0]LogConfig: Setting CVar [[r.DetailMode:2]]
[2026.05.08-02.43.37:693][  0]LogConfig: Setting CVar [[r.TranslucencyVolumeBlur:1]]
[2026.05.08-02.43.37:693][  0]LogConfig: Setting CVar [[r.MaterialQualityLevel:1 ; High quality]]
[2026.05.08-02.43.37:693][  0]LogConfig: Setting CVar [[r.AnisotropicMaterials:1]]
[2026.05.08-02.43.37:693][  0]LogConfig: Setting CVar [[r.SSS.Scale:1]]
[2026.05.08-02.43.37:693][  0]LogConfig: Setting CVar [[r.SSS.SampleSet:2]]
[2026.05.08-02.43.37:693][  0]LogConfig: Setting CVar [[r.SSS.Quality:1]]
[2026.05.08-02.43.37:693][  0]LogConfig: Setting CVar [[r.SSS.HalfRes:0]]
[2026.05.08-02.43.37:693][  0]LogConfig: Setting CVar [[r.SSGI.Quality:3]]
[2026.05.08-02.43.37:693][  0]LogConfig: Setting CVar [[r.EmitterSpawnRateScale:1.0]]
[2026.05.08-02.43.37:693][  0]LogConfig: Setting CVar [[r.ParticleLightQuality:2]]
[2026.05.08-02.43.37:693][  0]LogConfig: Setting CVar [[r.SkyAtmosphere.AerialPerspectiveLUT.FastApplyOnOpaque:1 ; Always have FastSkyLUT 1 in this case to avoid wrong sky]]
[2026.05.08-02.43.37:693][  0]LogConfig: Setting CVar [[r.SkyAtmosphere.AerialPerspectiveLUT.SampleCountMaxPerSlice:4]]
[2026.05.08-02.43.37:693][  0]LogConfig: Setting CVar [[r.SkyAtmosphere.AerialPerspectiveLUT.DepthResolution:16.0]]
[2026.05.08-02.43.37:693][  0]LogConfig: Setting CVar [[r.SkyAtmosphere.FastSkyLUT:1]]
[2026.05.08-02.43.37:693][  0]LogConfig: Setting CVar [[r.SkyAtmosphere.FastSkyLUT.SampleCountMin:4.0]]
[2026.05.08-02.43.37:693][  0]LogConfig: Setting CVar [[r.SkyAtmosphere.FastSkyLUT.SampleCountMax:128.0]]
[2026.05.08-02.43.37:693][  0]LogConfig: Setting CVar [[r.SkyAtmosphere.SampleCountMin:4.0]]
[2026.05.08-02.43.37:693][  0]LogConfig: Setting CVar [[r.SkyAtmosphere.SampleCountMax:128.0]]
[2026.05.08-02.43.37:693][  0]LogConfig: Setting CVar [[r.SkyAtmosphere.TransmittanceLUT.UseSmallFormat:0]]
[2026.05.08-02.43.37:693][  0]LogConfig: Setting CVar [[r.SkyAtmosphere.TransmittanceLUT.SampleCount:10.0]]
[2026.05.08-02.43.37:693][  0]LogConfig: Setting CVar [[r.SkyAtmosphere.MultiScatteringLUT.SampleCount:15.0]]
[2026.05.08-02.43.37:693][  0]LogConfig: Setting CVar [[r.SkyLight.RealTimeReflectionCapture:1]]
[2026.05.08-02.43.37:693][  0]LogConfig: Applying CVar settings from Section [FoliageQuality@3] File [C:/Users/2026/Documents/Unreal Projects/Facade/Saved/Config/Windows/Scalability.ini]
[2026.05.08-02.43.37:693][  0]LogConfig: Setting CVar [[foliage.DensityScale:1.0]]
[2026.05.08-02.43.37:693][  0]LogConfig: Setting CVar [[grass.DensityScale:1.0]]
[2026.05.08-02.43.37:693][  0]LogConfig: Applying CVar settings from Section [ShadingQuality@3] File [C:/Users/2026/Documents/Unreal Projects/Facade/Saved/Config/Windows/Scalability.ini]
[2026.05.08-02.43.37:693][  0]LogConfig: Setting CVar [[r.HairStrands.SkyLighting.IntegrationType:2]]
[2026.05.08-02.43.37:693][  0]LogConfig: Setting CVar [[r.HairStrands.SkyAO.SampleCount:4]]
[2026.05.08-02.43.37:693][  0]LogConfig: Setting CVar [[r.HairStrands.Visibility.MSAA.SamplePerPixel:4]]
[2026.05.08-02.43.37:693][  0]LogInit: Selected Device Profile: [Windows]
[2026.05.08-02.43.37:693][  0]LogInit: Applying CVar settings loaded from the selected device profile: [Windows]
[2026.05.08-02.43.37:693][  0]LogHAL: Display: Platform has ~ 16 GB [16396115968 / 17179869184 / 16], which maps to Larger [LargestMinGB=32, LargerMinGB=12, DefaultMinGB=8, SmallerMinGB=6, SmallestMinGB=0)
[2026.05.08-02.43.37:693][  0]LogInit: Going up to parent DeviceProfile []
[2026.05.08-02.43.37:693][  0]LogConfig: Applying CVar settings from Section [ViewDistanceQuality@3] File [C:/Users/2026/Documents/Unreal Projects/Facade/Saved/Config/Windows/Scalability.ini]
[2026.05.08-02.43.37:693][  0]LogConfig: Setting CVar [[r.SkeletalMeshLODBias:0]]
[2026.05.08-02.43.37:693][  0]LogConfig: Setting CVar [[r.ViewDistanceScale:1.0]]
[2026.05.08-02.43.37:693][  0]LogConfig: Applying CVar settings from Section [AntiAliasingQuality@3] File [C:/Users/2026/Documents/Unreal Projects/Facade/Saved/Config/Windows/Scalability.ini]
[2026.05.08-02.43.37:693][  0]LogConfig: Setting CVar [[r.PostProcessAAQuality:4]]
[2026.05.08-02.43.37:693][  0]LogConfig: Applying CVar settings from Section [ShadowQuality@3] File [C:/Users/2026/Documents/Unreal Projects/Facade/Saved/Config/Windows/Scalability.ini]
[2026.05.08-02.43.37:693][  0]LogConfig: Setting CVar [[r.LightFunctionQuality:1]]
[2026.05.08-02.43.37:693][  0]LogConfig: Setting CVar [[r.ShadowQuality:5]]
[2026.05.08-02.43.37:693][  0]LogConfig: Setting CVar [[r.Shadow.CSM.MaxCascades:10]]
[2026.05.08-02.43.37:693][  0]LogConfig: Setting CVar [[r.Shadow.MaxResolution:2048]]
[2026.05.08-02.43.37:693][  0]LogConfig: Setting CVar [[r.Shadow.MaxCSMResolution:2048]]
[2026.05.08-02.43.37:693][  0]LogConfig: Setting CVar [[r.Shadow.RadiusThreshold:0.01]]
[2026.05.08-02.43.37:693][  0]LogConfig: Setting CVar [[r.Shadow.DistanceScale:1.0]]
[2026.05.08-02.43.37:693][  0]LogConfig: Setting CVar [[r.Shadow.CSM.TransitionScale:1.0]]
[2026.05.08-02.43.37:693][  0]LogConfig: Setting CVar [[r.Shadow.PreShadowResolutionFactor:1.0]]
[2026.05.08-02.43.37:693][  0]LogConfig: Setting CVar [[r.DistanceFieldShadowing:1]]
[2026.05.08-02.43.37:693][  0]LogConfig: Setting CVar [[r.DistanceFieldAO:1]]
[2026.05.08-02.43.37:693][  0]LogConfig: Setting CVar [[r.AOQuality:2]]
[2026.05.08-02.43.37:693][  0]LogConfig: Setting CVar [[r.VolumetricFog:1]]
[2026.05.08-02.43.37:693][  0]LogConfig: Setting CVar [[r.VolumetricFog.GridPixelSize:8]]
[2026.05.08-02.43.37:693][  0]LogConfig: Setting CVar [[r.VolumetricFog.GridSizeZ:128]]
[2026.05.08-02.43.37:693][  0]LogConfig: Setting CVar [[r.VolumetricFog.HistoryMissSupersampleCount:4]]
[2026.05.08-02.43.37:693][  0]LogConfig: Setting CVar [[r.LightMaxDrawDistanceScale:1]]
[2026.05.08-02.43.37:693][  0]LogConfig: Setting CVar [[r.CapsuleShadows:1]]
[2026.05.08-02.43.37:693][  0]LogConfig: Applying CVar settings from Section [PostProcessQuality@3] File [C:/Users/2026/Documents/Unreal Projects/Facade/Saved/Config/Windows/Scalability.ini]
[2026.05.08-02.43.37:693][  0]LogConfig: Setting CVar [[r.MotionBlurQuality:4]]
[2026.05.08-02.43.37:693][  0]LogConfig: Setting CVar [[r.AmbientOcclusionMipLevelFactor:0.4]]
[2026.05.08-02.43.37:693][  0]LogConfig: Setting CVar [[r.AmbientOcclusionMaxQuality:100]]
[2026.05.08-02.43.37:693][  0]LogConfig: Setting CVar [[r.AmbientOcclusionLevels:-1]]
[2026.05.08-02.43.37:693][  0]LogConfig: Setting CVar [[r.AmbientOcclusionRadiusScale:1.0]]
[2026.05.08-02.43.37:693][  0]LogConfig: Setting CVar [[r.DepthOfFieldQuality:2]]
[2026.05.08-02.43.37:693][  0]LogConfig: Setting CVar [[r.RenderTargetPoolMin:400]]
[2026.05.08-02.43.37:693][  0]LogConfig: Setting CVar [[r.LensFlareQuality:2]]
[2026.05.08-02.43.37:693][  0]LogConfig: Setting CVar [[r.SceneColorFringeQuality:1]]
[2026.05.08-02.43.37:693][  0]LogConfig: Setting CVar [[r.EyeAdaptationQuality:2]]
[2026.05.08-02.43.37:693][  0]LogConfig: Setting CVar [[r.BloomQuality:5]]
[2026.05.08-02.43.37:693][  0]LogConfig: Setting CVar [[r.FastBlurThreshold:100]]
[2026.05.08-02.43.37:693][  0]LogConfig: Setting CVar [[r.Upscale.Quality:3]]
[2026.05.08-02.43.37:693][  0]LogConfig: Setting CVar [[r.Tonemapper.GrainQuantization:1]]
[2026.05.08-02.43.37:693][  0]LogConfig: Setting CVar [[r.LightShaftQuality:1]]
[2026.05.08-02.43.37:693][  0]LogConfig: Setting CVar [[r.Filter.SizeScale:1]]
[2026.05.08-02.43.37:693][  0]LogConfig: Setting CVar [[r.Tonemapper.Quality:5]]
[2026.05.08-02.43.37:693][  0]LogConfig: Setting CVar [[r.DOF.Gather.AccumulatorQuality:1        ; higher gathering accumulator quality]]
[2026.05.08-02.43.37:693][  0]LogConfig: Setting CVar [[r.DOF.Gather.PostfilterMethod:1          ; Median3x3 postfilering method]]
[2026.05.08-02.43.37:693][  0]LogConfig: Setting CVar [[r.DOF.Gather.EnableBokehSettings:0       ; no bokeh simulation when gathering]]
[2026.05.08-02.43.37:693][  0]LogConfig: Setting CVar [[r.DOF.Gather.RingCount:4                 ; medium number of samples when gathering]]
[2026.05.08-02.43.37:693][  0]LogConfig: Setting CVar [[r.DOF.Scatter.ForegroundCompositing:1    ; additive foreground scattering]]
[2026.05.08-02.43.37:693][  0]LogConfig: Setting CVar [[r.DOF.Scatter.BackgroundCompositing:2    ; additive background scattering]]
[2026.05.08-02.43.37:693][  0]LogConfig: Setting CVar [[r.DOF.Scatter.EnableBokehSettings:1      ; bokeh simulation when scattering]]
[2026.05.08-02.43.37:693][  0]LogConfig: Setting CVar [[r.DOF.Scatter.MaxSpriteRatio:0.1         ; only a maximum of 10% of scattered bokeh]]
[2026.05.08-02.43.37:693][  0]LogConfig: Setting CVar [[r.DOF.Recombine.Quality:1                ; cheap slight out of focus]]
[2026.05.08-02.43.37:693][  0]LogConfig: Setting CVar [[r.DOF.Recombine.EnableBokehSettings:0    ; no bokeh simulation on slight out of focus]]
[2026.05.08-02.43.37:693][  0]LogConfig: Setting CVar [[r.DOF.TemporalAAQuality:1                ; more stable temporal accumulation]]
[2026.05.08-02.43.37:693][  0]LogConfig: Setting CVar [[r.DOF.Kernel.MaxForegroundRadius:0.025]]
[2026.05.08-02.43.37:693][  0]LogConfig: Setting CVar [[r.DOF.Kernel.MaxBackgroundRadius:0.025]]
[2026.05.08-02.43.37:693][  0]LogConfig: Applying CVar settings from Section [TextureQuality@3] File [C:/Users/2026/Documents/Unreal Projects/Facade/Saved/Config/Windows/Scalability.ini]
[2026.05.08-02.43.37:693][  0]LogConfig: Setting CVar [[r.Streaming.MipBias:0]]
[2026.05.08-02.43.37:693][  0]LogConfig: Setting CVar [[r.Streaming.AmortizeCPUToGPUCopy:0]]
[2026.05.08-02.43.37:693][  0]LogConfig: Setting CVar [[r.Streaming.MaxNumTexturesToStreamPerFrame:0]]
[2026.05.08-02.43.37:693][  0]LogConfig: Setting CVar [[r.Streaming.Boost:1]]
[2026.05.08-02.43.37:693][  0]LogConfig: Setting CVar [[r.MaxAnisotropy:8]]
[2026.05.08-02.43.37:693][  0]LogConfig: Setting CVar [[r.VT.MaxAnisotropy:8]]
[2026.05.08-02.43.37:693][  0]LogConfig: Setting CVar [[r.Streaming.LimitPoolSizeToVRAM:0]]
[2026.05.08-02.43.37:693][  0]LogConfig: Setting CVar [[r.Streaming.PoolSize:1000]]
[2026.05.08-02.43.37:693][  0]LogConfig: Setting CVar [[r.Streaming.MaxEffectiveScreenSize:0]]
[2026.05.08-02.43.37:694][  0]LogConfig: Applying CVar settings from Section [EffectsQuality@3] File [C:/Users/2026/Documents/Unreal Projects/Facade/Saved/Config/Windows/Scalability.ini]
[2026.05.08-02.43.37:694][  0]LogConfig: Setting CVar [[r.TranslucencyLightingVolumeDim:64]]
[2026.05.08-02.43.37:694][  0]LogConfig: Setting CVar [[r.RefractionQuality:2]]
[2026.05.08-02.43.37:694][  0]LogConfig: Setting CVar [[r.SSR.Quality:3]]
[2026.05.08-02.43.37:694][  0]LogConfig: Setting CVar [[r.SSR.HalfResSceneColor:0]]
[2026.05.08-02.43.37:694][  0]LogConfig: Setting CVar [[r.SceneColorFormat:4]]
[2026.05.08-02.43.37:694][  0]LogConfig: Setting CVar [[r.DetailMode:2]]
[2026.05.08-02.43.37:694][  0]LogConfig: Setting CVar [[r.TranslucencyVolumeBlur:1]]
[2026.05.08-02.43.37:694][  0]LogConfig: Setting CVar [[r.MaterialQualityLevel:1 ; High quality]]
[2026.05.08-02.43.37:694][  0]LogConfig: Setting CVar [[r.AnisotropicMaterials:1]]
[2026.05.08-02.43.37:694][  0]LogConfig: Setting CVar [[r.SSS.Scale:1]]
[2026.05.08-02.43.37:694][  0]LogConfig: Setting CVar [[r.SSS.SampleSet:2]]
[2026.05.08-02.43.37:694][  0]LogConfig: Setting CVar [[r.SSS.Quality:1]]
[2026.05.08-02.43.37:694][  0]LogConfig: Setting CVar [[r.SSS.HalfRes:0]]
[2026.05.08-02.43.37:694][  0]LogConfig: Setting CVar [[r.SSGI.Quality:3]]
[2026.05.08-02.43.37:694][  0]LogConfig: Setting CVar [[r.EmitterSpawnRateScale:1.0]]
[2026.05.08-02.43.37:694][  0]LogConfig: Setting CVar [[r.ParticleLightQuality:2]]
[2026.05.08-02.43.37:694][  0]LogConfig: Setting CVar [[r.SkyAtmosphere.AerialPerspectiveLUT.FastApplyOnOpaque:1 ; Always have FastSkyLUT 1 in this case to avoid wrong sky]]
[2026.05.08-02.43.37:694][  0]LogConfig: Setting CVar [[r.SkyAtmosphere.AerialPerspectiveLUT.SampleCountMaxPerSlice:4]]
[2026.05.08-02.43.37:694][  0]LogConfig: Setting CVar [[r.SkyAtmosphere.AerialPerspectiveLUT.DepthResolution:16.0]]
[2026.05.08-02.43.37:694][  0]LogConfig: Setting CVar [[r.SkyAtmosphere.FastSkyLUT:1]]
[2026.05.08-02.43.37:694][  0]LogConfig: Setting CVar [[r.SkyAtmosphere.FastSkyLUT.SampleCountMin:4.0]]
[2026.05.08-02.43.37:694][  0]LogConfig: Setting CVar [[r.SkyAtmosphere.FastSkyLUT.SampleCountMax:128.0]]
[2026.05.08-02.43.37:694][  0]LogConfig: Setting CVar [[r.SkyAtmosphere.SampleCountMin:4.0]]
[2026.05.08-02.43.37:694][  0]LogConfig: Setting CVar [[r.SkyAtmosphere.SampleCountMax:128.0]]
[2026.05.08-02.43.37:694][  0]LogConfig: Setting CVar [[r.SkyAtmosphere.TransmittanceLUT.UseSmallFormat:0]]
[2026.05.08-02.43.37:694][  0]LogConfig: Setting CVar [[r.SkyAtmosphere.TransmittanceLUT.SampleCount:10.0]]
[2026.05.08-02.43.37:694][  0]LogConfig: Setting CVar [[r.SkyAtmosphere.MultiScatteringLUT.SampleCount:15.0]]
[2026.05.08-02.43.37:694][  0]LogConfig: Setting CVar [[r.SkyLight.RealTimeReflectionCapture:1]]
[2026.05.08-02.43.37:694][  0]LogConfig: Applying CVar settings from Section [FoliageQuality@3] File [C:/Users/2026/Documents/Unreal Projects/Facade/Saved/Config/Windows/Scalability.ini]
[2026.05.08-02.43.37:694][  0]LogConfig: Setting CVar [[foliage.DensityScale:1.0]]
[2026.05.08-02.43.37:694][  0]LogConfig: Setting CVar [[grass.DensityScale:1.0]]
[2026.05.08-02.43.37:694][  0]LogConfig: Applying CVar settings from Section [ShadingQuality@3] File [C:/Users/2026/Documents/Unreal Projects/Facade/Saved/Config/Windows/Scalability.ini]
[2026.05.08-02.43.37:694][  0]LogConfig: Setting CVar [[r.HairStrands.SkyLighting.IntegrationType:2]]
[2026.05.08-02.43.37:694][  0]LogConfig: Setting CVar [[r.HairStrands.SkyAO.SampleCount:4]]
[2026.05.08-02.43.37:694][  0]LogConfig: Setting CVar [[r.HairStrands.Visibility.MSAA.SamplePerPixel:4]]
[2026.05.08-02.43.37:694][  0]LogConfig: Applying CVar settings from Section [Startup] File [../../../Engine/Config/ConsoleVariables.ini]
[2026.05.08-02.43.37:694][  0]LogConfig: Setting CVar [[net.UseAdaptiveNetUpdateFrequency:0]]
[2026.05.08-02.43.37:694][  0]LogConfig: Setting CVar [[p.chaos.AllowCreatePhysxBodies:1]]
[2026.05.08-02.43.37:694][  0]LogConfig: Setting CVar [[fx.SkipVectorVMBackendOptimizations:1]]
[2026.05.08-02.43.37:694][  0]LogConfig: Applying CVar settings from Section [ConsoleVariables] File [C:/Users/2026/Documents/Unreal Projects/Facade/Saved/Config/Windows/Engine.ini]
[2026.05.08-02.43.37:694][  0]LogConfig: Applying CVar settings from Section [ConsoleVariables] File [C:/Users/2026/Documents/Unreal Projects/Facade/Saved/Config/Windows/Editor.ini]
[2026.05.08-02.43.37:694][  0]LogInit: Computer: LAPTOP-590ECT4E
[2026.05.08-02.43.37:694][  0]LogInit: User: 2026
[2026.05.08-02.43.37:694][  0]LogInit: CPU Page size=4096, Cores=6
[2026.05.08-02.43.37:694][  0]LogInit: High frequency timer resolution =10.000000 MHz
[2026.05.08-02.43.37:694][  0]LogMemory: Memory total: Physical=15.3GB (16GB approx)
[2026.05.08-02.43.37:694][  0]LogMemory: Platform Memory Stats for Windows
[2026.05.08-02.43.37:694][  0]LogMemory: Process Physical Memory: 148.88 MB used, 148.88 MB peak
[2026.05.08-02.43.37:694][  0]LogMemory: Process Virtual Memory: 128.51 MB used, 128.51 MB peak
[2026.05.08-02.43.37:694][  0]LogMemory: Physical Memory: 8096.88 MB used,  7539.67 MB free, 15636.55 MB total
[2026.05.08-02.43.37:694][  0]LogMemory: Virtual Memory: 134200176.00 MB used,  17554.90 MB free, 134217728.00 MB total
[2026.05.08-02.43.37:701][  0]LogWindows: WindowsPlatformFeatures enabled
[2026.05.08-02.43.37:753][  0]LogInit: Physics initialised using underlying interface: PhysX
[2026.05.08-02.43.37:753][  0]LogInit: Using OS detected language (es-ES).
[2026.05.08-02.43.37:753][  0]LogInit: Using OS detected locale (es-ES).
[2026.05.08-02.43.37:758][  0]LogTextLocalizationManager: No specific localization for 'es-ES' exists, so the 'es' localization will be used.
[2026.05.08-02.43.37:782][  0]LogInit: Setting process to per monitor DPI aware
[2026.05.08-02.43.37:790][  0]LogWindowsTextInputMethodSystem: Display: IME system deactivated.
[2026.05.08-02.43.37:805][  0]LogSlate: New Slate User Created.  User Index 0, Is Virtual User: 0
[2026.05.08-02.43.37:806][  0]LogSlate: Slate User Registered.  User Index 0, Is Virtual User: 0
[2026.05.08-02.43.37:921][  0]LogD3D11RHI: Loaded GFSDK_Aftermath_Lib.x64.dll
[2026.05.08-02.43.37:994][  0]LogHMD: Failed to initialize OpenVR with code 110
[2026.05.08-02.43.37:994][  0]LogD3D11RHI: D3D11 min allowed feature level: 11_0
[2026.05.08-02.43.37:994][  0]LogD3D11RHI: D3D11 max allowed feature level: 11_0
[2026.05.08-02.43.37:994][  0]LogD3D11RHI: D3D11 adapters:
[2026.05.08-02.43.38:148][  0]LogD3D11RHI:    0. 'NVIDIA GeForce RTX 4050 Laptop GPU' (Feature Level 11_0)
[2026.05.08-02.43.38:148][  0]LogD3D11RHI:       5921/0/7818 MB DedicatedVideo/DedicatedSystem/SharedSystem, Outputs:1, VendorId:0x10de
[2026.05.08-02.43.38:238][  0]LogD3D11RHI:    1. 'AMD Radeon 740M Graphics' (Feature Level 11_0)
[2026.05.08-02.43.38:238][  0]LogD3D11RHI:       420/0/7818 MB DedicatedVideo/DedicatedSystem/SharedSystem, Outputs:0, VendorId:0x1002
[2026.05.08-02.43.38:243][  0]LogD3D11RHI:    2. 'Microsoft Basic Render Driver' (Feature Level 11_0)
[2026.05.08-02.43.38:243][  0]LogD3D11RHI:       0/0/7818 MB DedicatedVideo/DedicatedSystem/SharedSystem, Outputs:0, VendorId:0x1414
[2026.05.08-02.43.38:243][  0]LogD3D11RHI: Chosen D3D11 Adapter:
[2026.05.08-02.43.38:243][  0]LogD3D11RHI:     Description : NVIDIA GeForce RTX 4050 Laptop GPU
[2026.05.08-02.43.38:243][  0]LogD3D11RHI:     VendorId    : 10de
[2026.05.08-02.43.38:243][  0]LogD3D11RHI:     DeviceId    : 28e1
[2026.05.08-02.43.38:243][  0]LogD3D11RHI:     SubSysId    : 14f41043
[2026.05.08-02.43.38:243][  0]LogD3D11RHI:     Revision    : 00a1
[2026.05.08-02.43.38:243][  0]LogD3D11RHI:     DedicatedVideoMemory : 6208618496 bytes
[2026.05.08-02.43.38:243][  0]LogD3D11RHI:     DedicatedSystemMemory : 0 bytes
[2026.05.08-02.43.38:243][  0]LogD3D11RHI:     SharedSystemMemory : 8198057984 bytes
[2026.05.08-02.43.38:243][  0]LogD3D11RHI:     AdapterLuid : 0 75372
[2026.05.08-02.43.38:251][  0]LogD3D11RHI: Creating new Direct3DDevice
[2026.05.08-02.43.38:251][  0]LogD3D11RHI:     GPU DeviceId: 0x28e1 (for the marketing name, search the web for "GPU Device Id")
[2026.05.08-02.43.38:251][  0]LogWindows: EnumDisplayDevices:
[2026.05.08-02.43.38:251][  0]LogWindows:    0. 'AMD Radeon 740M Graphics' (P:1 D:1)
[2026.05.08-02.43.38:252][  0]LogWindows:    1. 'AMD Radeon 740M Graphics' (P:0 D:0)
[2026.05.08-02.43.38:252][  0]LogWindows:    2. 'AMD Radeon 740M Graphics' (P:0 D:0)
[2026.05.08-02.43.38:252][  0]LogWindows:    3. 'AMD Radeon 740M Graphics' (P:0 D:0)
[2026.05.08-02.43.38:252][  0]LogWindows:    4. 'AMD Radeon 740M Graphics' (P:0 D:0)
[2026.05.08-02.43.38:252][  0]LogWindows:    5. 'NVIDIA GeForce RTX 4050 Laptop GPU' (P:0 D:0)
[2026.05.08-02.43.38:252][  0]LogWindows:    6. 'NVIDIA GeForce RTX 4050 Laptop GPU' (P:0 D:0)
[2026.05.08-02.43.38:252][  0]LogWindows:    7. 'NVIDIA GeForce RTX 4050 Laptop GPU' (P:0 D:0)
[2026.05.08-02.43.38:253][  0]LogWindows:    8. 'NVIDIA GeForce RTX 4050 Laptop GPU' (P:0 D:0)
[2026.05.08-02.43.38:253][  0]LogWindows: DebugString: PrimaryIsNotTheChoosenAdapter PrimaryIsNotTheChoosenAdapter PrimaryIsNotTheChoosenAdapter PrimaryIsNotTheChoosenAdapter PrimaryIsNotTheChoosenAdapter FoundDriverCount:4 
[2026.05.08-02.43.38:253][  0]LogD3D11RHI:     Adapter Name: NVIDIA GeForce RTX 4050 Laptop GPU
[2026.05.08-02.43.38:253][  0]LogD3D11RHI:   Driver Version: 573.05 (internal:32.0.15.7305, unified:573.05)
[2026.05.08-02.43.38:253][  0]LogD3D11RHI:      Driver Date: 4-20-2025
[2026.05.08-02.43.38:253][  0]LogRHI: Texture pool is 4144 MB (70% of 5921 MB)
[2026.05.08-02.43.38:253][  0]LogD3D11RHI: Creating D3DDevice using adapter:
[2026.05.08-02.43.38:253][  0]LogD3D11RHI:     Description : NVIDIA GeForce RTX 4050 Laptop GPU
[2026.05.08-02.43.38:253][  0]LogD3D11RHI:     VendorId    : 10de
[2026.05.08-02.43.38:253][  0]LogD3D11RHI:     DeviceId    : 28e1
[2026.05.08-02.43.38:253][  0]LogD3D11RHI:     SubSysId    : 14f41043
[2026.05.08-02.43.38:253][  0]LogD3D11RHI:     Revision    : 00a1
[2026.05.08-02.43.38:253][  0]LogD3D11RHI:     DedicatedVideoMemory : 6208618496 bytes
[2026.05.08-02.43.38:253][  0]LogD3D11RHI:     DedicatedSystemMemory : 0 bytes
[2026.05.08-02.43.38:253][  0]LogD3D11RHI:     SharedSystemMemory : 8198057984 bytes
[2026.05.08-02.43.38:253][  0]LogD3D11RHI:     AdapterLuid : 0 75372
[2026.05.08-02.43.38:371][  0]LogD3D11RHI: RHI has support for 64 bit atomics
[2026.05.08-02.43.38:376][  0]LogD3D11RHI: Async texture creation enabled
[2026.05.08-02.43.38:376][  0]LogD3D11RHI: Array index from any shader is supported
[2026.05.08-02.43.38:393][  0]LogD3D11RHI: GPU Timing Frequency: 1000.000000 (Debug: 2 1)
[2026.05.08-02.43.38:429][  0]LogRHI: GeForceNow SDK initialized: 1
[2026.05.08-02.43.38:735][  0]LogTargetPlatformManager: Display: Loaded TargetPlatform 'AllDesktop'
[2026.05.08-02.43.38:755][  0]LogTargetPlatformManager: Display: Loaded TargetPlatform 'Android'
[2026.05.08-02.43.38:755][  0]LogTargetPlatformManager: Display: Loaded TargetPlatform 'Android_ASTC'
[2026.05.08-02.43.38:755][  0]LogTargetPlatformManager: Display: Loaded TargetPlatform 'Android_DXT'
[2026.05.08-02.43.38:755][  0]LogTargetPlatformManager: Display: Loaded TargetPlatform 'Android_ETC2'
[2026.05.08-02.43.38:755][  0]LogTargetPlatformManager: Display: Loaded TargetPlatform 'AndroidClient'
[2026.05.08-02.43.38:755][  0]LogTargetPlatformManager: Display: Loaded TargetPlatform 'Android_ASTCClient'
[2026.05.08-02.43.38:755][  0]LogTargetPlatformManager: Display: Loaded TargetPlatform 'Android_DXTClient'
[2026.05.08-02.43.38:755][  0]LogTargetPlatformManager: Display: Loaded TargetPlatform 'Android_ETC2Client'
[2026.05.08-02.43.38:755][  0]LogTargetPlatformManager: Display: Loaded TargetPlatform 'Android_Multi'
[2026.05.08-02.43.38:755][  0]LogTargetPlatformManager: Display: Loaded TargetPlatform 'Android_MultiClient'
[2026.05.08-02.43.38:772][  0]LogTargetPlatformManager: Display: Loaded TargetPlatform 'IOSClient'
[2026.05.08-02.43.38:772][  0]LogTargetPlatformManager: Display: Loaded TargetPlatform 'IOS'
[2026.05.08-02.43.38:780][  0]LogTargetPlatformManager: Display: Loaded TargetPlatform 'Linux'
[2026.05.08-02.43.38:784][  0]LogTargetPlatformManager: Display: Loaded TargetPlatform 'LinuxNoEditor'
[2026.05.08-02.43.38:790][  0]LogTargetPlatformManager: Display: Loaded TargetPlatform 'LinuxClient'
[2026.05.08-02.43.38:796][  0]LogTargetPlatformManager: Display: Loaded TargetPlatform 'LinuxServer'
[2026.05.08-02.43.38:804][  0]LogTargetPlatformManager: Display: Loaded TargetPlatform 'LinuxAArch64NoEditor'
[2026.05.08-02.43.38:809][  0]LogTargetPlatformManager: Display: Loaded TargetPlatform 'LinuxAArch64Client'
[2026.05.08-02.43.38:815][  0]LogTargetPlatformManager: Display: Loaded TargetPlatform 'LinuxAArch64Server'
[2026.05.08-02.43.38:837][  0]LogTargetPlatformManager: Display: Loaded TargetPlatform 'Lumin'
[2026.05.08-02.43.38:837][  0]LogTargetPlatformManager: Display: Loaded TargetPlatform 'LuminClient'
[2026.05.08-02.43.38:843][  0]LogTargetPlatformManager: Display: Loaded TargetPlatform 'MacNoEditor'
[2026.05.08-02.43.38:846][  0]LogTargetPlatformManager: Display: Loaded TargetPlatform 'Mac'
[2026.05.08-02.43.38:850][  0]LogTargetPlatformManager: Display: Loaded TargetPlatform 'MacClient'
[2026.05.08-02.43.38:853][  0]LogTargetPlatformManager: Display: Loaded TargetPlatform 'MacServer'
[2026.05.08-02.43.38:861][  0]LogTargetPlatformManager: Display: Loaded TargetPlatform 'TVOSClient'
[2026.05.08-02.43.38:862][  0]LogTargetPlatformManager: Display: Loaded TargetPlatform 'TVOS'
[2026.05.08-02.43.38:869][  0]LogTargetPlatformManager: Display: Loaded TargetPlatform 'WindowsNoEditor'
[2026.05.08-02.43.38:873][  0]LogTargetPlatformManager: Display: Loaded TargetPlatform 'Windows'
[2026.05.08-02.43.38:877][  0]LogTargetPlatformManager: Display: Loaded TargetPlatform 'WindowsClient'
[2026.05.08-02.43.38:881][  0]LogTargetPlatformManager: Display: Loaded TargetPlatform 'WindowsServer'
[2026.05.08-02.43.38:881][  0]LogTargetPlatformManager: Display: Building Assets For Windows
[2026.05.08-02.43.38:888][  0]LogAudioDebug: Display: Lib vorbis DLL was dynamically loaded.
[2026.05.08-02.43.38:927][  0]LogTextureFormatOodle: Display: Oodle Texture 2.9.0 init RDO Off
[2026.05.08-02.43.38:964][  0]LogRendererCore: Ray tracing is disabled. Reason: r.RayTracing=0.
[2026.05.08-02.43.38:964][  0]LogShaderCompilers: Guid format shader working directory is -17 characters bigger than the processId version (../../../../../../Users/2026/Documents/Unreal Projects/Facade/Intermediate/Shaders/WorkingDirectory/16520/).
[2026.05.08-02.43.38:964][  0]LogShaderCompilers: Cleaned the shader compiler working directory 'C:/Users/2026/AppData/Local/Temp/UnrealShaderWorkingDir/5D897BA843947DC45EF52FBD2086DF2B/'.
[2026.05.08-02.43.38:964][  0]LogXGEController: Cannot use XGE Controller as Incredibuild is not installed on this machine.
[2026.05.08-02.43.38:964][  0]LogShaderCompilers: Cannot use XGE Shader Compiler as Incredibuild is not installed on this machine.
[2026.05.08-02.43.38:964][  0]LogShaderCompilers: Display: Using Local Shader Compiler.
[2026.05.08-02.43.39:591][  0]LogDerivedDataCache: Display: Max Cache Size: 512 MB
[2026.05.08-02.43.39:641][  0]LogDerivedDataCache: Loaded boot cache 0.05s 94MB C:/Users/2026/AppData/Local/UnrealEngine/4.27/DerivedDataCache/Boot.ddc.
[2026.05.08-02.43.39:641][  0]LogDerivedDataCache: Display: Loaded Boot cache: C:/Users/2026/AppData/Local/UnrealEngine/4.27/DerivedDataCache/Boot.ddc
[2026.05.08-02.43.39:641][  0]LogDerivedDataCache: FDerivedDataBackendGraph:  Pak pak cache file ../../../../../../Users/2026/Documents/Unreal Projects/Facade/DerivedDataCache/DDC.ddp not found, will not use a pak cache.
[2026.05.08-02.43.39:641][  0]LogDerivedDataCache: Unable to find inner node Pak for hierarchical cache Hierarchy.
[2026.05.08-02.43.39:641][  0]LogDerivedDataCache: FDerivedDataBackendGraph:  CompressedPak pak cache file ../../../../../../Users/2026/Documents/Unreal Projects/Facade/DerivedDataCache/Compressed.ddp not found, will not use a pak cache.
[2026.05.08-02.43.39:641][  0]LogDerivedDataCache: Unable to find inner node CompressedPak for hierarchical cache Hierarchy.
[2026.05.08-02.43.39:662][  0]LogDerivedDataCache: Display: Pak cache opened for reading ../../../Engine/DerivedDataCache/Compressed.ddp.
[2026.05.08-02.43.39:662][  0]LogDerivedDataCache: FDerivedDataBackendGraph:  EnterprisePak pak cache file ../../../Enterprise/DerivedDataCache/Compressed.ddp not found, will not use a pak cache.
[2026.05.08-02.43.39:662][  0]LogDerivedDataCache: Unable to find inner node EnterprisePak for hierarchical cache Hierarchy.
[2026.05.08-02.43.39:673][  0]LogDerivedDataCache: Speed tests for C:/Users/2026/AppData/Local/UnrealEngine/Common/DerivedDataCache took 0.01 seconds
[2026.05.08-02.43.39:673][  0]LogDerivedDataCache: Display: Performance to C:/Users/2026/AppData/Local/UnrealEngine/Common/DerivedDataCache: Latency=0.02ms. RandomReadSpeed=1128.81MBs, RandomWriteSpeed=100.14MBs. Assigned SpeedClass 'Local'
[2026.05.08-02.43.39:676][  0]LogDerivedDataCache: Using Local data cache path C:/Users/2026/AppData/Local/UnrealEngine/Common/DerivedDataCache: Writable
[2026.05.08-02.43.39:677][  0]LogDerivedDataCache: Shared data cache path not found in *engine.ini, will not use an Shared cache.
[2026.05.08-02.43.39:677][  0]LogDerivedDataCache: Unable to find inner node Shared for hierarchical cache Hierarchy.
[2026.05.08-02.43.39:733][  0]LogSlate: Using FreeType 2.10.0
[2026.05.08-02.43.39:734][  0]LogSlate: SlateFontServices - WITH_FREETYPE: 1, WITH_HARFBUZZ: 1
[2026.05.08-02.43.39:760][  0]LogAssetRegistry: FAssetRegistry took 0.0034 seconds to start up
[2026.05.08-02.43.40:094][  0]LogInit: Selected Device Profile: [Windows]
[2026.05.08-02.43.40:094][  0]LogInit: Active device profile: [000001B925CB8900][000001B921566500 49] Windows
[2026.05.08-02.43.40:094][  0]LogInit: Profiles: [000001B925CB8900][000001B921566500 49] Windows, [000001B925C73800][000001B92156A640 49] WindowsNoEditor, [000001B925CBB500][000001B91EC86780 49] WindowsServer, [000001B925C70E00][000001B91EC8A8C0 49] WindowsClient, [000001B925CBB800][000001B926DAEA40 49] IOS, [000001B925C72800][000001B926DB2BC0 49] iPadAir, [000001B925CBA000][000001B926DB6D40 49] iPadAir2, [000001B925C10A00][000001B926DBF000 49] IPadPro, [000001B925C10B00][000001B926DBB040 49] iPadAir3, [000001B925C71800][000001B926DC31C0 49] iPadAir4, [000001B925C13400][000001B926DC7340 49] iPadMini2, [000001B925C72A00][000001B926DCB4C0 49] iPadMini3, [000001B925C11700][000001B926DCF640 49] iPadMini4, [000001B925CB9000][000001B926DD37C0 49] iPadMini5, [000001B925C50300][000001B926DDBA80 49] iPhone6, [000001B925C50400][000001B926DD7AC0 49] iPodTouch6, [000001B925C13600][000001B926DE2200 49] iPhone7, [000001B925C11800][000001B926DDE240 49] iPodTouch7, [000001B925C53F00][000001B926DE63C0 49] iPhone5S, [000001B925C72300][000001B926DEA540 49] iPhone6Plus, [000001B925C10200][000001B926DEE6C0 49] iPhone6S, [000001B925C72200][000001B91EC9E800 49] iPhone6SPlus, [000001B925C13C00][000001B926DF2940 49] iPhone7Plus, [000001B925C70100][000001B926DF6A80 49] iPhoneSE, [000001B925C13500][000001B926DFABC0 49] iPhone8, [000001B925C71E00][000001B926E02D40 49] iPhone8Plus, [000001B925C11000][000001B926E06EC0 49] iPhoneX, [000001B925C70A00][000001B926E0B040 49] iPhoneXS, [000001B925C11200][000001B926E0F1C0 49] iPhoneXSMax, [000001B925C71500][000001B926E13340 49] iPhoneXR, [000001B925C13700][000001B926E174C0 49] iPhone11, [000001B925C70D00][000001B926E1B640 49] iPhone11Pro, [000001B925C13800][000001B926E1F7C0 49] iPhone11ProMax, [000001B925C70F00][000001B926E23940 49] iPhoneSE2, [000001B925C12E00][000001B926E27AC0 49] iPhone12Mini, [000001B925C73100][000001B926E2A0C0 49] iPhone12, [000001B925C12B00][000001B926E2E240 49] iPhone12Pro, [000001B925C70800][000001B926E323C0 49] iPhone12ProMax, [000001B925C12300][000001B926E36540 49] iPadPro105, [000001B925C72F00][000001B926E3A6C0 49] iPadPro129, [000001B925C12000][000001B926E3E840 49] iPadPro97, [000001B925C71300][000001B926DFE980 49] iPadPro2_129, [000001B925C11A00][000001B926E42AC0 49] iPad5, [000001B925C71A00][000001B926E46C00 49] iPad6, [000001B925C12800][000001B926E4AD40 49] iPad7, [000001B925C70C00][000001B926E52EC0 49] iPad8, [000001B925C13200][000001B926E57040 49] iPadPro11, [000001B925C71600][000001B926E5B1C0 49] iPadPro2_11, [000001B925C11C00][000001B926E5F340 49] iPadPro3_129, [000001B925C73900][000001B926E634C0 49] iPadPro4_129, [000001B925C11500][000001B926E67640 49] AppleTV, [000001B925C70300][000001B926E6B7C0 49] AppleTV4K, [000001B925C10100][000001B926E6F940 49] TVOS, [000001B925C72400][000001B926E73AC0 49] Mac, [000001B925C12100][000001B926E760C0 49] MacClient, [000001B925C73400][000001B926E7A240 49] MacNoEditor, [000001B925C11F00][000001B926E7E3C0 49] MacServer, [000001B925C70600][000001B926E82540 49] Linux, [000001B925C12200][000001B926E866C0 49] LinuxAArch64, [000001B925C73600][000001B926E8A840 49] LinuxNoEditor, [000001B925C11D00][000001B926E8E9C0 49] LinuxAArch64NoEditor, [000001B925C71400][000001B926E92B40 49] LinuxClient, [000001B925C13100][000001B926E4EC80 49] LinuxAArch64Client, [000001B925C71900][000001B926E96DC0 49] LinuxServer, [000001B925C13000][000001B926E9AF00 49] LinuxAArch64Server, [000001B925C72600][000001B926EA3080 49] Android, [000001B925C10700][000001B926EA7200 49] Android_Low, [000001B925C71B00][000001B926EAB380 49] Android_Mid, [000001B925CBBA00][000001B926EAF500 49] Android_High, [000001B925C51C00][000001B926EB7680 49] Android_Default, [000001B925CBA100][000001B926ED9800 49] Android_Adreno4xx, [000001B925C52700][000001B926EEF980 49] Android_Adreno5xx_Low, [000001B925CB8B00][000001B926EF3B00 49] Android_Adreno5xx, [000001B925C52D00][000001B926EF6100 49] Android_Adreno6xx, [000001B925CB9200][000001B926EFA280 49] Android_Adreno6xx_Vulkan, [000001B925C52800][000001B926EFE400 49] Android_Mali_T6xx, [000001B925CBB200][000001B926F02580 49] Android_Mali_T7xx, [000001B925C52E00][000001B926F06700 49] Android_Mali_T8xx, [000001B925CBA500][000001B926F0A880 49] Android_Mali_G71, [000001B925C53E00][000001B926F0EA00 49] Android_Mali_G72, [000001B925CBAA00][000001B926F12B80 49] Android_Mali_G72_Vulkan, [000001B925C51B00][000001B926F16D00 49] Android_Mali_G76, [000001B925CB9B00][000001B926E9EE40 49] Android_Mali_G76_Vulkan, [000001B925C53D00][000001B926F1AF80 49] Android_Mali_G77, [000001B925CBAD00][000001B926F1F0C0 49] Android_Mali_G77_Vulkan, [000001B925C53900][000001B926F27240 49] Android_Mali_G78, [000001B925CB8D00][000001B926F2B3C0 49] Android_Mali_G78_Vulkan, [000001B925C50500][000001B926F2F540 49] Android_Mali_G710, [000001B925CBAB00][000001B926F336C0 49] Android_Mali_G710_Vulkan, [000001B925C53500][000001B926F37840 49] Android_Vulkan_SM5, [000001B925CBB400][000001B926F3B9C0 49] Android_PowerVR_G6xxx, [000001B925C52400][000001B926F3FB40 49] Android_PowerVR_GT7xxx, [000001B925CBBC00][000001B926F42140 49] Android_PowerVR_GE8xxx, [000001B925C52200][000001B926F462C0 49] Android_PowerVR_GM9xxx, [000001B925CBB000][000001B926F4A440 49] Android_PowerVR_GM9xxx_Vulkan, [000001B925C51500][000001B926F4E5C0 49] Android_TegraK1, [000001B925CB9100][000001B926F52740 49] Android_Unknown_Vulkan, [000001B925C73D00][000001B926F568C0 49] Lumin, [000001B925CBA900][000001B926F5AA40 49] Lumin_Desktop, [000001B925C73E00][000001B926F5EBC0 49] HoloLens, 
[2026.05.08-02.43.40:288][  0]LogMeshReduction: Using QuadricMeshReduction for automatic static mesh reduction
[2026.05.08-02.43.40:288][  0]LogMeshReduction: Using SimplygonMeshReduction for automatic skeletal mesh reduction
[2026.05.08-02.43.40:288][  0]LogMeshReduction: Using ProxyLODMeshReduction for automatic mesh merging
[2026.05.08-02.43.40:288][  0]LogMeshReduction: No distributed automatic mesh merging module available
[2026.05.08-02.43.40:289][  0]LogMeshMerging: No distributed automatic mesh merging module available
[2026.05.08-02.43.40:316][  0]LogNetVersion: Facade 1.0.0, NetCL: 17155196, EngineNetVer: 17, GameNetVer: 0 (Checksum: 3346877052)
[2026.05.08-02.43.40:887][  0]LogTexture: Default maximum texture size for cubemaps generated from long-lat sources has been changed from 512 to unlimited. In order to preserve old behaiour for '/Engine/MapTemplates/Sky/DaylightAmbientCubemap.DaylightAmbientCubemap', its maximum texture size has been explicitly set to 512.
[2026.05.08-02.43.40:968][  0]LogHMD: PokeAHoleMaterial loaded successfully
[2026.05.08-02.43.40:978][  0]LogUObjectArray: 17178 objects as part of root set at end of initial load.
[2026.05.08-02.43.40:978][  0]LogUObjectAllocator: 4302048 out of 0 bytes used by permanent object pool.
[2026.05.08-02.43.40:978][  0]LogUObjectArray: CloseDisregardForGC: 0/0 objects in disregard for GC pool
[2026.05.08-02.43.41:472][  0]LogNiagaraDebuggerClient: Niagara Debugger Client Initialized | Session: BB0E3D6B4D784D41F1ACDF84AB1938E8 | Instance: 54FD7C9142614102F31107B9123D32FE (LAPTOP-590ECT4E-16520).
[2026.05.08-02.43.41:684][  0]LogTcpMessaging: Initializing TcpMessaging bridge
[2026.05.08-02.43.41:721][  0]LogUdpMessaging: Initializing bridge on interface 0.0.0.0:0 to multicast group 230.0.0.1:6666.
[2026.05.08-02.43.41:752][  0]LogPython: Using Python 3.7.7
[2026.05.08-02.43.42:926][  0]SourceControl: El control de código fuente está desactivado
[2026.05.08-02.43.42:926][  0]SourceControl: El control de código fuente está desactivado
[2026.05.08-02.43.42:930][  0]SourceControl: El control de código fuente está desactivado
[2026.05.08-02.43.42:934][  0]SourceControl: El control de código fuente está desactivado
[2026.05.08-02.43.42:944][  0]SourceControl: El control de código fuente está desactivado
[2026.05.08-02.43.42:950][  0]LogUProjectInfo: Found projects:
[2026.05.08-02.43.43:129][  0]LogOpenImageDenoise: OIDN starting up
[2026.05.08-02.43.43:162][  0]LogAndroidPermission: UAndroidPermissionCallbackProxy::GetInstance
[2026.05.08-02.43.43:184][  0]LogAudioCaptureCore: Display: No Audio Capture implementations found. Audio input will be silent.
[2026.05.08-02.43.43:184][  0]LogAudioCaptureCore: Display: No Audio Capture implementations found. Audio input will be silent.
[2026.05.08-02.43.43:324][  0]LogCollectionManager: Loaded 0 collections in 0.001565 seconds
[2026.05.08-02.43.43:354][  0]LogFileCache: Scanning file cache for directory 'C:/Users/2026/Documents/Unreal Projects/Facade/Saved/Collections/' took 0.00s
[2026.05.08-02.43.43:354][  0]LogFileCache: Scanning file cache for directory 'C:/Users/2026/Documents/Unreal Projects/Facade/Content/Developers/2026/Collections/' took 0.00s
[2026.05.08-02.43.43:354][  0]LogFileCache: Scanning file cache for directory 'C:/Users/2026/Documents/Unreal Projects/Facade/Content/Collections/' took 0.00s
[2026.05.08-02.43.43:354][  0]LogOcInput: OculusInput pre-init called
[2026.05.08-02.43.43:606][  0]LogEngine: Initializing Engine...
[2026.05.08-02.43.43:611][  0]LogHMD: Failed to enumerate extensions. Please check that you have a valid OpenXR runtime installed.
[2026.05.08-02.43.43:612][  0]LogHMD: Failed to initialize OpenVR with code 110
[2026.05.08-02.43.43:612][  0]LogMagicLeap: Warning: VR disabled because ZI is not enabled.  To enable, in the editor, Edit -> Project Settings -> Plugins -> Magic Leap Plugin -> Enable Zero Iteration
[2026.05.08-02.43.43:613][  0]LogStats: UGameplayTagsManager::InitializeManager -  0.000 s
[2026.05.08-02.43.43:768][  0]LogInit: Initializing FReadOnlyCVARCache
[2026.05.08-02.43.43:780][  0]LogAIModule: Creating AISystem for world Untitled
[2026.05.08-02.43.43:780][  0]LogAudio: Display: Initializing Audio Device Manager...
[2026.05.08-02.43.43:785][  0]LogAudio: Display: Loading Default Audio Settings Objects...
[2026.05.08-02.43.43:786][  0]LogAudio: Display: No default SoundConcurrencyObject specified (or failed to load).
[2026.05.08-02.43.43:786][  0]LogAudio: Display: Audio Device Manager Initialized
[2026.05.08-02.43.43:786][  0]LogAudio: Display: Creating Audio Device:                 Id: 1, Scope: Shared, Realtime: True
[2026.05.08-02.43.43:786][  0]LogAudioMixer: Display: Audio Mixer Platform Settings:
[2026.05.08-02.43.43:786][  0]LogAudioMixer: Display: 	Sample Rate:						  48000
[2026.05.08-02.43.43:786][  0]LogAudioMixer: Display: 	Callback Buffer Frame Size Requested: 1024
[2026.05.08-02.43.43:786][  0]LogAudioMixer: Display: 	Callback Buffer Frame Size To Use:	  1024
[2026.05.08-02.43.43:786][  0]LogAudioMixer: Display: 	Number of buffers to queue:			  2
[2026.05.08-02.43.43:786][  0]LogAudioMixer: Display: 	Max Channels (voices):				  32
[2026.05.08-02.43.43:786][  0]LogAudioMixer: Display: 	Number of Async Source Workers:		  0
[2026.05.08-02.43.43:786][  0]LogAudio: Display: AudioDevice MaxSources: 32
[2026.05.08-02.43.43:787][  0]LogAudio: Display: Audio Spatialization Plugin: None (built-in).
[2026.05.08-02.43.43:787][  0]LogAudio: Display: Audio Reverb Plugin: None (built-in).
[2026.05.08-02.43.43:787][  0]LogAudio: Display: Audio Occlusion Plugin: None (built-in).
[2026.05.08-02.43.43:787][  0]LogAudioMixer: Display: Initializing audio mixer.
[2026.05.08-02.43.43:799][  0]LogAudioMixer: Display: 0: FrontLeft
[2026.05.08-02.43.43:799][  0]LogAudioMixer: Display: 1: FrontRight
[2026.05.08-02.43.44:275][  0]LogAudioMixer: Display: Using Audio Device Speakers (Realtek(R) Audio)
[2026.05.08-02.43.44:277][  0]LogAudioMixer: Display: Initializing Sound Submixes...
[2026.05.08-02.43.44:281][  0]LogAudioMixer: Display: Creating Master Submix 'MasterSubmixDefault'
[2026.05.08-02.43.44:281][  0]LogAudioMixer: Display: Creating Master Submix 'MasterReverbSubmixDefault'
[2026.05.08-02.43.44:282][  0]LogAudioMixer: Display: Creating Master Submix 'MasterEQSubmixDefault'
[2026.05.08-02.43.44:282][  0]LogAudioMixer: FMixerPlatformXAudio2::StartAudioStream() called
[2026.05.08-02.43.44:282][  0]LogAudioMixer: Display: Output buffers initialized: Frames=1024, Channels=2, Samples=2048
[2026.05.08-02.43.44:283][  0]LogAudioMixer: Display: Starting AudioMixerPlatformInterface::RunInternal()
[2026.05.08-02.43.44:283][  0]LogAudioMixer: Display: FMixerPlatformXAudio2::SubmitBuffer() called for the first time
[2026.05.08-02.43.44:283][  0]LogInit: FAudioDevice initialized.
[2026.05.08-02.43.44:283][  0]LogAudio: Display: Audio Device (ID: 1) registered with world 'Untitled'.
[2026.05.08-02.43.44:283][  0]LogNetVersion: Set ProjectVersion to 1.0.0.0. Version Checksum will be recalculated on next use.
[2026.05.08-02.43.44:332][  0]LogDerivedDataCache: Saved boot cache 0.05s 94MB C:/Users/2026/AppData/Local/UnrealEngine/4.27/DerivedDataCache/Boot.ddc.
[2026.05.08-02.43.44:333][  0]LogInit: Texture streaming: Enabled
[2026.05.08-02.43.44:345][  0]LogAnalytics: Display: [UEEditor.Rocket.Release] APIServer = https://datarouter.ol.epicgames.com/. AppVersion = 4.27.2-18319896+++UE4+Release-4.27
[2026.05.08-02.43.44:348][  0]LogEngineSessionManager: EngineSessionManager initialized
[2026.05.08-02.43.44:348][  0]LogEditorSessionSummary: Verbose: Initializing EditorSessionSummaryWriter for editor session tracking
[2026.05.08-02.43.44:351][  0]LogEditorSessionSummary: EditorSessionSummaryWriter initialized
[2026.05.08-02.43.44:369][  0]LogInit: Transaction tracking system initialized
[2026.05.08-02.43.44:391][  0]BlueprintLog: New page: Cargar el editor
[2026.05.08-02.43.44:492][  0]LocalizationService: Localization service is disabled
[2026.05.08-02.43.44:516][  0]TimingProfiler: Initialize
[2026.05.08-02.43.44:516][  0]TimingProfiler: OnSessionChanged
[2026.05.08-02.43.44:516][  0]LoadingProfiler: Initialize
[2026.05.08-02.43.44:516][  0]LoadingProfiler: OnSessionChanged
[2026.05.08-02.43.44:516][  0]NetworkingProfiler: Initialize
[2026.05.08-02.43.44:516][  0]NetworkingProfiler: OnSessionChanged
[2026.05.08-02.43.44:516][  0]MemoryProfiler: Initialize
[2026.05.08-02.43.44:516][  0]MemoryProfiler: OnSessionChanged
[2026.05.08-02.43.44:704][  0]LogCook: Display: CookSettings for Memory: MemoryMaxUsedVirtual 0MiB, MemoryMaxUsedPhysical 16384MiB, MemoryMinFreeVirtual 0MiB, MemoryMinFreePhysical 1024MiB
[2026.05.08-02.43.44:704][  0]LogCook: Display: Mobile HDR setting 1
[2026.05.08-02.43.44:890][  0]LogFileCache: Scanning file cache for directory 'C:/Users/2026/Documents/Unreal Projects/Facade/Content/' took 0.00s
[2026.05.08-02.43.45:054][  0]LogInit: Display: Engine is initialized. Leaving FEngineLoop::Init()
[2026.05.08-02.43.45:058][  0]SourceControl: El control de código fuente está desactivado
[2026.05.08-02.43.45:058][  0]LogUnrealEdMisc: Loading editor; pre map load, took 8.223
[2026.05.08-02.43.45:059][  0]LogFactory: FactoryCreateFile: PackFactory with PackFactory (0 0 C:/Program Files/Epic Games/UE_4.27/FeaturePacks/StarterContent.upack)
[2026.05.08-02.43.45:059][  0]LogPakFile: PakFile PrimaryIndexSize=185
[2026.05.08-02.43.45:059][  0]LogPakFile: PakFile PathHashIndexSize=101
[2026.05.08-02.43.45:059][  0]LogPakFile: PakFile FullDirectoryIndexSize=148
[2026.05.08-02.43.45:071][  0]LogPackFactory: Finished extracting 8 files (including 0 errors).
[2026.05.08-02.43.45:080][  0]LogPackFactory: Copied "../../../Samples/StarterContent/Content/StarterContent/Architecture/Floor_400x400.uasset" to "../../../../../../Users/2026/Documents/Unreal Projects/Facade/Content/StarterContent/Architecture/Floor_400x400.uasset"
[2026.05.08-02.43.45:086][  0]LogPackFactory: Copied "../../../Samples/StarterContent/Content/StarterContent/Architecture/Pillar_50x500.uasset" to "../../../../../../Users/2026/Documents/Unreal Projects/Facade/Content/StarterContent/Architecture/Pillar_50x500.uasset"
[2026.05.08-02.43.45:094][  0]LogPackFactory: Copied "../../../Samples/StarterContent/Content/StarterContent/Architecture/SM_AssetPlatform.uasset" to "../../../../../../Users/2026/Documents/Unreal Projects/Facade/Content/StarterContent/Architecture/SM_AssetPlatform.uasset"
[2026.05.08-02.43.45:101][  0]LogPackFactory: Copied "../../../Samples/StarterContent/Content/StarterContent/Architecture/Wall_400x200.uasset" to "../../../../../../Users/2026/Documents/Unreal Projects/Facade/Content/StarterContent/Architecture/Wall_400x200.uasset"
[2026.05.08-02.43.45:107][  0]LogPackFactory: Copied "../../../Samples/StarterContent/Content/StarterContent/Architecture/Wall_400x300.uasset" to "../../../../../../Users/2026/Documents/Unreal Projects/Facade/Content/StarterContent/Architecture/Wall_400x300.uasset"
[2026.05.08-02.43.45:113][  0]LogPackFactory: Copied "../../../Samples/StarterContent/Content/StarterContent/Architecture/Wall_400x400.uasset" to "../../../../../../Users/2026/Documents/Unreal Projects/Facade/Content/StarterContent/Architecture/Wall_400x400.uasset"
[2026.05.08-02.43.45:119][  0]LogPackFactory: Copied "../../../Samples/StarterContent/Content/StarterContent/Architecture/Wall_500x500.uasset" to "../../../../../../Users/2026/Documents/Unreal Projects/Facade/Content/StarterContent/Architecture/Wall_500x500.uasset"
[2026.05.08-02.43.45:126][  0]LogPackFactory: Copied "../../../Samples/StarterContent/Content/StarterContent/Architecture/Wall_Door_400x300.uasset" to "../../../../../../Users/2026/Documents/Unreal Projects/Facade/Content/StarterContent/Architecture/Wall_Door_400x300.uasset"
[2026.05.08-02.43.45:133][  0]LogPackFactory: Copied "../../../Samples/StarterContent/Content/StarterContent/Architecture/Wall_Door_400x400.uasset" to "../../../../../../Users/2026/Documents/Unreal Projects/Facade/Content/StarterContent/Architecture/Wall_Door_400x400.uasset"
[2026.05.08-02.43.45:140][  0]LogPackFactory: Copied "../../../Samples/StarterContent/Content/StarterContent/Architecture/Wall_Window_400x300.uasset" to "../../../../../../Users/2026/Documents/Unreal Projects/Facade/Content/StarterContent/Architecture/Wall_Window_400x300.uasset"
[2026.05.08-02.43.45:147][  0]LogPackFactory: Copied "../../../Samples/StarterContent/Content/StarterContent/Architecture/Wall_Window_400x400.uasset" to "../../../../../../Users/2026/Documents/Unreal Projects/Facade/Content/StarterContent/Architecture/Wall_Window_400x400.uasset"
[2026.05.08-02.43.45:155][  0]LogPackFactory: Copied "../../../Samples/StarterContent/Content/StarterContent/Audio/Collapse01.uasset" to "../../../../../../Users/2026/Documents/Unreal Projects/Facade/Content/StarterContent/Audio/Collapse01.uasset"
[2026.05.08-02.43.45:163][  0]LogPackFactory: Copied "../../../Samples/StarterContent/Content/StarterContent/Audio/Collapse02.uasset" to "../../../../../../Users/2026/Documents/Unreal Projects/Facade/Content/StarterContent/Audio/Collapse02.uasset"
[2026.05.08-02.43.45:170][  0]LogPackFactory: Copied "../../../Samples/StarterContent/Content/StarterContent/Audio/Collapse_Cue.uasset" to "../../../../../../Users/2026/Documents/Unreal Projects/Facade/Content/StarterContent/Audio/Collapse_Cue.uasset"
[2026.05.08-02.43.45:177][  0]LogPackFactory: Copied "../../../Samples/StarterContent/Content/StarterContent/Audio/Explosion01.uasset" to "../../../../../../Users/2026/Documents/Unreal Projects/Facade/Content/StarterContent/Audio/Explosion01.uasset"
[2026.05.08-02.43.45:185][  0]LogPackFactory: Copied "../../../Samples/StarterContent/Content/StarterContent/Audio/Explosion02.uasset" to "../../../../../../Users/2026/Documents/Unreal Projects/Facade/Content/StarterContent/Audio/Explosion02.uasset"
[2026.05.08-02.43.45:192][  0]LogPackFactory: Copied "../../../Samples/StarterContent/Content/StarterContent/Audio/Explosion_Cue.uasset" to "../../../../../../Users/2026/Documents/Unreal Projects/Facade/Content/StarterContent/Audio/Explosion_Cue.uasset"
[2026.05.08-02.43.45:200][  0]LogPackFactory: Copied "../../../Samples/StarterContent/Content/StarterContent/Audio/Fire01.uasset" to "../../../../../../Users/2026/Documents/Unreal Projects/Facade/Content/StarterContent/Audio/Fire01.uasset"
[2026.05.08-02.43.45:206][  0]LogPackFactory: Copied "../../../Samples/StarterContent/Content/StarterContent/Audio/Fire01_Cue.uasset" to "../../../../../../Users/2026/Documents/Unreal Projects/Facade/Content/StarterContent/Audio/Fire01_Cue.uasset"
[2026.05.08-02.43.45:215][  0]LogPackFactory: Copied "../../../Samples/StarterContent/Content/StarterContent/Audio/Fire_Sparks01.uasset" to "../../../../../../Users/2026/Documents/Unreal Projects/Facade/Content/StarterContent/Audio/Fire_Sparks01.uasset"
[2026.05.08-02.43.45:221][  0]LogPackFactory: Copied "../../../Samples/StarterContent/Content/StarterContent/Audio/Fire_Sparks01_Cue.uasset" to "../../../../../../Users/2026/Documents/Unreal Projects/Facade/Content/StarterContent/Audio/Fire_Sparks01_Cue.uasset"
[2026.05.08-02.43.45:228][  0]LogPackFactory: Copied "../../../Samples/StarterContent/Content/StarterContent/Audio/Light01.uasset" to "../../../../../../Users/2026/Documents/Unreal Projects/Facade/Content/StarterContent/Audio/Light01.uasset"
[2026.05.08-02.43.45:235][  0]LogPackFactory: Copied "../../../Samples/StarterContent/Content/StarterContent/Audio/Light01_Cue.uasset" to "../../../../../../Users/2026/Documents/Unreal Projects/Facade/Content/StarterContent/Audio/Light01_Cue.uasset"
[2026.05.08-02.43.45:241][  0]LogPackFactory: Copied "../../../Samples/StarterContent/Content/StarterContent/Audio/Light02.uasset" to "../../../../../../Users/2026/Documents/Unreal Projects/Facade/Content/StarterContent/Audio/Light02.uasset"
[2026.05.08-02.43.45:248][  0]LogPackFactory: Copied "../../../Samples/StarterContent/Content/StarterContent/Audio/Light02_Cue.uasset" to "../../../../../../Users/2026/Documents/Unreal Projects/Facade/Content/StarterContent/Audio/Light02_Cue.uasset"
[2026.05.08-02.43.45:255][  0]LogPackFactory: Copied "../../../Samples/StarterContent/Content/StarterContent/Audio/Smoke01.uasset" to "../../../../../../Users/2026/Documents/Unreal Projects/Facade/Content/StarterContent/Audio/Smoke01.uasset"
[2026.05.08-02.43.45:263][  0]LogPackFactory: Copied "../../../Samples/StarterContent/Content/StarterContent/Audio/Smoke01_Cue.uasset" to "../../../../../../Users/2026/Documents/Unreal Projects/Facade/Content/StarterContent/Audio/Smoke01_Cue.uasset"
[2026.05.08-02.43.45:269][  0]LogPackFactory: Copied "../../../Samples/StarterContent/Content/StarterContent/Audio/Starter_Background_Cue.uasset" to "../../../../../../Users/2026/Documents/Unreal Projects/Facade/Content/StarterContent/Audio/Starter_Background_Cue.uasset"
[2026.05.08-02.43.45:278][  0]LogPackFactory: Copied "../../../Samples/StarterContent/Content/StarterContent/Audio/Starter_Birds01.uasset" to "../../../../../../Users/2026/Documents/Unreal Projects/Facade/Content/StarterContent/Audio/Starter_Birds01.uasset"
[2026.05.08-02.43.45:291][  0]LogPackFactory: Copied "../../../Samples/StarterContent/Content/StarterContent/Audio/Starter_Music01.uasset" to "../../../../../../Users/2026/Documents/Unreal Projects/Facade/Content/StarterContent/Audio/Starter_Music01.uasset"
[2026.05.08-02.43.45:293][  0]LogPackFactory: Copied "../../../Samples/StarterContent/Content/StarterContent/Audio/Starter_Music_Cue.uasset" to "../../../../../../Users/2026/Documents/Unreal Projects/Facade/Content/StarterContent/Audio/Starter_Music_Cue.uasset"
[2026.05.08-02.43.45:301][  0]LogPackFactory: Copied "../../../Samples/StarterContent/Content/StarterContent/Audio/Starter_Wind05.uasset" to "../../../../../../Users/2026/Documents/Unreal Projects/Facade/Content/StarterContent/Audio/Starter_Wind05.uasset"
[2026.05.08-02.43.45:310][  0]LogPackFactory: Copied "../../../Samples/StarterContent/Content/StarterContent/Audio/Starter_Wind06.uasset" to "../../../../../../Users/2026/Documents/Unreal Projects/Facade/Content/StarterContent/Audio/Starter_Wind06.uasset"
[2026.05.08-02.43.45:317][  0]LogPackFactory: Copied "../../../Samples/StarterContent/Content/StarterContent/Audio/Steam01.uasset" to "../../../../../../Users/2026/Documents/Unreal Projects/Facade/Content/StarterContent/Audio/Steam01.uasset"
[2026.05.08-02.43.45:323][  0]LogPackFactory: Copied "../../../Samples/StarterContent/Content/StarterContent/Audio/Steam01_Cue.uasset" to "../../../../../../Users/2026/Documents/Unreal Projects/Facade/Content/StarterContent/Audio/Steam01_Cue.uasset"
[2026.05.08-02.43.45:331][  0]LogPackFactory: Copied "../../../Samples/StarterContent/Content/StarterContent/Blueprints/Blueprint_CeilingLight.uasset" to "../../../../../../Users/2026/Documents/Unreal Projects/Facade/Content/StarterContent/Blueprints/Blueprint_CeilingLight.uasset"
[2026.05.08-02.43.45:338][  0]LogPackFactory: Copied "../../../Samples/StarterContent/Content/StarterContent/Blueprints/Blueprint_Effect_Explosion.uasset" to "../../../../../../Users/2026/Documents/Unreal Projects/Facade/Content/StarterContent/Blueprints/Blueprint_Effect_Explosion.uasset"
[2026.05.08-02.43.45:346][  0]LogPackFactory: Copied "../../../Samples/StarterContent/Content/StarterContent/Blueprints/Blueprint_Effect_Fire.uasset" to "../../../../../../Users/2026/Documents/Unreal Projects/Facade/Content/StarterContent/Blueprints/Blueprint_Effect_Fire.uasset"
[2026.05.08-02.43.45:352][  0]LogPackFactory: Copied "../../../Samples/StarterContent/Content/StarterContent/Blueprints/Blueprint_Effect_Smoke.uasset" to "../../../../../../Users/2026/Documents/Unreal Projects/Facade/Content/StarterContent/Blueprints/Blueprint_Effect_Smoke.uasset"
[2026.05.08-02.43.45:358][  0]LogPackFactory: Copied "../../../Samples/StarterContent/Content/StarterContent/Blueprints/Blueprint_Effect_Sparks.uasset" to "../../../../../../Users/2026/Documents/Unreal Projects/Facade/Content/StarterContent/Blueprints/Blueprint_Effect_Sparks.uasset"
[2026.05.08-02.43.45:364][  0]LogPackFactory: Copied "../../../Samples/StarterContent/Content/StarterContent/Blueprints/Blueprint_Effect_Steam.uasset" to "../../../../../../Users/2026/Documents/Unreal Projects/Facade/Content/StarterContent/Blueprints/Blueprint_Effect_Steam.uasset"
[2026.05.08-02.43.45:371][  0]LogPackFactory: Copied "../../../Samples/StarterContent/Content/StarterContent/Blueprints/Blueprint_WallSconce.uasset" to "../../../../../../Users/2026/Documents/Unreal Projects/Facade/Content/StarterContent/Blueprints/Blueprint_WallSconce.uasset"
[2026.05.08-02.43.45:377][  0]LogPackFactory: Copied "../../../Samples/StarterContent/Content/StarterContent/Blueprints/BP_LightStudio.uasset" to "../../../../../../Users/2026/Documents/Unreal Projects/Facade/Content/StarterContent/Blueprints/BP_LightStudio.uasset"
[2026.05.08-02.43.45:385][  0]LogPackFactory: Copied "../../../Samples/StarterContent/Content/StarterContent/Blueprints/Assets/FogBrightnessLUT.uasset" to "../../../../../../Users/2026/Documents/Unreal Projects/Facade/Content/StarterContent/Blueprints/Assets/FogBrightnessLUT.uasset"
[2026.05.08-02.43.45:392][  0]LogPackFactory: Copied "../../../Samples/StarterContent/Content/StarterContent/Blueprints/Assets/M_LightStage_Arrows.uasset" to "../../../../../../Users/2026/Documents/Unreal Projects/Facade/Content/StarterContent/Blueprints/Assets/M_LightStage_Arrows.uasset"
[2026.05.08-02.43.45:399][  0]LogPackFactory: Copied "../../../Samples/StarterContent/Content/StarterContent/Blueprints/Assets/M_LightStage_Skybox_Black.uasset" to "../../../../../../Users/2026/Documents/Unreal Projects/Facade/Content/StarterContent/Blueprints/Assets/M_LightStage_Skybox_Black.uasset"
[2026.05.08-02.43.45:405][  0]LogPackFactory: Copied "../../../Samples/StarterContent/Content/StarterContent/Blueprints/Assets/M_LightStage_Skybox_HDRI.uasset" to "../../../../../../Users/2026/Documents/Unreal Projects/Facade/Content/StarterContent/Blueprints/Assets/M_LightStage_Skybox_HDRI.uasset"
[2026.05.08-02.43.45:412][  0]LogPackFactory: Copied "../../../Samples/StarterContent/Content/StarterContent/Blueprints/Assets/M_LightStage_Skybox_Master.uasset" to "../../../../../../Users/2026/Documents/Unreal Projects/Facade/Content/StarterContent/Blueprints/Assets/M_LightStage_Skybox_Master.uasset"
[2026.05.08-02.43.45:418][  0]LogPackFactory: Copied "../../../Samples/StarterContent/Content/StarterContent/Blueprints/Assets/Skybox.uasset" to "../../../../../../Users/2026/Documents/Unreal Projects/Facade/Content/StarterContent/Blueprints/Assets/Skybox.uasset"
[2026.05.08-02.43.45:426][  0]LogPackFactory: Copied "../../../Samples/StarterContent/Content/StarterContent/Blueprints/Assets/SM_Arrows.uasset" to "../../../../../../Users/2026/Documents/Unreal Projects/Facade/Content/StarterContent/Blueprints/Assets/SM_Arrows.uasset"
[2026.05.08-02.43.45:432][  0]LogPackFactory: Copied "../../../Samples/StarterContent/Content/StarterContent/Blueprints/Assets/SunlightColorLUT.uasset" to "../../../../../../Users/2026/Documents/Unreal Projects/Facade/Content/StarterContent/Blueprints/Assets/SunlightColorLUT.uasset"
[2026.05.08-02.43.45:477][  0]LogPackFactory: Copied "../../../Samples/StarterContent/Content/StarterContent/HDRI/HDRI_Epic_Courtyard_Daylight.uasset" to "../../../../../../Users/2026/Documents/Unreal Projects/Facade/Content/StarterContent/HDRI/HDRI_Epic_Courtyard_Daylight.uasset"
[2026.05.08-02.43.45:486][  0]LogPackFactory: Copied "../../../Samples/StarterContent/Content/StarterContent/Maps/Advanced_Lighting.umap" to "../../../../../../Users/2026/Documents/Unreal Projects/Facade/Content/StarterContent/Maps/Advanced_Lighting.umap"
[2026.05.08-02.43.45:495][  0]LogPackFactory: Copied "../../../Samples/StarterContent/Content/StarterContent/Maps/Advanced_Lighting_BuiltData.uasset" to "../../../../../../Users/2026/Documents/Unreal Projects/Facade/Content/StarterContent/Maps/Advanced_Lighting_BuiltData.uasset"
[2026.05.08-02.43.45:504][  0]LogPackFactory: Copied "../../../Samples/StarterContent/Content/StarterContent/Maps/Minimal_Default.umap" to "../../../../../../Users/2026/Documents/Unreal Projects/Facade/Content/StarterContent/Maps/Minimal_Default.umap"
[2026.05.08-02.43.45:515][  0]LogPackFactory: Copied "../../../Samples/StarterContent/Content/StarterContent/Maps/Minimal_Default_BuiltData.uasset" to "../../../../../../Users/2026/Documents/Unreal Projects/Facade/Content/StarterContent/Maps/Minimal_Default_BuiltData.uasset"
[2026.05.08-02.43.45:525][  0]LogPackFactory: Copied "../../../Samples/StarterContent/Content/StarterContent/Maps/StarterMap.umap" to "../../../../../../Users/2026/Documents/Unreal Projects/Facade/Content/StarterContent/Maps/StarterMap.umap"
[2026.05.08-02.43.45:551][  0]LogPackFactory: Copied "../../../Samples/StarterContent/Content/StarterContent/Maps/StarterMap_BuiltData.uasset" to "../../../../../../Users/2026/Documents/Unreal Projects/Facade/Content/StarterContent/Maps/StarterMap_BuiltData.uasset"
[2026.05.08-02.43.45:558][  0]LogPackFactory: Copied "../../../Samples/StarterContent/Content/StarterContent/Materials/M_AssetPlatform.uasset" to "../../../../../../Users/2026/Documents/Unreal Projects/Facade/Content/StarterContent/Materials/M_AssetPlatform.uasset"
[2026.05.08-02.43.45:569][  0]LogPackFactory: Copied "../../../Samples/StarterContent/Content/StarterContent/Materials/M_Basic_Floor.uasset" to "../../../../../../Users/2026/Documents/Unreal Projects/Facade/Content/StarterContent/Materials/M_Basic_Floor.uasset"
[2026.05.08-02.43.45:576][  0]LogPackFactory: Copied "../../../Samples/StarterContent/Content/StarterContent/Materials/M_Basic_Wall.uasset" to "../../../../../../Users/2026/Documents/Unreal Projects/Facade/Content/StarterContent/Materials/M_Basic_Wall.uasset"
[2026.05.08-02.43.45:583][  0]LogPackFactory: Copied "../../../Samples/StarterContent/Content/StarterContent/Materials/M_Brick_Clay_Beveled.uasset" to "../../../../../../Users/2026/Documents/Unreal Projects/Facade/Content/StarterContent/Materials/M_Brick_Clay_Beveled.uasset"
[2026.05.08-02.43.45:589][  0]LogPackFactory: Copied "../../../Samples/StarterContent/Content/StarterContent/Materials/M_Brick_Clay_New.uasset" to "../../../../../../Users/2026/Documents/Unreal Projects/Facade/Content/StarterContent/Materials/M_Brick_Clay_New.uasset"
[2026.05.08-02.43.45:596][  0]LogPackFactory: Copied "../../../Samples/StarterContent/Content/StarterContent/Materials/M_Brick_Clay_Old.uasset" to "../../../../../../Users/2026/Documents/Unreal Projects/Facade/Content/StarterContent/Materials/M_Brick_Clay_Old.uasset"
[2026.05.08-02.43.45:604][  0]LogPackFactory: Copied "../../../Samples/StarterContent/Content/StarterContent/Materials/M_Brick_Cut_Stone.uasset" to "../../../../../../Users/2026/Documents/Unreal Projects/Facade/Content/StarterContent/Materials/M_Brick_Cut_Stone.uasset"
[2026.05.08-02.43.45:610][  0]LogPackFactory: Copied "../../../Samples/StarterContent/Content/StarterContent/Materials/M_Brick_Hewn_Stone.uasset" to "../../../../../../Users/2026/Documents/Unreal Projects/Facade/Content/StarterContent/Materials/M_Brick_Hewn_Stone.uasset"
[2026.05.08-02.43.45:616][  0]LogPackFactory: Copied "../../../Samples/StarterContent/Content/StarterContent/Materials/M_Ceramic_Tile_Checker.uasset" to "../../../../../../Users/2026/Documents/Unreal Projects/Facade/Content/StarterContent/Materials/M_Ceramic_Tile_Checker.uasset"
[2026.05.08-02.43.45:622][  0]LogPackFactory: Copied "../../../Samples/StarterContent/Content/StarterContent/Materials/M_CobbleStone_Pebble.uasset" to "../../../../../../Users/2026/Documents/Unreal Projects/Facade/Content/StarterContent/Materials/M_CobbleStone_Pebble.uasset"
[2026.05.08-02.43.45:629][  0]LogPackFactory: Copied "../../../Samples/StarterContent/Content/StarterContent/Materials/M_CobbleStone_Rough.uasset" to "../../../../../../Users/2026/Documents/Unreal Projects/Facade/Content/StarterContent/Materials/M_CobbleStone_Rough.uasset"
[2026.05.08-02.43.45:636][  0]LogPackFactory: Copied "../../../Samples/StarterContent/Content/StarterContent/Materials/M_CobbleStone_Smooth.uasset" to "../../../../../../Users/2026/Documents/Unreal Projects/Facade/Content/StarterContent/Materials/M_CobbleStone_Smooth.uasset"
[2026.05.08-02.43.45:643][  0]LogPackFactory: Copied "../../../Samples/StarterContent/Content/StarterContent/Materials/M_ColorGrid_LowSpec.uasset" to "../../../../../../Users/2026/Documents/Unreal Projects/Facade/Content/StarterContent/Materials/M_ColorGrid_LowSpec.uasset"
[2026.05.08-02.43.45:648][  0]LogPackFactory: Copied "../../../Samples/StarterContent/Content/StarterContent/Materials/M_Concrete_Grime.uasset" to "../../../../../../Users/2026/Documents/Unreal Projects/Facade/Content/StarterContent/Materials/M_Concrete_Grime.uasset"
[2026.05.08-02.43.45:656][  0]LogPackFactory: Copied "../../../Samples/StarterContent/Content/StarterContent/Materials/M_Concrete_Panels.uasset" to "../../../../../../Users/2026/Documents/Unreal Projects/Facade/Content/StarterContent/Materials/M_Concrete_Panels.uasset"
[2026.05.08-02.43.45:661][  0]LogPackFactory: Copied "../../../Samples/StarterContent/Content/StarterContent/Materials/M_Concrete_Poured.uasset" to "../../../../../../Users/2026/Documents/Unreal Projects/Facade/Content/StarterContent/Materials/M_Concrete_Poured.uasset"
[2026.05.08-02.43.45:669][  0]LogPackFactory: Copied "../../../Samples/StarterContent/Content/StarterContent/Materials/M_Concrete_Tiles.uasset" to "../../../../../../Users/2026/Documents/Unreal Projects/Facade/Content/StarterContent/Materials/M_Concrete_Tiles.uasset"
[2026.05.08-02.43.45:676][  0]LogPackFactory: Copied "../../../Samples/StarterContent/Content/StarterContent/Materials/M_Glass.uasset" to "../../../../../../Users/2026/Documents/Unreal Projects/Facade/Content/StarterContent/Materials/M_Glass.uasset"
[2026.05.08-02.43.45:682][  0]LogPackFactory: Copied "../../../Samples/StarterContent/Content/StarterContent/Materials/M_Ground_Grass.uasset" to "../../../../../../Users/2026/Documents/Unreal Projects/Facade/Content/StarterContent/Materials/M_Ground_Grass.uasset"
[2026.05.08-02.43.45:689][  0]LogPackFactory: Copied "../../../Samples/StarterContent/Content/StarterContent/Materials/M_Ground_Gravel.uasset" to "../../../../../../Users/2026/Documents/Unreal Projects/Facade/Content/StarterContent/Materials/M_Ground_Gravel.uasset"
[2026.05.08-02.43.45:696][  0]LogPackFactory: Copied "../../../Samples/StarterContent/Content/StarterContent/Materials/M_Ground_Moss.uasset" to "../../../../../../Users/2026/Documents/Unreal Projects/Facade/Content/StarterContent/Materials/M_Ground_Moss.uasset"
[2026.05.08-02.43.45:702][  0]LogPackFactory: Copied "../../../Samples/StarterContent/Content/StarterContent/Materials/M_Metal_Brushed_Nickel.uasset" to "../../../../../../Users/2026/Documents/Unreal Projects/Facade/Content/StarterContent/Materials/M_Metal_Brushed_Nickel.uasset"
[2026.05.08-02.43.45:708][  0]LogPackFactory: Copied "../../../Samples/StarterContent/Content/StarterContent/Materials/M_Metal_Burnished_Steel.uasset" to "../../../../../../Users/2026/Documents/Unreal Projects/Facade/Content/StarterContent/Materials/M_Metal_Burnished_Steel.uasset"
[2026.05.08-02.43.45:714][  0]LogPackFactory: Copied "../../../Samples/StarterContent/Content/StarterContent/Materials/M_Metal_Chrome.uasset" to "../../../../../../Users/2026/Documents/Unreal Projects/Facade/Content/StarterContent/Materials/M_Metal_Chrome.uasset"
[2026.05.08-02.43.45:721][  0]LogPackFactory: Copied "../../../Samples/StarterContent/Content/StarterContent/Materials/M_Metal_Copper.uasset" to "../../../../../../Users/2026/Documents/Unreal Projects/Facade/Content/StarterContent/Materials/M_Metal_Copper.uasset"
[2026.05.08-02.43.45:726][  0]LogPackFactory: Copied "../../../Samples/StarterContent/Content/StarterContent/Materials/M_Metal_Gold.uasset" to "../../../../../../Users/2026/Documents/Unreal Projects/Facade/Content/StarterContent/Materials/M_Metal_Gold.uasset"
[2026.05.08-02.43.45:734][  0]LogPackFactory: Copied "../../../Samples/StarterContent/Content/StarterContent/Materials/M_Metal_Rust.uasset" to "../../../../../../Users/2026/Documents/Unreal Projects/Facade/Content/StarterContent/Materials/M_Metal_Rust.uasset"
[2026.05.08-02.43.45:740][  0]LogPackFactory: Copied "../../../Samples/StarterContent/Content/StarterContent/Materials/M_Metal_Steel.uasset" to "../../../../../../Users/2026/Documents/Unreal Projects/Facade/Content/StarterContent/Materials/M_Metal_Steel.uasset"
[2026.05.08-02.43.45:747][  0]LogPackFactory: Copied "../../../Samples/StarterContent/Content/StarterContent/Materials/M_Rock_Basalt.uasset" to "../../../../../../Users/2026/Documents/Unreal Projects/Facade/Content/StarterContent/Materials/M_Rock_Basalt.uasset"
[2026.05.08-02.43.45:754][  0]LogPackFactory: Copied "../../../Samples/StarterContent/Content/StarterContent/Materials/M_Rock_Marble_Polished.uasset" to "../../../../../../Users/2026/Documents/Unreal Projects/Facade/Content/StarterContent/Materials/M_Rock_Marble_Polished.uasset"
[2026.05.08-02.43.45:760][  0]LogPackFactory: Copied "../../../Samples/StarterContent/Content/StarterContent/Materials/M_Rock_Sandstone.uasset" to "../../../../../../Users/2026/Documents/Unreal Projects/Facade/Content/StarterContent/Materials/M_Rock_Sandstone.uasset"
[2026.05.08-02.43.45:767][  0]LogPackFactory: Copied "../../../Samples/StarterContent/Content/StarterContent/Materials/M_Rock_Slate.uasset" to "../../../../../../Users/2026/Documents/Unreal Projects/Facade/Content/StarterContent/Materials/M_Rock_Slate.uasset"
[2026.05.08-02.43.45:774][  0]LogPackFactory: Copied "../../../Samples/StarterContent/Content/StarterContent/Materials/M_Tech_Checker_Dot.uasset" to "../../../../../../Users/2026/Documents/Unreal Projects/Facade/Content/StarterContent/Materials/M_Tech_Checker_Dot.uasset"
[2026.05.08-02.43.45:780][  0]LogPackFactory: Copied "../../../Samples/StarterContent/Content/StarterContent/Materials/M_Tech_Hex_Tile.uasset" to "../../../../../../Users/2026/Documents/Unreal Projects/Facade/Content/StarterContent/Materials/M_Tech_Hex_Tile.uasset"
[2026.05.08-02.43.45:786][  0]LogPackFactory: Copied "../../../Samples/StarterContent/Content/StarterContent/Materials/M_Tech_Hex_Tile_Pulse.uasset" to "../../../../../../Users/2026/Documents/Unreal Projects/Facade/Content/StarterContent/Materials/M_Tech_Hex_Tile_Pulse.uasset"
[2026.05.08-02.43.45:793][  0]LogPackFactory: Copied "../../../Samples/StarterContent/Content/StarterContent/Materials/M_Tech_Panel.uasset" to "../../../../../../Users/2026/Documents/Unreal Projects/Facade/Content/StarterContent/Materials/M_Tech_Panel.uasset"
[2026.05.08-02.43.45:800][  0]LogPackFactory: Copied "../../../Samples/StarterContent/Content/StarterContent/Materials/M_Water_Lake.uasset" to "../../../../../../Users/2026/Documents/Unreal Projects/Facade/Content/StarterContent/Materials/M_Water_Lake.uasset"
[2026.05.08-02.43.45:806][  0]LogPackFactory: Copied "../../../Samples/StarterContent/Content/StarterContent/Materials/M_Water_Ocean.uasset" to "../../../../../../Users/2026/Documents/Unreal Projects/Facade/Content/StarterContent/Materials/M_Water_Ocean.uasset"
[2026.05.08-02.43.45:812][  0]LogPackFactory: Copied "../../../Samples/StarterContent/Content/StarterContent/Materials/M_Wood_Floor_Walnut_Polished.uasset" to "../../../../../../Users/2026/Documents/Unreal Projects/Facade/Content/StarterContent/Materials/M_Wood_Floor_Walnut_Polished.uasset"
[2026.05.08-02.43.45:818][  0]LogPackFactory: Copied "../../../Samples/StarterContent/Content/StarterContent/Materials/M_Wood_Floor_Walnut_Worn.uasset" to "../../../../../../Users/2026/Documents/Unreal Projects/Facade/Content/StarterContent/Materials/M_Wood_Floor_Walnut_Worn.uasset"
[2026.05.08-02.43.45:825][  0]LogPackFactory: Copied "../../../Samples/StarterContent/Content/StarterContent/Materials/M_Wood_Oak.uasset" to "../../../../../../Users/2026/Documents/Unreal Projects/Facade/Content/StarterContent/Materials/M_Wood_Oak.uasset"
[2026.05.08-02.43.45:831][  0]LogPackFactory: Copied "../../../Samples/StarterContent/Content/StarterContent/Materials/M_Wood_Pine.uasset" to "../../../../../../Users/2026/Documents/Unreal Projects/Facade/Content/StarterContent/Materials/M_Wood_Pine.uasset"
[2026.05.08-02.43.45:837][  0]LogPackFactory: Copied "../../../Samples/StarterContent/Content/StarterContent/Materials/M_Wood_Walnut.uasset" to "../../../../../../Users/2026/Documents/Unreal Projects/Facade/Content/StarterContent/Materials/M_Wood_Walnut.uasset"
[2026.05.08-02.43.45:844][  0]LogPackFactory: Copied "../../../Samples/StarterContent/Content/StarterContent/Particles/P_Ambient_Dust.uasset" to "../../../../../../Users/2026/Documents/Unreal Projects/Facade/Content/StarterContent/Particles/P_Ambient_Dust.uasset"
[2026.05.08-02.43.45:852][  0]LogPackFactory: Copied "../../../Samples/StarterContent/Content/StarterContent/Particles/P_Explosion.uasset" to "../../../../../../Users/2026/Documents/Unreal Projects/Facade/Content/StarterContent/Particles/P_Explosion.uasset"
[2026.05.08-02.43.45:859][  0]LogPackFactory: Copied "../../../Samples/StarterContent/Content/StarterContent/Particles/P_Fire.uasset" to "../../../../../../Users/2026/Documents/Unreal Projects/Facade/Content/StarterContent/Particles/P_Fire.uasset"
[2026.05.08-02.43.45:865][  0]LogPackFactory: Copied "../../../Samples/StarterContent/Content/StarterContent/Particles/P_Smoke.uasset" to "../../../../../../Users/2026/Documents/Unreal Projects/Facade/Content/StarterContent/Particles/P_Smoke.uasset"
[2026.05.08-02.43.45:871][  0]LogPackFactory: Copied "../../../Samples/StarterContent/Content/StarterContent/Particles/P_Sparks.uasset" to "../../../../../../Users/2026/Documents/Unreal Projects/Facade/Content/StarterContent/Particles/P_Sparks.uasset"
[2026.05.08-02.43.45:878][  0]LogPackFactory: Copied "../../../Samples/StarterContent/Content/StarterContent/Particles/P_Steam_Lit.uasset" to "../../../../../../Users/2026/Documents/Unreal Projects/Facade/Content/StarterContent/Particles/P_Steam_Lit.uasset"
[2026.05.08-02.43.45:885][  0]LogPackFactory: Copied "../../../Samples/StarterContent/Content/StarterContent/Particles/Materials/M_Burst.uasset" to "../../../../../../Users/2026/Documents/Unreal Projects/Facade/Content/StarterContent/Particles/Materials/M_Burst.uasset"
[2026.05.08-02.43.45:891][  0]LogPackFactory: Copied "../../../Samples/StarterContent/Content/StarterContent/Particles/Materials/M_Dust_Particle.uasset" to "../../../../../../Users/2026/Documents/Unreal Projects/Facade/Content/StarterContent/Particles/Materials/M_Dust_Particle.uasset"
[2026.05.08-02.43.45:900][  0]LogPackFactory: Copied "../../../Samples/StarterContent/Content/StarterContent/Particles/Materials/M_explosion_subUV.uasset" to "../../../../../../Users/2026/Documents/Unreal Projects/Facade/Content/StarterContent/Particles/Materials/M_explosion_subUV.uasset"
[2026.05.08-02.43.45:907][  0]LogPackFactory: Copied "../../../Samples/StarterContent/Content/StarterContent/Particles/Materials/M_Fire_SubUV.uasset" to "../../../../../../Users/2026/Documents/Unreal Projects/Facade/Content/StarterContent/Particles/Materials/M_Fire_SubUV.uasset"
[2026.05.08-02.43.45:915][  0]LogPackFactory: Copied "../../../Samples/StarterContent/Content/StarterContent/Particles/Materials/m_flare_01.uasset" to "../../../../../../Users/2026/Documents/Unreal Projects/Facade/Content/StarterContent/Particles/Materials/m_flare_01.uasset"
[2026.05.08-02.43.45:921][  0]LogPackFactory: Copied "../../../Samples/StarterContent/Content/StarterContent/Particles/Materials/M_Heat_Distortion.uasset" to "../../../../../../Users/2026/Documents/Unreal Projects/Facade/Content/StarterContent/Particles/Materials/M_Heat_Distortion.uasset"
[2026.05.08-02.43.45:927][  0]LogPackFactory: Copied "../../../Samples/StarterContent/Content/StarterContent/Particles/Materials/M_Radial_Gradient.uasset" to "../../../../../../Users/2026/Documents/Unreal Projects/Facade/Content/StarterContent/Particles/Materials/M_Radial_Gradient.uasset"
[2026.05.08-02.43.45:934][  0]LogPackFactory: Copied "../../../Samples/StarterContent/Content/StarterContent/Particles/Materials/M_radial_ramp.uasset" to "../../../../../../Users/2026/Documents/Unreal Projects/Facade/Content/StarterContent/Particles/Materials/M_radial_ramp.uasset"
[2026.05.08-02.43.45:941][  0]LogPackFactory: Copied "../../../Samples/StarterContent/Content/StarterContent/Particles/Materials/M_smoke_subUV.uasset" to "../../../../../../Users/2026/Documents/Unreal Projects/Facade/Content/StarterContent/Particles/Materials/M_smoke_subUV.uasset"
[2026.05.08-02.43.45:947][  0]LogPackFactory: Copied "../../../Samples/StarterContent/Content/StarterContent/Particles/Materials/M_Spark.uasset" to "../../../../../../Users/2026/Documents/Unreal Projects/Facade/Content/StarterContent/Particles/Materials/M_Spark.uasset"
[2026.05.08-02.43.45:953][  0]LogPackFactory: Copied "../../../Samples/StarterContent/Content/StarterContent/Props/MaterialSphere.uasset" to "../../../../../../Users/2026/Documents/Unreal Projects/Facade/Content/StarterContent/Props/MaterialSphere.uasset"
[2026.05.08-02.43.45:960][  0]LogPackFactory: Copied "../../../Samples/StarterContent/Content/StarterContent/Props/SM_Bush.uasset" to "../../../../../../Users/2026/Documents/Unreal Projects/Facade/Content/StarterContent/Props/SM_Bush.uasset"
[2026.05.08-02.43.45:967][  0]LogPackFactory: Copied "../../../Samples/StarterContent/Content/StarterContent/Props/SM_Chair.uasset" to "../../../../../../Users/2026/Documents/Unreal Projects/Facade/Content/StarterContent/Props/SM_Chair.uasset"
[2026.05.08-02.43.45:974][  0]LogPackFactory: Copied "../../../Samples/StarterContent/Content/StarterContent/Props/SM_CornerFrame.uasset" to "../../../../../../Users/2026/Documents/Unreal Projects/Facade/Content/StarterContent/Props/SM_CornerFrame.uasset"
[2026.05.08-02.43.45:981][  0]LogPackFactory: Copied "../../../Samples/StarterContent/Content/StarterContent/Props/SM_Couch.uasset" to "../../../../../../Users/2026/Documents/Unreal Projects/Facade/Content/StarterContent/Props/SM_Couch.uasset"
[2026.05.08-02.43.45:987][  0]LogPackFactory: Copied "../../../Samples/StarterContent/Content/StarterContent/Props/SM_Door.uasset" to "../../../../../../Users/2026/Documents/Unreal Projects/Facade/Content/StarterContent/Props/SM_Door.uasset"
[2026.05.08-02.43.45:994][  0]LogPackFactory: Copied "../../../Samples/StarterContent/Content/StarterContent/Props/SM_DoorFrame.uasset" to "../../../../../../Users/2026/Documents/Unreal Projects/Facade/Content/StarterContent/Props/SM_DoorFrame.uasset"
[2026.05.08-02.43.46:001][  0]LogPackFactory: Copied "../../../Samples/StarterContent/Content/StarterContent/Props/SM_GlassWindow.uasset" to "../../../../../../Users/2026/Documents/Unreal Projects/Facade/Content/StarterContent/Props/SM_GlassWindow.uasset"
[2026.05.08-02.43.46:006][  0]LogPackFactory: Copied "../../../Samples/StarterContent/Content/StarterContent/Props/SM_Lamp_Ceiling.uasset" to "../../../../../../Users/2026/Documents/Unreal Projects/Facade/Content/StarterContent/Props/SM_Lamp_Ceiling.uasset"
[2026.05.08-02.43.46:013][  0]LogPackFactory: Copied "../../../Samples/StarterContent/Content/StarterContent/Props/SM_Lamp_Wall.uasset" to "../../../../../../Users/2026/Documents/Unreal Projects/Facade/Content/StarterContent/Props/SM_Lamp_Wall.uasset"
[2026.05.08-02.43.46:022][  0]LogPackFactory: Copied "../../../Samples/StarterContent/Content/StarterContent/Props/SM_MatPreviewMesh_02.uasset" to "../../../../../../Users/2026/Documents/Unreal Projects/Facade/Content/StarterContent/Props/SM_MatPreviewMesh_02.uasset"
[2026.05.08-02.43.46:028][  0]LogPackFactory: Copied "../../../Samples/StarterContent/Content/StarterContent/Props/SM_PillarFrame.uasset" to "../../../../../../Users/2026/Documents/Unreal Projects/Facade/Content/StarterContent/Props/SM_PillarFrame.uasset"
[2026.05.08-02.43.46:035][  0]LogPackFactory: Copied "../../../Samples/StarterContent/Content/StarterContent/Props/SM_PillarFrame300.uasset" to "../../../../../../Users/2026/Documents/Unreal Projects/Facade/Content/StarterContent/Props/SM_PillarFrame300.uasset"
[2026.05.08-02.43.46:040][  0]LogPackFactory: Copied "../../../Samples/StarterContent/Content/StarterContent/Props/SM_Rock.uasset" to "../../../../../../Users/2026/Documents/Unreal Projects/Facade/Content/StarterContent/Props/SM_Rock.uasset"
[2026.05.08-02.43.46:047][  0]LogPackFactory: Copied "../../../Samples/StarterContent/Content/StarterContent/Props/SM_Shelf.uasset" to "../../../../../../Users/2026/Documents/Unreal Projects/Facade/Content/StarterContent/Props/SM_Shelf.uasset"
[2026.05.08-02.43.46:052][  0]LogPackFactory: Copied "../../../Samples/StarterContent/Content/StarterContent/Props/SM_Stairs.uasset" to "../../../../../../Users/2026/Documents/Unreal Projects/Facade/Content/StarterContent/Props/SM_Stairs.uasset"
[2026.05.08-02.43.46:060][  0]LogPackFactory: Copied "../../../Samples/StarterContent/Content/StarterContent/Props/SM_Statue.uasset" to "../../../../../../Users/2026/Documents/Unreal Projects/Facade/Content/StarterContent/Props/SM_Statue.uasset"
[2026.05.08-02.43.46:067][  0]LogPackFactory: Copied "../../../Samples/StarterContent/Content/StarterContent/Props/SM_TableRound.uasset" to "../../../../../../Users/2026/Documents/Unreal Projects/Facade/Content/StarterContent/Props/SM_TableRound.uasset"
[2026.05.08-02.43.46:076][  0]LogPackFactory: Copied "../../../Samples/StarterContent/Content/StarterContent/Props/SM_WindowFrame.uasset" to "../../../../../../Users/2026/Documents/Unreal Projects/Facade/Content/StarterContent/Props/SM_WindowFrame.uasset"
[2026.05.08-02.43.46:085][  0]LogPackFactory: Copied "../../../Samples/StarterContent/Content/StarterContent/Props/Materials/M_Bush.uasset" to "../../../../../../Users/2026/Documents/Unreal Projects/Facade/Content/StarterContent/Props/Materials/M_Bush.uasset"
[2026.05.08-02.43.46:093][  0]LogPackFactory: Copied "../../../Samples/StarterContent/Content/StarterContent/Props/Materials/M_Chair.uasset" to "../../../../../../Users/2026/Documents/Unreal Projects/Facade/Content/StarterContent/Props/Materials/M_Chair.uasset"
[2026.05.08-02.43.46:101][  0]LogPackFactory: Copied "../../../Samples/StarterContent/Content/StarterContent/Props/Materials/M_Door.uasset" to "../../../../../../Users/2026/Documents/Unreal Projects/Facade/Content/StarterContent/Props/Materials/M_Door.uasset"
[2026.05.08-02.43.46:110][  0]LogPackFactory: Copied "../../../Samples/StarterContent/Content/StarterContent/Props/Materials/M_Frame.uasset" to "../../../../../../Users/2026/Documents/Unreal Projects/Facade/Content/StarterContent/Props/Materials/M_Frame.uasset"
[2026.05.08-02.43.46:118][  0]LogPackFactory: Copied "../../../Samples/StarterContent/Content/StarterContent/Props/Materials/M_Lamp.uasset" to "../../../../../../Users/2026/Documents/Unreal Projects/Facade/Content/StarterContent/Props/Materials/M_Lamp.uasset"
[2026.05.08-02.43.46:124][  0]LogPackFactory: Copied "../../../Samples/StarterContent/Content/StarterContent/Props/Materials/M_MaterialSphere.uasset" to "../../../../../../Users/2026/Documents/Unreal Projects/Facade/Content/StarterContent/Props/Materials/M_MaterialSphere.uasset"
[2026.05.08-02.43.46:131][  0]LogPackFactory: Copied "../../../Samples/StarterContent/Content/StarterContent/Props/Materials/M_MaterialSphere_Plain.uasset" to "../../../../../../Users/2026/Documents/Unreal Projects/Facade/Content/StarterContent/Props/Materials/M_MaterialSphere_Plain.uasset"
[2026.05.08-02.43.46:137][  0]LogPackFactory: Copied "../../../Samples/StarterContent/Content/StarterContent/Props/Materials/M_Rock.uasset" to "../../../../../../Users/2026/Documents/Unreal Projects/Facade/Content/StarterContent/Props/Materials/M_Rock.uasset"
[2026.05.08-02.43.46:143][  0]LogPackFactory: Copied "../../../Samples/StarterContent/Content/StarterContent/Props/Materials/M_Shelf.uasset" to "../../../../../../Users/2026/Documents/Unreal Projects/Facade/Content/StarterContent/Props/Materials/M_Shelf.uasset"
[2026.05.08-02.43.46:150][  0]LogPackFactory: Copied "../../../Samples/StarterContent/Content/StarterContent/Props/Materials/M_Statue.uasset" to "../../../../../../Users/2026/Documents/Unreal Projects/Facade/Content/StarterContent/Props/Materials/M_Statue.uasset"
[2026.05.08-02.43.46:158][  0]LogPackFactory: Copied "../../../Samples/StarterContent/Content/StarterContent/Props/Materials/M_StatueGlass.uasset" to "../../../../../../Users/2026/Documents/Unreal Projects/Facade/Content/StarterContent/Props/Materials/M_StatueGlass.uasset"
[2026.05.08-02.43.46:165][  0]LogPackFactory: Copied "../../../Samples/StarterContent/Content/StarterContent/Props/Materials/M_TableRound.uasset" to "../../../../../../Users/2026/Documents/Unreal Projects/Facade/Content/StarterContent/Props/Materials/M_TableRound.uasset"
[2026.05.08-02.43.46:171][  0]LogPackFactory: Copied "../../../Samples/StarterContent/Content/StarterContent/Shapes/Shape_Cone.uasset" to "../../../../../../Users/2026/Documents/Unreal Projects/Facade/Content/StarterContent/Shapes/Shape_Cone.uasset"
[2026.05.08-02.43.46:178][  0]LogPackFactory: Copied "../../../Samples/StarterContent/Content/StarterContent/Shapes/Shape_Cube.uasset" to "../../../../../../Users/2026/Documents/Unreal Projects/Facade/Content/StarterContent/Shapes/Shape_Cube.uasset"
[2026.05.08-02.43.46:184][  0]LogPackFactory: Copied "../../../Samples/StarterContent/Content/StarterContent/Shapes/Shape_Cylinder.uasset" to "../../../../../../Users/2026/Documents/Unreal Projects/Facade/Content/StarterContent/Shapes/Shape_Cylinder.uasset"
[2026.05.08-02.43.46:191][  0]LogPackFactory: Copied "../../../Samples/StarterContent/Content/StarterContent/Shapes/Shape_NarrowCapsule.uasset" to "../../../../../../Users/2026/Documents/Unreal Projects/Facade/Content/StarterContent/Shapes/Shape_NarrowCapsule.uasset"
[2026.05.08-02.43.46:197][  0]LogPackFactory: Copied "../../../Samples/StarterContent/Content/StarterContent/Shapes/Shape_Pipe.uasset" to "../../../../../../Users/2026/Documents/Unreal Projects/Facade/Content/StarterContent/Shapes/Shape_Pipe.uasset"
[2026.05.08-02.43.46:203][  0]LogPackFactory: Copied "../../../Samples/StarterContent/Content/StarterContent/Shapes/Shape_Pipe_180.uasset" to "../../../../../../Users/2026/Documents/Unreal Projects/Facade/Content/StarterContent/Shapes/Shape_Pipe_180.uasset"
[2026.05.08-02.43.46:211][  0]LogPackFactory: Copied "../../../Samples/StarterContent/Content/StarterContent/Shapes/Shape_Pipe_90.uasset" to "../../../../../../Users/2026/Documents/Unreal Projects/Facade/Content/StarterContent/Shapes/Shape_Pipe_90.uasset"
[2026.05.08-02.43.46:218][  0]LogPackFactory: Copied "../../../Samples/StarterContent/Content/StarterContent/Shapes/Shape_Plane.uasset" to "../../../../../../Users/2026/Documents/Unreal Projects/Facade/Content/StarterContent/Shapes/Shape_Plane.uasset"
[2026.05.08-02.43.46:225][  0]LogPackFactory: Copied "../../../Samples/StarterContent/Content/StarterContent/Shapes/Shape_QuadPyramid.uasset" to "../../../../../../Users/2026/Documents/Unreal Projects/Facade/Content/StarterContent/Shapes/Shape_QuadPyramid.uasset"
[2026.05.08-02.43.46:230][  0]LogPackFactory: Copied "../../../Samples/StarterContent/Content/StarterContent/Shapes/Shape_Sphere.uasset" to "../../../../../../Users/2026/Documents/Unreal Projects/Facade/Content/StarterContent/Shapes/Shape_Sphere.uasset"
[2026.05.08-02.43.46:237][  0]LogPackFactory: Copied "../../../Samples/StarterContent/Content/StarterContent/Shapes/Shape_Torus.uasset" to "../../../../../../Users/2026/Documents/Unreal Projects/Facade/Content/StarterContent/Shapes/Shape_Torus.uasset"
[2026.05.08-02.43.46:244][  0]LogPackFactory: Copied "../../../Samples/StarterContent/Content/StarterContent/Shapes/Shape_Trim.uasset" to "../../../../../../Users/2026/Documents/Unreal Projects/Facade/Content/StarterContent/Shapes/Shape_Trim.uasset"
[2026.05.08-02.43.46:250][  0]LogPackFactory: Copied "../../../Samples/StarterContent/Content/StarterContent/Shapes/Shape_Trim_90_In.uasset" to "../../../../../../Users/2026/Documents/Unreal Projects/Facade/Content/StarterContent/Shapes/Shape_Trim_90_In.uasset"
[2026.05.08-02.43.46:257][  0]LogPackFactory: Copied "../../../Samples/StarterContent/Content/StarterContent/Shapes/Shape_Trim_90_Out.uasset" to "../../../../../../Users/2026/Documents/Unreal Projects/Facade/Content/StarterContent/Shapes/Shape_Trim_90_Out.uasset"
[2026.05.08-02.43.46:264][  0]LogPackFactory: Copied "../../../Samples/StarterContent/Content/StarterContent/Shapes/Shape_TriPyramid.uasset" to "../../../../../../Users/2026/Documents/Unreal Projects/Facade/Content/StarterContent/Shapes/Shape_TriPyramid.uasset"
[2026.05.08-02.43.46:271][  0]LogPackFactory: Copied "../../../Samples/StarterContent/Content/StarterContent/Shapes/Shape_Tube.uasset" to "../../../../../../Users/2026/Documents/Unreal Projects/Facade/Content/StarterContent/Shapes/Shape_Tube.uasset"
[2026.05.08-02.43.46:277][  0]LogPackFactory: Copied "../../../Samples/StarterContent/Content/StarterContent/Shapes/Shape_Wedge_A.uasset" to "../../../../../../Users/2026/Documents/Unreal Projects/Facade/Content/StarterContent/Shapes/Shape_Wedge_A.uasset"
[2026.05.08-02.43.46:283][  0]LogPackFactory: Copied "../../../Samples/StarterContent/Content/StarterContent/Shapes/Shape_Wedge_B.uasset" to "../../../../../../Users/2026/Documents/Unreal Projects/Facade/Content/StarterContent/Shapes/Shape_Wedge_B.uasset"
[2026.05.08-02.43.46:290][  0]LogPackFactory: Copied "../../../Samples/StarterContent/Content/StarterContent/Shapes/Shape_WideCapsule.uasset" to "../../../../../../Users/2026/Documents/Unreal Projects/Facade/Content/StarterContent/Shapes/Shape_WideCapsule.uasset"
[2026.05.08-02.43.46:300][  0]LogPackFactory: Copied "../../../Samples/StarterContent/Content/StarterContent/Textures/T_Brick_Clay_Beveled_D.uasset" to "../../../../../../Users/2026/Documents/Unreal Projects/Facade/Content/StarterContent/Textures/T_Brick_Clay_Beveled_D.uasset"
[2026.05.08-02.43.46:315][  0]LogPackFactory: Copied "../../../Samples/StarterContent/Content/StarterContent/Textures/T_Brick_Clay_Beveled_M.uasset" to "../../../../../../Users/2026/Documents/Unreal Projects/Facade/Content/StarterContent/Textures/T_Brick_Clay_Beveled_M.uasset"
[2026.05.08-02.43.46:326][  0]LogPackFactory: Copied "../../../Samples/StarterContent/Content/StarterContent/Textures/T_Brick_Clay_Beveled_N.uasset" to "../../../../../../Users/2026/Documents/Unreal Projects/Facade/Content/StarterContent/Textures/T_Brick_Clay_Beveled_N.uasset"
[2026.05.08-02.43.46:339][  0]LogPackFactory: Copied "../../../Samples/StarterContent/Content/StarterContent/Textures/T_Brick_Clay_New_D.uasset" to "../../../../../../Users/2026/Documents/Unreal Projects/Facade/Content/StarterContent/Textures/T_Brick_Clay_New_D.uasset"
[2026.05.08-02.43.46:352][  0]LogPackFactory: Copied "../../../Samples/StarterContent/Content/StarterContent/Textures/T_Brick_Clay_New_M.uasset" to "../../../../../../Users/2026/Documents/Unreal Projects/Facade/Content/StarterContent/Textures/T_Brick_Clay_New_M.uasset"
[2026.05.08-02.43.46:366][  0]LogPackFactory: Copied "../../../Samples/StarterContent/Content/StarterContent/Textures/T_Brick_Clay_New_N.uasset" to "../../../../../../Users/2026/Documents/Unreal Projects/Facade/Content/StarterContent/Textures/T_Brick_Clay_New_N.uasset"
[2026.05.08-02.43.46:380][  0]LogPackFactory: Copied "../../../Samples/StarterContent/Content/StarterContent/Textures/T_Brick_Clay_Old_D.uasset" to "../../../../../../Users/2026/Documents/Unreal Projects/Facade/Content/StarterContent/Textures/T_Brick_Clay_Old_D.uasset"
[2026.05.08-02.43.46:393][  0]LogPackFactory: Copied "../../../Samples/StarterContent/Content/StarterContent/Textures/T_Brick_Clay_Old_N.uasset" to "../../../../../../Users/2026/Documents/Unreal Projects/Facade/Content/StarterContent/Textures/T_Brick_Clay_Old_N.uasset"
[2026.05.08-02.43.46:411][  0]LogPackFactory: Copied "../../../Samples/StarterContent/Content/StarterContent/Textures/T_Brick_Cut_Stone_D.uasset" to "../../../../../../Users/2026/Documents/Unreal Projects/Facade/Content/StarterContent/Textures/T_Brick_Cut_Stone_D.uasset"
[2026.05.08-02.43.46:422][  0]LogPackFactory: Copied "../../../Samples/StarterContent/Content/StarterContent/Textures/T_Brick_Cut_Stone_N.uasset" to "../../../../../../Users/2026/Documents/Unreal Projects/Facade/Content/StarterContent/Textures/T_Brick_Cut_Stone_N.uasset"
[2026.05.08-02.43.46:438][  0]LogPackFactory: Copied "../../../Samples/StarterContent/Content/StarterContent/Textures/T_Brick_Hewn_Stone_D.uasset" to "../../../../../../Users/2026/Documents/Unreal Projects/Facade/Content/StarterContent/Textures/T_Brick_Hewn_Stone_D.uasset"
[2026.05.08-02.43.46:450][  0]LogPackFactory: Copied "../../../Samples/StarterContent/Content/StarterContent/Textures/T_Brick_Hewn_Stone_M.uasset" to "../../../../../../Users/2026/Documents/Unreal Projects/Facade/Content/StarterContent/Textures/T_Brick_Hewn_Stone_M.uasset"
[2026.05.08-02.43.46:465][  0]LogPackFactory: Copied "../../../Samples/StarterContent/Content/StarterContent/Textures/T_Brick_Hewn_Stone_N.uasset" to "../../../../../../Users/2026/Documents/Unreal Projects/Facade/Content/StarterContent/Textures/T_Brick_Hewn_Stone_N.uasset"
[2026.05.08-02.43.46:474][  0]LogPackFactory: Copied "../../../Samples/StarterContent/Content/StarterContent/Textures/T_Burst_M.uasset" to "../../../../../../Users/2026/Documents/Unreal Projects/Facade/Content/StarterContent/Textures/T_Burst_M.uasset"
[2026.05.08-02.43.46:481][  0]LogPackFactory: Copied "../../../Samples/StarterContent/Content/StarterContent/Textures/T_Bush_D.uasset" to "../../../../../../Users/2026/Documents/Unreal Projects/Facade/Content/StarterContent/Textures/T_Bush_D.uasset"
[2026.05.08-02.43.46:489][  0]LogPackFactory: Copied "../../../Samples/StarterContent/Content/StarterContent/Textures/T_Bush_N.uasset" to "../../../../../../Users/2026/Documents/Unreal Projects/Facade/Content/StarterContent/Textures/T_Bush_N.uasset"
[2026.05.08-02.43.46:497][  0]LogPackFactory: Copied "../../../Samples/StarterContent/Content/StarterContent/Textures/T_Ceramic_Tile_M.uasset" to "../../../../../../Users/2026/Documents/Unreal Projects/Facade/Content/StarterContent/Textures/T_Ceramic_Tile_M.uasset"
[2026.05.08-02.43.46:505][  0]LogPackFactory: Copied "../../../Samples/StarterContent/Content/StarterContent/Textures/T_Ceramic_Tile_N.uasset" to "../../../../../../Users/2026/Documents/Unreal Projects/Facade/Content/StarterContent/Textures/T_Ceramic_Tile_N.uasset"
[2026.05.08-02.43.46:512][  0]LogPackFactory: Copied "../../../Samples/StarterContent/Content/StarterContent/Textures/T_Chair_M.uasset" to "../../../../../../Users/2026/Documents/Unreal Projects/Facade/Content/StarterContent/Textures/T_Chair_M.uasset"
[2026.05.08-02.43.46:520][  0]LogPackFactory: Copied "../../../Samples/StarterContent/Content/StarterContent/Textures/T_Chair_N.uasset" to "../../../../../../Users/2026/Documents/Unreal Projects/Facade/Content/StarterContent/Textures/T_Chair_N.uasset"
[2026.05.08-02.43.46:527][  0]LogPackFactory: Copied "../../../Samples/StarterContent/Content/StarterContent/Textures/T_Checker_Noise_M.uasset" to "../../../../../../Users/2026/Documents/Unreal Projects/Facade/Content/StarterContent/Textures/T_Checker_Noise_M.uasset"
[2026.05.08-02.43.46:543][  0]LogPackFactory: Copied "../../../Samples/StarterContent/Content/StarterContent/Textures/T_CobbleStone_Pebble_D.uasset" to "../../../../../../Users/2026/Documents/Unreal Projects/Facade/Content/StarterContent/Textures/T_CobbleStone_Pebble_D.uasset"
[2026.05.08-02.43.46:551][  0]LogPackFactory: Copied "../../../Samples/StarterContent/Content/StarterContent/Textures/T_CobbleStone_Pebble_M.uasset" to "../../../../../../Users/2026/Documents/Unreal Projects/Facade/Content/StarterContent/Textures/T_CobbleStone_Pebble_M.uasset"
[2026.05.08-02.43.46:566][  0]LogPackFactory: Copied "../../../Samples/StarterContent/Content/StarterContent/Textures/T_CobbleStone_Pebble_N.uasset" to "../../../../../../Users/2026/Documents/Unreal Projects/Facade/Content/StarterContent/Textures/T_CobbleStone_Pebble_N.uasset"
[2026.05.08-02.43.46:575][  0]LogPackFactory: Copied "../../../Samples/StarterContent/Content/StarterContent/Textures/T_CobbleStone_Rough_D.uasset" to "../../../../../../Users/2026/Documents/Unreal Projects/Facade/Content/StarterContent/Textures/T_CobbleStone_Rough_D.uasset"
[2026.05.08-02.43.46:583][  0]LogPackFactory: Copied "../../../Samples/StarterContent/Content/StarterContent/Textures/T_CobbleStone_Rough_N.uasset" to "../../../../../../Users/2026/Documents/Unreal Projects/Facade/Content/StarterContent/Textures/T_CobbleStone_Rough_N.uasset"
[2026.05.08-02.43.46:595][  0]LogPackFactory: Copied "../../../Samples/StarterContent/Content/StarterContent/Textures/T_CobbleStone_Smooth_D.uasset" to "../../../../../../Users/2026/Documents/Unreal Projects/Facade/Content/StarterContent/Textures/T_CobbleStone_Smooth_D.uasset"
[2026.05.08-02.43.46:604][  0]LogPackFactory: Copied "../../../Samples/StarterContent/Content/StarterContent/Textures/T_CobbleStone_Smooth_M.uasset" to "../../../../../../Users/2026/Documents/Unreal Projects/Facade/Content/StarterContent/Textures/T_CobbleStone_Smooth_M.uasset"
[2026.05.08-02.43.46:618][  0]LogPackFactory: Copied "../../../Samples/StarterContent/Content/StarterContent/Textures/T_CobbleStone_Smooth_N.uasset" to "../../../../../../Users/2026/Documents/Unreal Projects/Facade/Content/StarterContent/Textures/T_CobbleStone_Smooth_N.uasset"
[2026.05.08-02.43.46:637][  0]LogPackFactory: Copied "../../../Samples/StarterContent/Content/StarterContent/Textures/T_Concrete_Grime_D.uasset" to "../../../../../../Users/2026/Documents/Unreal Projects/Facade/Content/StarterContent/Textures/T_Concrete_Grime_D.uasset"
[2026.05.08-02.43.46:651][  0]LogPackFactory: Copied "../../../Samples/StarterContent/Content/StarterContent/Textures/T_Concrete_Panels_D.uasset" to "../../../../../../Users/2026/Documents/Unreal Projects/Facade/Content/StarterContent/Textures/T_Concrete_Panels_D.uasset"
[2026.05.08-02.43.46:665][  0]LogPackFactory: Copied "../../../Samples/StarterContent/Content/StarterContent/Textures/T_Concrete_Panels_N.uasset" to "../../../../../../Users/2026/Documents/Unreal Projects/Facade/Content/StarterContent/Textures/T_Concrete_Panels_N.uasset"
[2026.05.08-02.43.46:684][  0]LogPackFactory: Copied "../../../Samples/StarterContent/Content/StarterContent/Textures/T_Concrete_Poured_D.uasset" to "../../../../../../Users/2026/Documents/Unreal Projects/Facade/Content/StarterContent/Textures/T_Concrete_Poured_D.uasset"
[2026.05.08-02.43.46:697][  0]LogPackFactory: Copied "../../../Samples/StarterContent/Content/StarterContent/Textures/T_Concrete_Poured_N.uasset" to "../../../../../../Users/2026/Documents/Unreal Projects/Facade/Content/StarterContent/Textures/T_Concrete_Poured_N.uasset"
[2026.05.08-02.43.46:709][  0]LogPackFactory: Copied "../../../Samples/StarterContent/Content/StarterContent/Textures/T_Concrete_Tiles_D.uasset" to "../../../../../../Users/2026/Documents/Unreal Projects/Facade/Content/StarterContent/Textures/T_Concrete_Tiles_D.uasset"
[2026.05.08-02.43.46:723][  0]LogPackFactory: Copied "../../../Samples/StarterContent/Content/StarterContent/Textures/T_Concrete_Tiles_M.uasset" to "../../../../../../Users/2026/Documents/Unreal Projects/Facade/Content/StarterContent/Textures/T_Concrete_Tiles_M.uasset"
[2026.05.08-02.43.46:735][  0]LogPackFactory: Copied "../../../Samples/StarterContent/Content/StarterContent/Textures/T_Concrete_Tiles_N.uasset" to "../../../../../../Users/2026/Documents/Unreal Projects/Facade/Content/StarterContent/Textures/T_Concrete_Tiles_N.uasset"
[2026.05.08-02.43.46:743][  0]LogPackFactory: Copied "../../../Samples/StarterContent/Content/StarterContent/Textures/T_Concrete_Tiles_Variation_M.uasset" to "../../../../../../Users/2026/Documents/Unreal Projects/Facade/Content/StarterContent/Textures/T_Concrete_Tiles_Variation_M.uasset"
[2026.05.08-02.43.46:758][  0]LogPackFactory: Copied "../../../Samples/StarterContent/Content/StarterContent/Textures/T_Detail_Rocky_N.uasset" to "../../../../../../Users/2026/Documents/Unreal Projects/Facade/Content/StarterContent/Textures/T_Detail_Rocky_N.uasset"
[2026.05.08-02.43.46:771][  0]LogPackFactory: Copied "../../../Samples/StarterContent/Content/StarterContent/Textures/T_Door_M.uasset" to "../../../../../../Users/2026/Documents/Unreal Projects/Facade/Content/StarterContent/Textures/T_Door_M.uasset"
[2026.05.08-02.43.46:782][  0]LogPackFactory: Copied "../../../Samples/StarterContent/Content/StarterContent/Textures/T_Door_N.uasset" to "../../../../../../Users/2026/Documents/Unreal Projects/Facade/Content/StarterContent/Textures/T_Door_N.uasset"
[2026.05.08-02.43.46:788][  0]LogPackFactory: Copied "../../../Samples/StarterContent/Content/StarterContent/Textures/T_Dust_Particle_D.uasset" to "../../../../../../Users/2026/Documents/Unreal Projects/Facade/Content/StarterContent/Textures/T_Dust_Particle_D.uasset"
[2026.05.08-02.43.46:799][  0]LogPackFactory: Copied "../../../Samples/StarterContent/Content/StarterContent/Textures/T_Explosion_SubUV.uasset" to "../../../../../../Users/2026/Documents/Unreal Projects/Facade/Content/StarterContent/Textures/T_Explosion_SubUV.uasset"
[2026.05.08-02.43.46:806][  0]LogPackFactory: Copied "../../../Samples/StarterContent/Content/StarterContent/Textures/T_Fire_SubUV.uasset" to "../../../../../../Users/2026/Documents/Unreal Projects/Facade/Content/StarterContent/Textures/T_Fire_SubUV.uasset"
[2026.05.08-02.43.46:814][  0]LogPackFactory: Copied "../../../Samples/StarterContent/Content/StarterContent/Textures/T_Fire_Tiled_D.uasset" to "../../../../../../Users/2026/Documents/Unreal Projects/Facade/Content/StarterContent/Textures/T_Fire_Tiled_D.uasset"
[2026.05.08-02.43.46:822][  0]LogPackFactory: Copied "../../../Samples/StarterContent/Content/StarterContent/Textures/T_Frame_M.uasset" to "../../../../../../Users/2026/Documents/Unreal Projects/Facade/Content/StarterContent/Textures/T_Frame_M.uasset"
[2026.05.08-02.43.46:830][  0]LogPackFactory: Copied "../../../Samples/StarterContent/Content/StarterContent/Textures/T_Frame_N.uasset" to "../../../../../../Users/2026/Documents/Unreal Projects/Facade/Content/StarterContent/Textures/T_Frame_N.uasset"
[2026.05.08-02.43.46:838][  0]LogPackFactory: Copied "../../../Samples/StarterContent/Content/StarterContent/Textures/T_Gradinet_01.uasset" to "../../../../../../Users/2026/Documents/Unreal Projects/Facade/Content/StarterContent/Textures/T_Gradinet_01.uasset"
[2026.05.08-02.43.46:855][  0]LogPackFactory: Copied "../../../Samples/StarterContent/Content/StarterContent/Textures/T_Ground_Grass_D.uasset" to "../../../../../../Users/2026/Documents/Unreal Projects/Facade/Content/StarterContent/Textures/T_Ground_Grass_D.uasset"
[2026.05.08-02.43.46:871][  0]LogPackFactory: Copied "../../../Samples/StarterContent/Content/StarterContent/Textures/T_Ground_Grass_N.uasset" to "../../../../../../Users/2026/Documents/Unreal Projects/Facade/Content/StarterContent/Textures/T_Ground_Grass_N.uasset"
[2026.05.08-02.43.46:886][  0]LogPackFactory: Copied "../../../Samples/StarterContent/Content/StarterContent/Textures/T_Ground_Gravel_D.uasset" to "../../../../../../Users/2026/Documents/Unreal Projects/Facade/Content/StarterContent/Textures/T_Ground_Gravel_D.uasset"
[2026.05.08-02.43.46:901][  0]LogPackFactory: Copied "../../../Samples/StarterContent/Content/StarterContent/Textures/T_Ground_Gravel_N.uasset" to "../../../../../../Users/2026/Documents/Unreal Projects/Facade/Content/StarterContent/Textures/T_Ground_Gravel_N.uasset"
[2026.05.08-02.43.46:920][  0]LogPackFactory: Copied "../../../Samples/StarterContent/Content/StarterContent/Textures/T_ground_Moss_D.uasset" to "../../../../../../Users/2026/Documents/Unreal Projects/Facade/Content/StarterContent/Textures/T_ground_Moss_D.uasset"
[2026.05.08-02.43.46:932][  0]LogPackFactory: Copied "../../../Samples/StarterContent/Content/StarterContent/Textures/T_Ground_Moss_N.uasset" to "../../../../../../Users/2026/Documents/Unreal Projects/Facade/Content/StarterContent/Textures/T_Ground_Moss_N.uasset"
[2026.05.08-02.43.46:940][  0]LogPackFactory: Copied "../../../Samples/StarterContent/Content/StarterContent/Textures/T_Lamp_M.uasset" to "../../../../../../Users/2026/Documents/Unreal Projects/Facade/Content/StarterContent/Textures/T_Lamp_M.uasset"
[2026.05.08-02.43.46:948][  0]LogPackFactory: Copied "../../../Samples/StarterContent/Content/StarterContent/Textures/T_Lamp_N.uasset" to "../../../../../../Users/2026/Documents/Unreal Projects/Facade/Content/StarterContent/Textures/T_Lamp_N.uasset"
[2026.05.08-02.43.46:965][  0]LogPackFactory: Copied "../../../Samples/StarterContent/Content/StarterContent/Textures/T_MacroVariation.uasset" to "../../../../../../Users/2026/Documents/Unreal Projects/Facade/Content/StarterContent/Textures/T_MacroVariation.uasset"
[2026.05.08-02.43.46:979][  0]LogPackFactory: Copied "../../../Samples/StarterContent/Content/StarterContent/Textures/T_Metal_Aluminum_D.uasset" to "../../../../../../Users/2026/Documents/Unreal Projects/Facade/Content/StarterContent/Textures/T_Metal_Aluminum_D.uasset"
[2026.05.08-02.43.46:993][  0]LogPackFactory: Copied "../../../Samples/StarterContent/Content/StarterContent/Textures/T_Metal_Copper_D.uasset" to "../../../../../../Users/2026/Documents/Unreal Projects/Facade/Content/StarterContent/Textures/T_Metal_Copper_D.uasset"
[2026.05.08-02.43.47:007][  0]LogPackFactory: Copied "../../../Samples/StarterContent/Content/StarterContent/Textures/T_Metal_Gold_D.uasset" to "../../../../../../Users/2026/Documents/Unreal Projects/Facade/Content/StarterContent/Textures/T_Metal_Gold_D.uasset"
[2026.05.08-02.43.47:016][  0]LogPackFactory: Copied "../../../Samples/StarterContent/Content/StarterContent/Textures/T_Metal_Gold_N.uasset" to "../../../../../../Users/2026/Documents/Unreal Projects/Facade/Content/StarterContent/Textures/T_Metal_Gold_N.uasset"
[2026.05.08-02.43.47:031][  0]LogPackFactory: Copied "../../../Samples/StarterContent/Content/StarterContent/Textures/T_Metal_Rust_D.uasset" to "../../../../../../Users/2026/Documents/Unreal Projects/Facade/Content/StarterContent/Textures/T_Metal_Rust_D.uasset"
[2026.05.08-02.43.47:045][  0]LogPackFactory: Copied "../../../Samples/StarterContent/Content/StarterContent/Textures/T_Metal_Rust_N.uasset" to "../../../../../../Users/2026/Documents/Unreal Projects/Facade/Content/StarterContent/Textures/T_Metal_Rust_N.uasset"
[2026.05.08-02.43.47:057][  0]LogPackFactory: Copied "../../../Samples/StarterContent/Content/StarterContent/Textures/T_Metal_Steel_D.uasset" to "../../../../../../Users/2026/Documents/Unreal Projects/Facade/Content/StarterContent/Textures/T_Metal_Steel_D.uasset"
[2026.05.08-02.43.47:072][  0]LogPackFactory: Copied "../../../Samples/StarterContent/Content/StarterContent/Textures/T_Metal_Steel_N.uasset" to "../../../../../../Users/2026/Documents/Unreal Projects/Facade/Content/StarterContent/Textures/T_Metal_Steel_N.uasset"
[2026.05.08-02.43.47:086][  0]LogPackFactory: Copied "../../../Samples/StarterContent/Content/StarterContent/Textures/T_Perlin_Noise_M.uasset" to "../../../../../../Users/2026/Documents/Unreal Projects/Facade/Content/StarterContent/Textures/T_Perlin_Noise_M.uasset"
[2026.05.08-02.43.47:096][  0]LogPackFactory: Copied "../../../Samples/StarterContent/Content/StarterContent/Textures/T_RockMesh_M.uasset" to "../../../../../../Users/2026/Documents/Unreal Projects/Facade/Content/StarterContent/Textures/T_RockMesh_M.uasset"
[2026.05.08-02.43.47:111][  0]LogPackFactory: Copied "../../../Samples/StarterContent/Content/StarterContent/Textures/T_RockMesh_N.uasset" to "../../../../../../Users/2026/Documents/Unreal Projects/Facade/Content/StarterContent/Textures/T_RockMesh_N.uasset"
[2026.05.08-02.43.47:125][  0]LogPackFactory: Copied "../../../Samples/StarterContent/Content/StarterContent/Textures/T_Rock_Basalt_D.uasset" to "../../../../../../Users/2026/Documents/Unreal Projects/Facade/Content/StarterContent/Textures/T_Rock_Basalt_D.uasset"
[2026.05.08-02.43.47:138][  0]LogPackFactory: Copied "../../../Samples/StarterContent/Content/StarterContent/Textures/T_Rock_Basalt_N.uasset" to "../../../../../../Users/2026/Documents/Unreal Projects/Facade/Content/StarterContent/Textures/T_Rock_Basalt_N.uasset"
[2026.05.08-02.43.47:150][  0]LogPackFactory: Copied "../../../Samples/StarterContent/Content/StarterContent/Textures/T_Rock_Marble_Polished_D.uasset" to "../../../../../../Users/2026/Documents/Unreal Projects/Facade/Content/StarterContent/Textures/T_Rock_Marble_Polished_D.uasset"
[2026.05.08-02.43.47:166][  0]LogPackFactory: Copied "../../../Samples/StarterContent/Content/StarterContent/Textures/T_Rock_Sandstone_D.uasset" to "../../../../../../Users/2026/Documents/Unreal Projects/Facade/Content/StarterContent/Textures/T_Rock_Sandstone_D.uasset"
[2026.05.08-02.43.47:181][  0]LogPackFactory: Copied "../../../Samples/StarterContent/Content/StarterContent/Textures/T_Rock_Sandstone_N.uasset" to "../../../../../../Users/2026/Documents/Unreal Projects/Facade/Content/StarterContent/Textures/T_Rock_Sandstone_N.uasset"
[2026.05.08-02.43.47:202][  0]LogPackFactory: Copied "../../../Samples/StarterContent/Content/StarterContent/Textures/T_Rock_Slate_D.uasset" to "../../../../../../Users/2026/Documents/Unreal Projects/Facade/Content/StarterContent/Textures/T_Rock_Slate_D.uasset"
[2026.05.08-02.43.47:219][  0]LogPackFactory: Copied "../../../Samples/StarterContent/Content/StarterContent/Textures/T_Rock_Slate_N.uasset" to "../../../../../../Users/2026/Documents/Unreal Projects/Facade/Content/StarterContent/Textures/T_Rock_Slate_N.uasset"
[2026.05.08-02.43.47:235][  0]LogPackFactory: Copied "../../../Samples/StarterContent/Content/StarterContent/Textures/T_Rock_Smooth_Granite_D.uasset" to "../../../../../../Users/2026/Documents/Unreal Projects/Facade/Content/StarterContent/Textures/T_Rock_Smooth_Granite_D.uasset"
[2026.05.08-02.43.47:245][  0]LogPackFactory: Copied "../../../Samples/StarterContent/Content/StarterContent/Textures/T_Shelf_M.uasset" to "../../../../../../Users/2026/Documents/Unreal Projects/Facade/Content/StarterContent/Textures/T_Shelf_M.uasset"
[2026.05.08-02.43.47:256][  0]LogPackFactory: Copied "../../../Samples/StarterContent/Content/StarterContent/Textures/T_Shelf_N.uasset" to "../../../../../../Users/2026/Documents/Unreal Projects/Facade/Content/StarterContent/Textures/T_Shelf_N.uasset"
[2026.05.08-02.43.47:267][  0]LogPackFactory: Copied "../../../Samples/StarterContent/Content/StarterContent/Textures/T_Single_Tile_N.uasset" to "../../../../../../Users/2026/Documents/Unreal Projects/Facade/Content/StarterContent/Textures/T_Single_Tile_N.uasset"
[2026.05.08-02.43.47:282][  0]LogPackFactory: Copied "../../../Samples/StarterContent/Content/StarterContent/Textures/T_Smoke_SubUV.uasset" to "../../../../../../Users/2026/Documents/Unreal Projects/Facade/Content/StarterContent/Textures/T_Smoke_SubUV.uasset"
[2026.05.08-02.43.47:292][  0]LogPackFactory: Copied "../../../Samples/StarterContent/Content/StarterContent/Textures/T_Smoke_Tiled_D.uasset" to "../../../../../../Users/2026/Documents/Unreal Projects/Facade/Content/StarterContent/Textures/T_Smoke_Tiled_D.uasset"
[2026.05.08-02.43.47:300][  0]LogPackFactory: Copied "../../../Samples/StarterContent/Content/StarterContent/Textures/T_Spark_Core.uasset" to "../../../../../../Users/2026/Documents/Unreal Projects/Facade/Content/StarterContent/Textures/T_Spark_Core.uasset"
[2026.05.08-02.43.47:309][  0]LogPackFactory: Copied "../../../Samples/StarterContent/Content/StarterContent/Textures/T_Statue_M.uasset" to "../../../../../../Users/2026/Documents/Unreal Projects/Facade/Content/StarterContent/Textures/T_Statue_M.uasset"
[2026.05.08-02.43.47:319][  0]LogPackFactory: Copied "../../../Samples/StarterContent/Content/StarterContent/Textures/T_Statue_N.uasset" to "../../../../../../Users/2026/Documents/Unreal Projects/Facade/Content/StarterContent/Textures/T_Statue_N.uasset"
[2026.05.08-02.43.47:333][  0]LogPackFactory: Copied "../../../Samples/StarterContent/Content/StarterContent/Textures/T_TableRound_M.uasset" to "../../../../../../Users/2026/Documents/Unreal Projects/Facade/Content/StarterContent/Textures/T_TableRound_M.uasset"
[2026.05.08-02.43.47:343][  0]LogPackFactory: Copied "../../../Samples/StarterContent/Content/StarterContent/Textures/T_TableRound_N.uasset" to "../../../../../../Users/2026/Documents/Unreal Projects/Facade/Content/StarterContent/Textures/T_TableRound_N.uasset"
[2026.05.08-02.43.47:355][  0]LogPackFactory: Copied "../../../Samples/StarterContent/Content/StarterContent/Textures/T_Tech_Dot_M.uasset" to "../../../../../../Users/2026/Documents/Unreal Projects/Facade/Content/StarterContent/Textures/T_Tech_Dot_M.uasset"
[2026.05.08-02.43.47:365][  0]LogPackFactory: Copied "../../../Samples/StarterContent/Content/StarterContent/Textures/T_Tech_Dot_N.uasset" to "../../../../../../Users/2026/Documents/Unreal Projects/Facade/Content/StarterContent/Textures/T_Tech_Dot_N.uasset"
[2026.05.08-02.43.47:374][  0]LogPackFactory: Copied "../../../Samples/StarterContent/Content/StarterContent/Textures/T_Tech_Hex_Tile_M.uasset" to "../../../../../../Users/2026/Documents/Unreal Projects/Facade/Content/StarterContent/Textures/T_Tech_Hex_Tile_M.uasset"
[2026.05.08-02.43.47:383][  0]LogPackFactory: Copied "../../../Samples/StarterContent/Content/StarterContent/Textures/T_Tech_Hex_Tile_N.uasset" to "../../../../../../Users/2026/Documents/Unreal Projects/Facade/Content/StarterContent/Textures/T_Tech_Hex_Tile_N.uasset"
[2026.05.08-02.43.47:392][  0]LogPackFactory: Copied "../../../Samples/StarterContent/Content/StarterContent/Textures/T_Tech_Panel_M.uasset" to "../../../../../../Users/2026/Documents/Unreal Projects/Facade/Content/StarterContent/Textures/T_Tech_Panel_M.uasset"
[2026.05.08-02.43.47:402][  0]LogPackFactory: Copied "../../../Samples/StarterContent/Content/StarterContent/Textures/T_Tech_Panel_N.uasset" to "../../../../../../Users/2026/Documents/Unreal Projects/Facade/Content/StarterContent/Textures/T_Tech_Panel_N.uasset"
[2026.05.08-02.43.47:412][  0]LogPackFactory: Copied "../../../Samples/StarterContent/Content/StarterContent/Textures/T_Water_M.uasset" to "../../../../../../Users/2026/Documents/Unreal Projects/Facade/Content/StarterContent/Textures/T_Water_M.uasset"
[2026.05.08-02.43.47:423][  0]LogPackFactory: Copied "../../../Samples/StarterContent/Content/StarterContent/Textures/T_Water_N.uasset" to "../../../../../../Users/2026/Documents/Unreal Projects/Facade/Content/StarterContent/Textures/T_Water_N.uasset"
[2026.05.08-02.43.47:435][  0]LogPackFactory: Copied "../../../Samples/StarterContent/Content/StarterContent/Textures/T_Wood_Floor_Walnut_D.uasset" to "../../../../../../Users/2026/Documents/Unreal Projects/Facade/Content/StarterContent/Textures/T_Wood_Floor_Walnut_D.uasset"
[2026.05.08-02.43.47:447][  0]LogPackFactory: Copied "../../../Samples/StarterContent/Content/StarterContent/Textures/T_Wood_Floor_Walnut_M.uasset" to "../../../../../../Users/2026/Documents/Unreal Projects/Facade/Content/StarterContent/Textures/T_Wood_Floor_Walnut_M.uasset"
[2026.05.08-02.43.47:459][  0]LogPackFactory: Copied "../../../Samples/StarterContent/Content/StarterContent/Textures/T_Wood_Floor_Walnut_N.uasset" to "../../../../../../Users/2026/Documents/Unreal Projects/Facade/Content/StarterContent/Textures/T_Wood_Floor_Walnut_N.uasset"
[2026.05.08-02.43.47:472][  0]LogPackFactory: Copied "../../../Samples/StarterContent/Content/StarterContent/Textures/T_Wood_Oak_D.uasset" to "../../../../../../Users/2026/Documents/Unreal Projects/Facade/Content/StarterContent/Textures/T_Wood_Oak_D.uasset"
[2026.05.08-02.43.47:486][  0]LogPackFactory: Copied "../../../Samples/StarterContent/Content/StarterContent/Textures/T_Wood_Oak_N.uasset" to "../../../../../../Users/2026/Documents/Unreal Projects/Facade/Content/StarterContent/Textures/T_Wood_Oak_N.uasset"
[2026.05.08-02.43.47:503][  0]LogPackFactory: Copied "../../../Samples/StarterContent/Content/StarterContent/Textures/T_Wood_Pine_D.uasset" to "../../../../../../Users/2026/Documents/Unreal Projects/Facade/Content/StarterContent/Textures/T_Wood_Pine_D.uasset"
[2026.05.08-02.43.47:513][  0]LogPackFactory: Copied "../../../Samples/StarterContent/Content/StarterContent/Textures/T_Wood_Pine_N.uasset" to "../../../../../../Users/2026/Documents/Unreal Projects/Facade/Content/StarterContent/Textures/T_Wood_Pine_N.uasset"
[2026.05.08-02.43.47:528][  0]LogPackFactory: Copied "../../../Samples/StarterContent/Content/StarterContent/Textures/T_Wood_Walnut_D.uasset" to "../../../../../../Users/2026/Documents/Unreal Projects/Facade/Content/StarterContent/Textures/T_Wood_Walnut_D.uasset"
[2026.05.08-02.43.47:539][  0]LogPackFactory: Copied "../../../Samples/StarterContent/Content/StarterContent/Textures/T_Wood_Walnut_N.uasset" to "../../../../../../Users/2026/Documents/Unreal Projects/Facade/Content/StarterContent/Textures/T_Wood_Walnut_N.uasset"
[2026.05.08-02.43.47:609][  0]LogRenderer: Reallocating scene render targets to support 256x256 Format 10 NumSamples 1 (Frame:1).
[2026.05.08-02.43.47:834][  0]LogSavePackage: Moving '../../../../../../Users/2026/Documents/Unreal Projects/Facade/Saved/Floor_400x400C873295C42619177664C5A89369B1545.tmp' to '../../../../../../Users/2026/Documents/Unreal Projects/Facade/Content/StarterContent/Architecture/Floor_400x400.uasset'
[2026.05.08-02.43.47:836][  0]LogFeaturePack: Warning: Inserted 1 feature packs
[2026.05.08-02.43.47:837][  0]Cmd: MAP LOAD FILE="../../../../../../Users/2026/Documents/Unreal Projects/Facade/Content/TwinStickCPP/Maps/TwinStickExampleMap.umap" TEMPLATE=0 SHOWPROGRESS=1 FEATURELEVEL=3
[2026.05.08-02.43.47:837][  0]LightingResults: New page: Diseñar la iluminación
[2026.05.08-02.43.47:842][  0]LogWorld: UWorld::CleanupWorld for Untitled, bSessionEnded=true, bCleanupResources=true
[2026.05.08-02.43.47:842][  0]LogSlate: InvalidateAllWidgets triggered.  All widgets were invalidated
[2026.05.08-02.43.47:842][  0]MapCheck: New page: Revisión del mapa
[2026.05.08-02.43.47:842][  0]LightingResults: New page: Diseñar la iluminación
[2026.05.08-02.43.47:851][  0]LogAudio: Display: Audio Device unregistered from world 'None'.
[2026.05.08-02.43.47:855][  0]LogUObjectHash: Compacting FUObjectHashTables data took   0.72ms
[2026.05.08-02.43.47:962][  0]LogTexture: Display: Building textures: DeprecatedTexture7E7C5F364849CA5579B47B8A55ADB97D (BGRA8, 128X128)
[2026.05.08-02.43.47:974][  0]LogAudio: Display: Audio Device (ID: 1) registered with world 'TwinStickExampleMap'.
[2026.05.08-02.43.47:975][  0]LogAIModule: Creating AISystem for world TwinStickExampleMap
[2026.05.08-02.43.47:982][  0]LogEditorServer: Finished looking for orphan Actors (0.000 secs)
[2026.05.08-02.43.47:993][  0]LogUObjectHash: Compacting FUObjectHashTables data took   0.76ms
[2026.05.08-02.43.47:994][  0]Cmd: MAP CHECKDEP NOCLEARLOG
[2026.05.08-02.43.47:994][  0]MapCheck: Map check complete: 0 Error(s), 0 Warning(s), took 0,141ms to complete.
[2026.05.08-02.43.47:995][  0]LogFileHelpers: Loading map 'TwinStickExampleMap' took 0.157
[2026.05.08-02.43.47:997][  0]LogUnrealEdMisc: Total Editor Startup Time, took 11.162
[2026.05.08-02.43.48:153][  0]LogSlate: Updating window title bar state: overlay mode, drag disabled, window buttons hidden, title bar hidden
[2026.05.08-02.43.48:158][  0]LogSlate: Updating window title bar state: overlay mode, drag disabled, window buttons hidden, title bar hidden
[2026.05.08-02.43.48:163][  0]LogSlate: Updating window title bar state: overlay mode, drag disabled, window buttons hidden, title bar hidden
[2026.05.08-02.43.48:171][  0]LogSlate: Updating window title bar state: overlay mode, drag disabled, window buttons hidden, title bar hidden
[2026.05.08-02.43.48:208][  0]LogNativeClassHierarchy: Verbose: Native class hierarchy populated in 0.0164 seconds. Added 3825 classes and 930 folders.
[2026.05.08-02.43.48:216][  0]LogNativeClassHierarchy: Verbose: Native class hierarchy updated for 'WidgetCarousel' in 0.0007 seconds. Added 0 classes and 0 folders.
[2026.05.08-02.43.48:218][  0]LogPakFile: PakFile PrimaryIndexSize=187
[2026.05.08-02.43.48:218][  0]LogPakFile: PakFile PathHashIndexSize=101
[2026.05.08-02.43.48:218][  0]LogPakFile: PakFile FullDirectoryIndexSize=148
[2026.05.08-02.43.48:218][  0]LogShaderLibrary: Display: ShaderCodeLibraryPakFileMountedCallback: PakFile 'C:/Program Files/Epic Games/UE_4.27/FeaturePacks/FP_FirstPerson.upack' (chunk index -1, root 'root:/') mounted
[2026.05.08-02.43.48:218][  0]LogShaderLibrary: Display: ShaderCodeLibraryPakFileMountedCallback: pending pak file info (ChunkID:-1 Root:root:/ File:C:/Program Files/Epic Games/UE_4.27/FeaturePacks/FP_FirstPerson.upack)
[2026.05.08-02.43.48:218][  0]LogPakFile: OnPakFileMounted2Time == 0.000086
[2026.05.08-02.43.48:219][  0]LogPakFile: PakFile PrimaryIndexSize=189
[2026.05.08-02.43.48:219][  0]LogPakFile: PakFile PathHashIndexSize=101
[2026.05.08-02.43.48:219][  0]LogPakFile: PakFile FullDirectoryIndexSize=152
[2026.05.08-02.43.48:219][  0]LogShaderLibrary: Display: ShaderCodeLibraryPakFileMountedCallback: PakFile 'C:/Program Files/Epic Games/UE_4.27/FeaturePacks/FP_FirstPersonBP.upack' (chunk index -1, root 'root:/') mounted
[2026.05.08-02.43.48:219][  0]LogShaderLibrary: Display: ShaderCodeLibraryPakFileMountedCallback: pending pak file info (ChunkID:-1 Root:root:/ File:C:/Program Files/Epic Games/UE_4.27/FeaturePacks/FP_FirstPersonBP.upack)
[2026.05.08-02.43.48:219][  0]LogPakFile: OnPakFileMounted2Time == 0.000049
[2026.05.08-02.43.48:219][  0]LogPakFile: PakFile PrimaryIndexSize=191
[2026.05.08-02.43.48:219][  0]LogPakFile: PakFile PathHashIndexSize=101
[2026.05.08-02.43.48:219][  0]LogPakFile: PakFile FullDirectoryIndexSize=160
[2026.05.08-02.43.48:219][  0]LogShaderLibrary: Display: ShaderCodeLibraryPakFileMountedCallback: PakFile 'C:/Program Files/Epic Games/UE_4.27/FeaturePacks/MobileStarterContent.upack' (chunk index -1, root 'root:/') mounted
[2026.05.08-02.43.48:219][  0]LogShaderLibrary: Display: ShaderCodeLibraryPakFileMountedCallback: pending pak file info (ChunkID:-1 Root:root:/ File:C:/Program Files/Epic Games/UE_4.27/FeaturePacks/MobileStarterContent.upack)
[2026.05.08-02.43.48:219][  0]LogPakFile: OnPakFileMounted2Time == 0.000041
[2026.05.08-02.43.48:220][  0]LogPakFile: PakFile PrimaryIndexSize=185
[2026.05.08-02.43.48:220][  0]LogPakFile: PakFile PathHashIndexSize=101
[2026.05.08-02.43.48:220][  0]LogPakFile: PakFile FullDirectoryIndexSize=148
[2026.05.08-02.43.48:220][  0]LogShaderLibrary: Display: ShaderCodeLibraryPakFileMountedCallback: PakFile 'C:/Program Files/Epic Games/UE_4.27/FeaturePacks/StarterContent.upack' (chunk index -1, root 'root:/') mounted
[2026.05.08-02.43.48:220][  0]LogShaderLibrary: Display: ShaderCodeLibraryPakFileMountedCallback: pending pak file info (ChunkID:-1 Root:root:/ File:C:/Program Files/Epic Games/UE_4.27/FeaturePacks/StarterContent.upack)
[2026.05.08-02.43.48:220][  0]LogPakFile: OnPakFileMounted2Time == 0.000034
[2026.05.08-02.43.48:220][  0]LogPakFile: PakFile PrimaryIndexSize=190
[2026.05.08-02.43.48:220][  0]LogPakFile: PakFile PathHashIndexSize=101
[2026.05.08-02.43.48:220][  0]LogPakFile: PakFile FullDirectoryIndexSize=154
[2026.05.08-02.43.48:220][  0]LogShaderLibrary: Display: ShaderCodeLibraryPakFileMountedCallback: PakFile 'C:/Program Files/Epic Games/UE_4.27/FeaturePacks/TP_2DSideScroller.upack' (chunk index -1, root 'root:/') mounted
[2026.05.08-02.43.48:220][  0]LogShaderLibrary: Display: ShaderCodeLibraryPakFileMountedCallback: pending pak file info (ChunkID:-1 Root:root:/ File:C:/Program Files/Epic Games/UE_4.27/FeaturePacks/TP_2DSideScroller.upack)
[2026.05.08-02.43.48:220][  0]LogPakFile: OnPakFileMounted2Time == 0.000036
[2026.05.08-02.43.48:222][  0]LogPakFile: PakFile PrimaryIndexSize=192
[2026.05.08-02.43.48:222][  0]LogPakFile: PakFile PathHashIndexSize=101
[2026.05.08-02.43.48:222][  0]LogPakFile: PakFile FullDirectoryIndexSize=158
[2026.05.08-02.43.48:222][  0]LogShaderLibrary: Display: ShaderCodeLibraryPakFileMountedCallback: PakFile 'C:/Program Files/Epic Games/UE_4.27/FeaturePacks/TP_2DSideScrollerBP.upack' (chunk index -1, root 'root:/') mounted
[2026.05.08-02.43.48:222][  0]LogShaderLibrary: Display: ShaderCodeLibraryPakFileMountedCallback: pending pak file info (ChunkID:-1 Root:root:/ File:C:/Program Files/Epic Games/UE_4.27/FeaturePacks/TP_2DSideScrollerBP.upack)
[2026.05.08-02.43.48:222][  0]LogPakFile: OnPakFileMounted2Time == 0.000049
[2026.05.08-02.43.48:223][  0]LogPakFile: PakFile PrimaryIndexSize=182
[2026.05.08-02.43.48:223][  0]LogPakFile: PakFile PathHashIndexSize=101
[2026.05.08-02.43.48:223][  0]LogPakFile: PakFile FullDirectoryIndexSize=138
[2026.05.08-02.43.48:223][  0]LogShaderLibrary: Display: ShaderCodeLibraryPakFileMountedCallback: PakFile 'C:/Program Files/Epic Games/UE_4.27/FeaturePacks/TP_Flying.upack' (chunk index -1, root 'root:/') mounted
[2026.05.08-02.43.48:223][  0]LogShaderLibrary: Display: ShaderCodeLibraryPakFileMountedCallback: pending pak file info (ChunkID:-1 Root:root:/ File:C:/Program Files/Epic Games/UE_4.27/FeaturePacks/TP_Flying.upack)
[2026.05.08-02.43.48:223][  0]LogPakFile: OnPakFileMounted2Time == 0.000054
[2026.05.08-02.43.48:223][  0]LogPakFile: PakFile PrimaryIndexSize=184
[2026.05.08-02.43.48:223][  0]LogPakFile: PakFile PathHashIndexSize=101
[2026.05.08-02.43.48:223][  0]LogPakFile: PakFile FullDirectoryIndexSize=142
[2026.05.08-02.43.48:223][  0]LogShaderLibrary: Display: ShaderCodeLibraryPakFileMountedCallback: PakFile 'C:/Program Files/Epic Games/UE_4.27/FeaturePacks/TP_FlyingBP.upack' (chunk index -1, root 'root:/') mounted
[2026.05.08-02.43.48:223][  0]LogShaderLibrary: Display: ShaderCodeLibraryPakFileMountedCallback: pending pak file info (ChunkID:-1 Root:root:/ File:C:/Program Files/Epic Games/UE_4.27/FeaturePacks/TP_FlyingBP.upack)
[2026.05.08-02.43.48:223][  0]LogPakFile: OnPakFileMounted2Time == 0.000050
[2026.05.08-02.43.48:224][  0]LogPakFile: PakFile PrimaryIndexSize=188
[2026.05.08-02.43.48:224][  0]LogPakFile: PakFile PathHashIndexSize=101
[2026.05.08-02.43.48:224][  0]LogPakFile: PakFile FullDirectoryIndexSize=150
[2026.05.08-02.43.48:224][  0]LogShaderLibrary: Display: ShaderCodeLibraryPakFileMountedCallback: PakFile 'C:/Program Files/Epic Games/UE_4.27/FeaturePacks/TP_HandheldARBP.upack' (chunk index -1, root 'root:/') mounted
[2026.05.08-02.43.48:224][  0]LogShaderLibrary: Display: ShaderCodeLibraryPakFileMountedCallback: pending pak file info (ChunkID:-1 Root:root:/ File:C:/Program Files/Epic Games/UE_4.27/FeaturePacks/TP_HandheldARBP.upack)
[2026.05.08-02.43.48:224][  0]LogPakFile: OnPakFileMounted2Time == 0.000047
[2026.05.08-02.43.48:225][  0]LogPakFile: PakFile PrimaryIndexSize=182
[2026.05.08-02.43.48:225][  0]LogPakFile: PakFile PathHashIndexSize=101
[2026.05.08-02.43.48:225][  0]LogPakFile: PakFile FullDirectoryIndexSize=138
[2026.05.08-02.43.48:225][  0]LogShaderLibrary: Display: ShaderCodeLibraryPakFileMountedCallback: PakFile 'C:/Program Files/Epic Games/UE_4.27/FeaturePacks/TP_Puzzle.upack' (chunk index -1, root 'root:/') mounted
[2026.05.08-02.43.48:225][  0]LogShaderLibrary: Display: ShaderCodeLibraryPakFileMountedCallback: pending pak file info (ChunkID:-1 Root:root:/ File:C:/Program Files/Epic Games/UE_4.27/FeaturePacks/TP_Puzzle.upack)
[2026.05.08-02.43.48:225][  0]LogPakFile: OnPakFileMounted2Time == 0.000035
[2026.05.08-02.43.48:225][  0]LogPakFile: PakFile PrimaryIndexSize=184
[2026.05.08-02.43.48:225][  0]LogPakFile: PakFile PathHashIndexSize=101
[2026.05.08-02.43.48:225][  0]LogPakFile: PakFile FullDirectoryIndexSize=142
[2026.05.08-02.43.48:225][  0]LogShaderLibrary: Display: ShaderCodeLibraryPakFileMountedCallback: PakFile 'C:/Program Files/Epic Games/UE_4.27/FeaturePacks/TP_PuzzleBP.upack' (chunk index -1, root 'root:/') mounted
[2026.05.08-02.43.48:225][  0]LogShaderLibrary: Display: ShaderCodeLibraryPakFileMountedCallback: pending pak file info (ChunkID:-1 Root:root:/ File:C:/Program Files/Epic Games/UE_4.27/FeaturePacks/TP_PuzzleBP.upack)
[2026.05.08-02.43.48:225][  0]LogPakFile: OnPakFileMounted2Time == 0.000030
[2026.05.08-02.43.48:226][  0]LogPakFile: PakFile PrimaryIndexSize=183
[2026.05.08-02.43.48:226][  0]LogPakFile: PakFile PathHashIndexSize=101
[2026.05.08-02.43.48:226][  0]LogPakFile: PakFile FullDirectoryIndexSize=140
[2026.05.08-02.43.48:226][  0]LogShaderLibrary: Display: ShaderCodeLibraryPakFileMountedCallback: PakFile 'C:/Program Files/Epic Games/UE_4.27/FeaturePacks/TP_Rolling.upack' (chunk index -1, root 'root:/') mounted
[2026.05.08-02.43.48:226][  0]LogShaderLibrary: Display: ShaderCodeLibraryPakFileMountedCallback: pending pak file info (ChunkID:-1 Root:root:/ File:C:/Program Files/Epic Games/UE_4.27/FeaturePacks/TP_Rolling.upack)
[2026.05.08-02.43.48:226][  0]LogPakFile: OnPakFileMounted2Time == 0.000052
[2026.05.08-02.43.48:227][  0]LogPakFile: PakFile PrimaryIndexSize=185
[2026.05.08-02.43.48:227][  0]LogPakFile: PakFile PathHashIndexSize=101
[2026.05.08-02.43.48:227][  0]LogPakFile: PakFile FullDirectoryIndexSize=144
[2026.05.08-02.43.48:227][  0]LogShaderLibrary: Display: ShaderCodeLibraryPakFileMountedCallback: PakFile 'C:/Program Files/Epic Games/UE_4.27/FeaturePacks/TP_RollingBP.upack' (chunk index -1, root 'root:/') mounted
[2026.05.08-02.43.48:227][  0]LogShaderLibrary: Display: ShaderCodeLibraryPakFileMountedCallback: pending pak file info (ChunkID:-1 Root:root:/ File:C:/Program Files/Epic Games/UE_4.27/FeaturePacks/TP_RollingBP.upack)
[2026.05.08-02.43.48:227][  0]LogPakFile: OnPakFileMounted2Time == 0.000063
[2026.05.08-02.43.48:227][  0]LogPakFile: PakFile PrimaryIndexSize=188
[2026.05.08-02.43.48:227][  0]LogPakFile: PakFile PathHashIndexSize=101
[2026.05.08-02.43.48:227][  0]LogPakFile: PakFile FullDirectoryIndexSize=150
[2026.05.08-02.43.48:227][  0]LogShaderLibrary: Display: ShaderCodeLibraryPakFileMountedCallback: PakFile 'C:/Program Files/Epic Games/UE_4.27/FeaturePacks/TP_SideScroller.upack' (chunk index -1, root 'root:/') mounted
[2026.05.08-02.43.48:227][  0]LogShaderLibrary: Display: ShaderCodeLibraryPakFileMountedCallback: pending pak file info (ChunkID:-1 Root:root:/ File:C:/Program Files/Epic Games/UE_4.27/FeaturePacks/TP_SideScroller.upack)
[2026.05.08-02.43.48:227][  0]LogPakFile: OnPakFileMounted2Time == 0.000061
[2026.05.08-02.43.48:228][  0]LogPakFile: PakFile PrimaryIndexSize=190
[2026.05.08-02.43.48:228][  0]LogPakFile: PakFile PathHashIndexSize=101
[2026.05.08-02.43.48:228][  0]LogPakFile: PakFile FullDirectoryIndexSize=154
[2026.05.08-02.43.48:228][  0]LogShaderLibrary: Display: ShaderCodeLibraryPakFileMountedCallback: PakFile 'C:/Program Files/Epic Games/UE_4.27/FeaturePacks/TP_SideScrollerBP.upack' (chunk index -1, root 'root:/') mounted
[2026.05.08-02.43.48:228][  0]LogShaderLibrary: Display: ShaderCodeLibraryPakFileMountedCallback: pending pak file info (ChunkID:-1 Root:root:/ File:C:/Program Files/Epic Games/UE_4.27/FeaturePacks/TP_SideScrollerBP.upack)
[2026.05.08-02.43.48:228][  0]LogPakFile: OnPakFileMounted2Time == 0.000051
[2026.05.08-02.43.48:230][  0]LogPakFile: PakFile PrimaryIndexSize=187
[2026.05.08-02.43.48:230][  0]LogPakFile: PakFile PathHashIndexSize=101
[2026.05.08-02.43.48:230][  0]LogPakFile: PakFile FullDirectoryIndexSize=148
[2026.05.08-02.43.48:230][  0]LogShaderLibrary: Display: ShaderCodeLibraryPakFileMountedCallback: PakFile 'C:/Program Files/Epic Games/UE_4.27/FeaturePacks/TP_ThirdPerson.upack' (chunk index -1, root 'root:/') mounted
[2026.05.08-02.43.48:230][  0]LogShaderLibrary: Display: ShaderCodeLibraryPakFileMountedCallback: pending pak file info (ChunkID:-1 Root:root:/ File:C:/Program Files/Epic Games/UE_4.27/FeaturePacks/TP_ThirdPerson.upack)
[2026.05.08-02.43.48:230][  0]LogPakFile: OnPakFileMounted2Time == 0.000057
[2026.05.08-02.43.48:231][  0]LogPakFile: PakFile PrimaryIndexSize=189
[2026.05.08-02.43.48:231][  0]LogPakFile: PakFile PathHashIndexSize=101
[2026.05.08-02.43.48:231][  0]LogPakFile: PakFile FullDirectoryIndexSize=152
[2026.05.08-02.43.48:231][  0]LogShaderLibrary: Display: ShaderCodeLibraryPakFileMountedCallback: PakFile 'C:/Program Files/Epic Games/UE_4.27/FeaturePacks/TP_ThirdPersonBP.upack' (chunk index -1, root 'root:/') mounted
[2026.05.08-02.43.48:231][  0]LogShaderLibrary: Display: ShaderCodeLibraryPakFileMountedCallback: pending pak file info (ChunkID:-1 Root:root:/ File:C:/Program Files/Epic Games/UE_4.27/FeaturePacks/TP_ThirdPersonBP.upack)
[2026.05.08-02.43.48:231][  0]LogPakFile: OnPakFileMounted2Time == 0.000051
[2026.05.08-02.43.48:231][  0]LogPakFile: PakFile PrimaryIndexSize=183
[2026.05.08-02.43.48:231][  0]LogPakFile: PakFile PathHashIndexSize=101
[2026.05.08-02.43.48:231][  0]LogPakFile: PakFile FullDirectoryIndexSize=140
[2026.05.08-02.43.48:231][  0]LogShaderLibrary: Display: ShaderCodeLibraryPakFileMountedCallback: PakFile 'C:/Program Files/Epic Games/UE_4.27/FeaturePacks/TP_TopDown.upack' (chunk index -1, root 'root:/') mounted
[2026.05.08-02.43.48:232][  0]LogShaderLibrary: Display: ShaderCodeLibraryPakFileMountedCallback: pending pak file info (ChunkID:-1 Root:root:/ File:C:/Program Files/Epic Games/UE_4.27/FeaturePacks/TP_TopDown.upack)
[2026.05.08-02.43.48:232][  0]LogPakFile: OnPakFileMounted2Time == 0.000043
[2026.05.08-02.43.48:232][  0]LogPakFile: PakFile PrimaryIndexSize=185
[2026.05.08-02.43.48:232][  0]LogPakFile: PakFile PathHashIndexSize=101
[2026.05.08-02.43.48:232][  0]LogPakFile: PakFile FullDirectoryIndexSize=144
[2026.05.08-02.43.48:232][  0]LogShaderLibrary: Display: ShaderCodeLibraryPakFileMountedCallback: PakFile 'C:/Program Files/Epic Games/UE_4.27/FeaturePacks/TP_TopDownBP.upack' (chunk index -1, root 'root:/') mounted
[2026.05.08-02.43.48:232][  0]LogShaderLibrary: Display: ShaderCodeLibraryPakFileMountedCallback: pending pak file info (ChunkID:-1 Root:root:/ File:C:/Program Files/Epic Games/UE_4.27/FeaturePacks/TP_TopDownBP.upack)
[2026.05.08-02.43.48:232][  0]LogPakFile: OnPakFileMounted2Time == 0.000030
[2026.05.08-02.43.48:232][  0]LogPakFile: PakFile PrimaryIndexSize=185
[2026.05.08-02.43.48:232][  0]LogPakFile: PakFile PathHashIndexSize=101
[2026.05.08-02.43.48:232][  0]LogPakFile: PakFile FullDirectoryIndexSize=144
[2026.05.08-02.43.48:232][  0]LogShaderLibrary: Display: ShaderCodeLibraryPakFileMountedCallback: PakFile 'C:/Program Files/Epic Games/UE_4.27/FeaturePacks/TP_TwinStick.upack' (chunk index -1, root 'root:/') mounted
[2026.05.08-02.43.48:232][  0]LogShaderLibrary: Display: ShaderCodeLibraryPakFileMountedCallback: pending pak file info (ChunkID:-1 Root:root:/ File:C:/Program Files/Epic Games/UE_4.27/FeaturePacks/TP_TwinStick.upack)
[2026.05.08-02.43.48:232][  0]LogPakFile: OnPakFileMounted2Time == 0.000030
[2026.05.08-02.43.48:233][  0]LogPakFile: PakFile PrimaryIndexSize=187
[2026.05.08-02.43.48:233][  0]LogPakFile: PakFile PathHashIndexSize=101
[2026.05.08-02.43.48:233][  0]LogPakFile: PakFile FullDirectoryIndexSize=148
[2026.05.08-02.43.48:233][  0]LogShaderLibrary: Display: ShaderCodeLibraryPakFileMountedCallback: PakFile 'C:/Program Files/Epic Games/UE_4.27/FeaturePacks/TP_TwinStickBP.upack' (chunk index -1, root 'root:/') mounted
[2026.05.08-02.43.48:233][  0]LogShaderLibrary: Display: ShaderCodeLibraryPakFileMountedCallback: pending pak file info (ChunkID:-1 Root:root:/ File:C:/Program Files/Epic Games/UE_4.27/FeaturePacks/TP_TwinStickBP.upack)
[2026.05.08-02.43.48:233][  0]LogPakFile: OnPakFileMounted2Time == 0.000037
[2026.05.08-02.43.48:233][  0]LogPakFile: PakFile PrimaryIndexSize=183
[2026.05.08-02.43.48:233][  0]LogPakFile: PakFile PathHashIndexSize=101
[2026.05.08-02.43.48:233][  0]LogPakFile: PakFile FullDirectoryIndexSize=140
[2026.05.08-02.43.48:233][  0]LogShaderLibrary: Display: ShaderCodeLibraryPakFileMountedCallback: PakFile 'C:/Program Files/Epic Games/UE_4.27/FeaturePacks/TP_Vehicle.upack' (chunk index -1, root 'root:/') mounted
[2026.05.08-02.43.48:233][  0]LogShaderLibrary: Display: ShaderCodeLibraryPakFileMountedCallback: pending pak file info (ChunkID:-1 Root:root:/ File:C:/Program Files/Epic Games/UE_4.27/FeaturePacks/TP_Vehicle.upack)
[2026.05.08-02.43.48:233][  0]LogPakFile: OnPakFileMounted2Time == 0.000030
[2026.05.08-02.43.48:234][  0]LogPakFile: PakFile PrimaryIndexSize=186
[2026.05.08-02.43.48:234][  0]LogPakFile: PakFile PathHashIndexSize=101
[2026.05.08-02.43.48:234][  0]LogPakFile: PakFile FullDirectoryIndexSize=146
[2026.05.08-02.43.48:234][  0]LogShaderLibrary: Display: ShaderCodeLibraryPakFileMountedCallback: PakFile 'C:/Program Files/Epic Games/UE_4.27/FeaturePacks/TP_VehicleAdv.upack' (chunk index -1, root 'root:/') mounted
[2026.05.08-02.43.48:234][  0]LogShaderLibrary: Display: ShaderCodeLibraryPakFileMountedCallback: pending pak file info (ChunkID:-1 Root:root:/ File:C:/Program Files/Epic Games/UE_4.27/FeaturePacks/TP_VehicleAdv.upack)
[2026.05.08-02.43.48:234][  0]LogPakFile: OnPakFileMounted2Time == 0.000032
[2026.05.08-02.43.48:234][  0]LogPakFile: PakFile PrimaryIndexSize=188
[2026.05.08-02.43.48:234][  0]LogPakFile: PakFile PathHashIndexSize=101
[2026.05.08-02.43.48:234][  0]LogPakFile: PakFile FullDirectoryIndexSize=150
[2026.05.08-02.43.48:234][  0]LogShaderLibrary: Display: ShaderCodeLibraryPakFileMountedCallback: PakFile 'C:/Program Files/Epic Games/UE_4.27/FeaturePacks/TP_VehicleAdvBP.upack' (chunk index -1, root 'root:/') mounted
[2026.05.08-02.43.48:234][  0]LogShaderLibrary: Display: ShaderCodeLibraryPakFileMountedCallback: pending pak file info (ChunkID:-1 Root:root:/ File:C:/Program Files/Epic Games/UE_4.27/FeaturePacks/TP_VehicleAdvBP.upack)
[2026.05.08-02.43.48:234][  0]LogPakFile: OnPakFileMounted2Time == 0.000030
[2026.05.08-02.43.48:235][  0]LogPakFile: PakFile PrimaryIndexSize=185
[2026.05.08-02.43.48:235][  0]LogPakFile: PakFile PathHashIndexSize=101
[2026.05.08-02.43.48:235][  0]LogPakFile: PakFile FullDirectoryIndexSize=144
[2026.05.08-02.43.48:235][  0]LogShaderLibrary: Display: ShaderCodeLibraryPakFileMountedCallback: PakFile 'C:/Program Files/Epic Games/UE_4.27/FeaturePacks/TP_VehicleBP.upack' (chunk index -1, root 'root:/') mounted
[2026.05.08-02.43.48:235][  0]LogShaderLibrary: Display: ShaderCodeLibraryPakFileMountedCallback: pending pak file info (ChunkID:-1 Root:root:/ File:C:/Program Files/Epic Games/UE_4.27/FeaturePacks/TP_VehicleBP.upack)
[2026.05.08-02.43.48:235][  0]LogPakFile: OnPakFileMounted2Time == 0.000035
[2026.05.08-02.43.48:235][  0]LogPakFile: PakFile PrimaryIndexSize=192
[2026.05.08-02.43.48:235][  0]LogPakFile: PakFile PathHashIndexSize=101
[2026.05.08-02.43.48:235][  0]LogPakFile: PakFile FullDirectoryIndexSize=158
[2026.05.08-02.43.48:235][  0]LogShaderLibrary: Display: ShaderCodeLibraryPakFileMountedCallback: PakFile 'C:/Program Files/Epic Games/UE_4.27/FeaturePacks/TP_VirtualRealityBP.upack' (chunk index -1, root 'root:/') mounted
[2026.05.08-02.43.48:235][  0]LogShaderLibrary: Display: ShaderCodeLibraryPakFileMountedCallback: pending pak file info (ChunkID:-1 Root:root:/ File:C:/Program Files/Epic Games/UE_4.27/FeaturePacks/TP_VirtualRealityBP.upack)
[2026.05.08-02.43.48:235][  0]LogPakFile: OnPakFileMounted2Time == 0.000034
[2026.05.08-02.43.48:307][  0]LogNativeClassHierarchy: Verbose: Native class hierarchy updated for 'AddContentDialog' in 0.0004 seconds. Added 0 classes and 0 folders.
[2026.05.08-02.43.48:311][  0]LogNativeClassHierarchy: Verbose: Native class hierarchy updated for 'SceneOutliner' in 0.0004 seconds. Added 2 classes and 0 folders.
[2026.05.08-02.43.48:596][  0]LogSlate: Took 0.000308 seconds to synchronously load lazily loaded font '../../../Engine/Content/Slate/Fonts/Roboto-Regular.ttf' (155K)
[2026.05.08-02.43.48:605][  0]LogSlate: Took 0.008116 seconds to synchronously load lazily loaded font '../../../Engine/Content/Editor/Slate/Fonts/FontAwesome.ttf' (139K)
[2026.05.08-02.43.48:606][  0]LogSlate: Took 0.000179 seconds to synchronously load lazily loaded font '../../../Engine/Content/Slate/Fonts/Roboto-Bold.ttf' (160K)
[2026.05.08-02.43.48:649][  0]LogRenderer: Reallocating scene render targets to support 1128x488 Format 10 NumSamples 1 (Frame:1).
[2026.05.08-02.43.48:715][  0]LogSlate: Took 0.000234 seconds to synchronously load lazily loaded font '../../../Engine/Content/Slate/Fonts/Roboto-Light.ttf' (167K)
[2026.05.08-02.43.48:828][  0]LogNativeClassHierarchy: Verbose: Native class hierarchy updated for 'HierarchicalLODOutliner' in 0.0007 seconds. Added 0 classes and 0 folders.
[2026.05.08-02.43.48:829][  0]LogLoad: (Engine Initialization) Total time: 11.99 seconds
[2026.05.08-02.43.48:829][  0]LogLoad: (Engine Initialization) Total Blueprint compile time: 0.00 seconds
[2026.05.08-02.43.48:863][  0]AssetCheck: New page: Asset Save: Floor_400x400
[2026.05.08-02.43.48:863][  0]LogContentValidation: Display: Validating StaticMesh /Game/StarterContent/Architecture/Floor_400x400.Floor_400x400
[2026.05.08-02.43.48:896][  0]LogAssetRegistry: Asset discovery search completed in 9.1377 seconds
[2026.05.08-02.43.48:905][  0]LogCollectionManager: Fixed up redirectors for 0 collections in 0.000005 seconds (updated 0 objects)
[2026.05.08-02.43.48:984][  0]LogContentStreaming: Texture pool size now 1000 MB
[2026.05.08-02.44.59:457][461]LogEditorViewport: Clicking on Actor (LMB): StaticMeshActor (Floor)
[2026.05.08-02.45.04:262][734]LogSlate: Took 0.000156 seconds to synchronously load lazily loaded font '../../../Engine/Content/Slate/Fonts/Roboto-Light.ttf' (167K)
[2026.05.08-02.45.04:299][734]LogEditorClassViewer: Warning: Class /Engine/Tutorial/InWorldBlueprintEditing/TutorialAssets/IWBE_Blutility.IWBE_Blutility_C has parent /Script/Blutility.PlacedEditorUtilityBase, but this parent is not found. The Class will not be shown in ClassViewer.
[2026.05.08-02.45.04:342][734]LogSlate: Took 0.000649 seconds to synchronously load lazily loaded font '../../../Engine/Content/Slate/Fonts/Roboto-BoldCondensed.ttf' (158K)
[2026.05.08-02.45.29:328][223]Running C:/Program Files/Epic Games/UE_4.27/Engine/Binaries/DotNET/UnrealBuildTool.exe  -projectfiles -project="C:/Users/2026/Documents/Unreal Projects/Facade/Facade.uproject" -game -rocket -progress
[2026.05.08-02.45.29:638][223]Discovering modules, targets and source code for project...
[2026.05.08-02.45.30:746][223]Binding IntelliSense data...
[2026.05.08-02.45.32:474][223]Binding IntelliSense data... 100%
[2026.05.08-02.45.32:475][223]Writing project files...
[2026.05.08-02.45.35:795][223]Writing project files... 100%
[2026.05.08-02.45.35:972][223]Candidate modules for hot reload:
[2026.05.08-02.45.35:972][223]  Facade
[2026.05.08-02.45.35:972][223]Launching UnrealBuildTool... [C:/Program Files/Epic Games/UE_4.27/Engine/Binaries/DotNET/UnrealBuildTool.exe  -ModuleWithSuffix=Facade,2253 FacadeEditor Win64 Development -Project="C:/Users/2026/Documents/Unreal Projects/Facade/Facade.uproject" "C:/Users/2026/Documents/Unreal Projects/Facade/Facade.uproject"  -IgnoreJunk]
[2026.05.08-02.45.43:754][223]CompilerResultsLog: New page: Compilación - 7 may. 2026 18:45:43
[2026.05.08-02.45.43:754][223]CompilerResultsLog: Creating makefile for FacadeEditor (no existing makefile)
[2026.05.08-02.45.43:754][223]CompilerResultsLog: Parsing headers for FacadeEditor
[2026.05.08-02.45.43:754][223]CompilerResultsLog:   Running UnrealHeaderTool "C:\Users\2026\Documents\Unreal Projects\Facade\Facade.uproject" "C:\Users\2026\Documents\Unreal Projects\Facade\Intermediate\Build\Win64\FacadeEditor\Development\FacadeEditor.uhtmanifest" -LogCmds="loginit warning, logexit warning, logdatabase error" -Unattended -WarningsAsErrors -abslog="C:\Users\2026\AppData\Local\UnrealBuildTool\Log_UHT.txt" -installed
[2026.05.08-02.45.43:754][223]CompilerResultsLog: LogInit: Display: Loading text-based GConfig....
[2026.05.08-02.45.43:754][223]CompilerResultsLog: Reflection code generated for FacadeEditor in 3,2830443 seconds
[2026.05.08-02.45.43:754][223]CompilerResultsLog: Building FacadeEditor...
[2026.05.08-02.45.43:754][223]CompilerResultsLog: Using Visual Studio 2022 14.44.35223 toolchain (C:\Program Files\Microsoft Visual Studio\2022\Community\VC\Tools\MSVC\14.44.35207) and Windows 10.0.26100.0 SDK (C:\Program Files (x86)\Windows Kits\10).
[2026.05.08-02.45.43:754][223]CompilerResultsLog: Building 13 actions with 12 processes...
[2026.05.08-02.45.43:754][223]CompilerResultsLog:   [1/13] Facade.cpp
[2026.05.08-02.45.43:754][223]CompilerResultsLog:   [2/13] Enemigo_Terrestre.cpp
[2026.05.08-02.45.43:754][223]CompilerResultsLog:   [3/13] FacadeProjectile.cpp
[2026.05.08-02.45.43:754][223]CompilerResultsLog:   [4/13] Facade.init.gen.cpp
[2026.05.08-02.45.43:754][223]CompilerResultsLog:   [5/13] Enemigo_Terrestre.gen.cpp
[2026.05.08-02.45.43:754][223]CompilerResultsLog:   [6/13] FacadeProjectile.gen.cpp
[2026.05.08-02.45.43:754][223]CompilerResultsLog:   [7/13] FacadeGameMode.cpp
[2026.05.08-02.45.43:754][223]CompilerResultsLog:   [8/13] FacadeGameMode.gen.cpp
[2026.05.08-02.45.43:754][223]CompilerResultsLog:   [9/13] FacadePawn.gen.cpp
[2026.05.08-02.45.43:754][223]CompilerResultsLog:   [10/13] FacadePawn.cpp
[2026.05.08-02.45.43:754][223]CompilerResultsLog:   [11/13] UE4Editor-Facade-2253.lib
[2026.05.08-02.45.43:754][223]CompilerResultsLog:      Creando biblioteca C:\Users\2026\Documents\Unreal Projects\Facade\Intermediate\Build\Win64\UE4Editor\Development\Facade\UE4Editor-Facade-2253.lib y objeto C:\Users\2026\Documents\Unreal Projects\Facade\Intermediate\Build\Win64\UE4Editor\Development\Facade\UE4Editor-Facade-2253.exp
[2026.05.08-02.45.43:754][223]CompilerResultsLog:   [12/13] UE4Editor-Facade-2253.dll
[2026.05.08-02.45.43:754][223]CompilerResultsLog:      Creando biblioteca C:\Users\2026\Documents\Unreal Projects\Facade\Intermediate\Build\Win64\UE4Editor\Development\Facade\UE4Editor-Facade-2253.suppressed.lib y objeto C:\Users\2026\Documents\Unreal Projects\Facade\Intermediate\Build\Win64\UE4Editor\Development\Facade\UE4Editor-Facade-2253.suppressed.exp
[2026.05.08-02.45.43:754][223]CompilerResultsLog:   [13/13] FacadeEditor.target
[2026.05.08-02.45.43:754][223]CompilerResultsLog: Total time in Parallel executor: 2,75 seconds
[2026.05.08-02.45.43:754][223]CompilerResultsLog: Total execution time: 7,70 seconds
[2026.05.08-02.45.43:756][223]LogMainFrame: MainFrame: Module compiling took 7.803 seconds
[2026.05.08-02.45.43:798][223]LogClass: Could not find existing class Enemigo_Terrestre in package /Script/Facade for HotReload, assuming new class
[2026.05.08-02.45.43:803][223]LogNativeClassHierarchy: Verbose: Native class hierarchy updated for 'Facade' in 0.0003 seconds. Added 4 classes and 2 folders.
[2026.05.08-02.45.43:805][223]Display: HotReload successful (1 functions remapped  0 scriptstructs remapped)
[2026.05.08-02.45.43:854][223]LogNativeClassHierarchy: Verbose: Native class hierarchy populated in 0.0083 seconds. Added 3826 classes and 930 folders.
[2026.05.08-02.45.43:855][223]Display: HotReload took  8.0s.
[2026.05.08-02.45.43:857][223]Warning: HotReload operation took  8.0s.
[2026.05.08-02.45.45:493][223]LogSlate: Window 'Add C++ Class' being destroyed
[2026.05.08-02.45.45:506][223]LogHotReload: New module detected: UE4Editor-Facade-2253.dll
[2026.05.08-02.45.45:555][224]LogHotReload: Starting Hot-Reload from IDE
[2026.05.08-02.45.45:583][224]LogNativeClassHierarchy: Verbose: Native class hierarchy updated for 'Facade' in 0.0003 seconds. Added 4 classes and 2 folders.
[2026.05.08-02.45.45:585][224]Display: HotReload successful (0 functions remapped  0 scriptstructs remapped)
[2026.05.08-02.45.45:596][224]LogNativeClassHierarchy: Verbose: Native class hierarchy populated in 0.0086 seconds. Added 3826 classes and 930 folders.
[2026.05.08-02.45.45:603][224]Display: HotReload took  0.0s.
[2026.05.08-02.46.14:019][459]Running C:/Program Files/Epic Games/UE_4.27/Engine/Binaries/DotNET/UnrealBuildTool.exe  -projectfiles -project="C:/Users/2026/Documents/Unreal Projects/Facade/Facade.uproject" -game -rocket -progress
[2026.05.08-02.46.14:328][459]Discovering modules, targets and source code for project...
[2026.05.08-02.46.15:535][459]Binding IntelliSense data...
[2026.05.08-02.46.17:355][459]Binding IntelliSense data... 100%
[2026.05.08-02.46.17:355][459]Writing project files...
[2026.05.08-02.46.19:773][459]Writing project files... 100%
[2026.05.08-02.46.19:893][459]Candidate modules for hot reload:
[2026.05.08-02.46.19:893][459]  Facade
[2026.05.08-02.46.19:893][459]Launching UnrealBuildTool... [C:/Program Files/Epic Games/UE_4.27/Engine/Binaries/DotNET/UnrealBuildTool.exe  -ModuleWithSuffix=Facade,8554 FacadeEditor Win64 Development -Project="C:/Users/2026/Documents/Unreal Projects/Facade/Facade.uproject" "C:/Users/2026/Documents/Unreal Projects/Facade/Facade.uproject"  -IgnoreJunk]
[2026.05.08-02.46.26:137][459]CompilerResultsLog: New page: Compilación - 7 may. 2026 18:46:26
[2026.05.08-02.46.26:137][459]CompilerResultsLog: Creating makefile for FacadeEditor (no existing makefile)
[2026.05.08-02.46.26:137][459]CompilerResultsLog: Parsing headers for FacadeEditor
[2026.05.08-02.46.26:137][459]CompilerResultsLog:   Running UnrealHeaderTool "C:\Users\2026\Documents\Unreal Projects\Facade\Facade.uproject" "C:\Users\2026\Documents\Unreal Projects\Facade\Intermediate\Build\Win64\FacadeEditor\Development\FacadeEditor.uhtmanifest" -LogCmds="loginit warning, logexit warning, logdatabase error" -Unattended -WarningsAsErrors -abslog="C:\Users\2026\AppData\Local\UnrealBuildTool\Log_UHT.txt" -installed
[2026.05.08-02.46.26:137][459]CompilerResultsLog: LogInit: Display: Loading text-based GConfig....
[2026.05.08-02.46.26:137][459]CompilerResultsLog: Reflection code generated for FacadeEditor in 3,1122371 seconds
[2026.05.08-02.46.26:137][459]CompilerResultsLog: Building FacadeEditor...
[2026.05.08-02.46.26:137][459]CompilerResultsLog: Using Visual Studio 2022 14.44.35223 toolchain (C:\Program Files\Microsoft Visual Studio\2022\Community\VC\Tools\MSVC\14.44.35207) and Windows 10.0.26100.0 SDK (C:\Program Files (x86)\Windows Kits\10).
[2026.05.08-02.46.26:137][459]CompilerResultsLog: Building 6 actions with 12 processes...
[2026.05.08-02.46.26:137][459]CompilerResultsLog:   [1/6] Facade.init.gen.cpp
[2026.05.08-02.46.26:137][459]CompilerResultsLog:   [2/6] Enemigo_Aereo.cpp
[2026.05.08-02.46.26:137][459]CompilerResultsLog:   [3/6] Enemigo_Aereo.gen.cpp
[2026.05.08-02.46.26:137][459]CompilerResultsLog:   [4/6] UE4Editor-Facade-8554.lib
[2026.05.08-02.46.26:137][459]CompilerResultsLog:      Creando biblioteca C:\Users\2026\Documents\Unreal Projects\Facade\Intermediate\Build\Win64\UE4Editor\Development\Facade\UE4Editor-Facade-8554.lib y objeto C:\Users\2026\Documents\Unreal Projects\Facade\Intermediate\Build\Win64\UE4Editor\Development\Facade\UE4Editor-Facade-8554.exp
[2026.05.08-02.46.26:137][459]CompilerResultsLog:   [5/6] UE4Editor-Facade-8554.dll
[2026.05.08-02.46.26:137][459]CompilerResultsLog:      Creando biblioteca C:\Users\2026\Documents\Unreal Projects\Facade\Intermediate\Build\Win64\UE4Editor\Development\Facade\UE4Editor-Facade-8554.suppressed.lib y objeto C:\Users\2026\Documents\Unreal Projects\Facade\Intermediate\Build\Win64\UE4Editor\Development\Facade\UE4Editor-Facade-8554.suppressed.exp
[2026.05.08-02.46.26:137][459]CompilerResultsLog:   [6/6] FacadeEditor.target
[2026.05.08-02.46.26:137][459]CompilerResultsLog: Total time in Parallel executor: 1,29 seconds
[2026.05.08-02.46.26:137][459]CompilerResultsLog: Total execution time: 6,16 seconds
[2026.05.08-02.46.26:137][459]LogMainFrame: MainFrame: Module compiling took 6.255 seconds
[2026.05.08-02.46.26:172][459]LogClass: Could not find existing class Enemigo_Aereo in package /Script/Facade for HotReload, assuming new class
[2026.05.08-02.46.26:177][459]LogNativeClassHierarchy: Verbose: Native class hierarchy updated for 'Facade' in 0.0003 seconds. Added 5 classes and 2 folders.
[2026.05.08-02.46.26:180][459]Display: HotReload successful (1 functions remapped  0 scriptstructs remapped)
[2026.05.08-02.46.26:220][459]LogNativeClassHierarchy: Verbose: Native class hierarchy populated in 0.0097 seconds. Added 3827 classes and 930 folders.
[2026.05.08-02.46.26:220][459]Display: HotReload took  6.3s.
[2026.05.08-02.46.26:220][459]Warning: HotReload operation took  6.3s.
[2026.05.08-02.46.26:488][459]LogSlate: Window 'Add C++ Class' being destroyed
[2026.05.08-02.46.26:495][459]LogHotReload: New module detected: UE4Editor-Facade-8554.dll
[2026.05.08-02.46.26:537][460]LogHotReload: Starting Hot-Reload from IDE
[2026.05.08-02.46.26:605][460]LogNativeClassHierarchy: Verbose: Native class hierarchy updated for 'Facade' in 0.0006 seconds. Added 5 classes and 2 folders.
[2026.05.08-02.46.26:606][460]Display: HotReload successful (0 functions remapped  0 scriptstructs remapped)
[2026.05.08-02.46.26:617][460]LogNativeClassHierarchy: Verbose: Native class hierarchy populated in 0.0087 seconds. Added 3827 classes and 930 folders.
[2026.05.08-02.46.26:622][460]Display: HotReload took  0.1s.
[2026.05.08-02.46.51:841][642]Running C:/Program Files/Epic Games/UE_4.27/Engine/Binaries/DotNET/UnrealBuildTool.exe  -projectfiles -project="C:/Users/2026/Documents/Unreal Projects/Facade/Facade.uproject" -game -rocket -progress
[2026.05.08-02.46.52:152][642]Discovering modules, targets and source code for project...
[2026.05.08-02.46.53:458][642]Binding IntelliSense data...
[2026.05.08-02.46.55:080][642]Binding IntelliSense data... 100%
[2026.05.08-02.46.55:080][642]Writing project files...
[2026.05.08-02.46.57:694][642]Writing project files... 100%
[2026.05.08-02.46.57:849][642]Candidate modules for hot reload:
[2026.05.08-02.46.57:849][642]  Facade
[2026.05.08-02.46.57:849][642]Launching UnrealBuildTool... [C:/Program Files/Epic Games/UE_4.27/Engine/Binaries/DotNET/UnrealBuildTool.exe  -ModuleWithSuffix=Facade,2804 FacadeEditor Win64 Development -Project="C:/Users/2026/Documents/Unreal Projects/Facade/Facade.uproject" "C:/Users/2026/Documents/Unreal Projects/Facade/Facade.uproject"  -IgnoreJunk]
[2026.05.08-02.47.04:090][642]CompilerResultsLog: New page: Compilación - 7 may. 2026 18:47:04
[2026.05.08-02.47.04:090][642]CompilerResultsLog: Creating makefile for FacadeEditor (no existing makefile)
[2026.05.08-02.47.04:090][642]CompilerResultsLog: Parsing headers for FacadeEditor
[2026.05.08-02.47.04:090][642]CompilerResultsLog:   Running UnrealHeaderTool "C:\Users\2026\Documents\Unreal Projects\Facade\Facade.uproject" "C:\Users\2026\Documents\Unreal Projects\Facade\Intermediate\Build\Win64\FacadeEditor\Development\FacadeEditor.uhtmanifest" -LogCmds="loginit warning, logexit warning, logdatabase error" -Unattended -WarningsAsErrors -abslog="C:\Users\2026\AppData\Local\UnrealBuildTool\Log_UHT.txt" -installed
[2026.05.08-02.47.04:090][642]CompilerResultsLog: LogInit: Display: Loading text-based GConfig....
[2026.05.08-02.47.04:090][642]CompilerResultsLog: Reflection code generated for FacadeEditor in 3,1300412 seconds
[2026.05.08-02.47.04:090][642]CompilerResultsLog: Building FacadeEditor...
[2026.05.08-02.47.04:090][642]CompilerResultsLog: Using Visual Studio 2022 14.44.35223 toolchain (C:\Program Files\Microsoft Visual Studio\2022\Community\VC\Tools\MSVC\14.44.35207) and Windows 10.0.26100.0 SDK (C:\Program Files (x86)\Windows Kits\10).
[2026.05.08-02.47.04:090][642]CompilerResultsLog: Building 6 actions with 12 processes...
[2026.05.08-02.47.04:090][642]CompilerResultsLog:   [1/6] Facade.init.gen.cpp
[2026.05.08-02.47.04:090][642]CompilerResultsLog:   [2/6] Enemigo_Acuatico.cpp
[2026.05.08-02.47.04:090][642]CompilerResultsLog:   [3/6] Enemigo_Acuatico.gen.cpp
[2026.05.08-02.47.04:090][642]CompilerResultsLog:   [4/6] UE4Editor-Facade-2804.lib
[2026.05.08-02.47.04:090][642]CompilerResultsLog:      Creando biblioteca C:\Users\2026\Documents\Unreal Projects\Facade\Intermediate\Build\Win64\UE4Editor\Development\Facade\UE4Editor-Facade-2804.lib y objeto C:\Users\2026\Documents\Unreal Projects\Facade\Intermediate\Build\Win64\UE4Editor\Development\Facade\UE4Editor-Facade-2804.exp
[2026.05.08-02.47.04:090][642]CompilerResultsLog:   [5/6] UE4Editor-Facade-2804.dll
[2026.05.08-02.47.04:090][642]CompilerResultsLog:      Creando biblioteca C:\Users\2026\Documents\Unreal Projects\Facade\Intermediate\Build\Win64\UE4Editor\Development\Facade\UE4Editor-Facade-2804.suppressed.lib y objeto C:\Users\2026\Documents\Unreal Projects\Facade\Intermediate\Build\Win64\UE4Editor\Development\Facade\UE4Editor-Facade-2804.suppressed.exp
[2026.05.08-02.47.04:090][642]CompilerResultsLog:   [6/6] FacadeEditor.target
[2026.05.08-02.47.04:090][642]CompilerResultsLog: Total time in Parallel executor: 1,28 seconds
[2026.05.08-02.47.04:090][642]CompilerResultsLog: Total execution time: 6,15 seconds
[2026.05.08-02.47.04:090][642]LogMainFrame: MainFrame: Module compiling took 6.265 seconds
[2026.05.08-02.47.04:125][642]LogClass: Could not find existing class Enemigo_Acuatico in package /Script/Facade for HotReload, assuming new class
[2026.05.08-02.47.04:131][642]LogNativeClassHierarchy: Verbose: Native class hierarchy updated for 'Facade' in 0.0003 seconds. Added 6 classes and 2 folders.
[2026.05.08-02.47.04:133][642]Display: HotReload successful (1 functions remapped  0 scriptstructs remapped)
[2026.05.08-02.47.04:171][642]LogNativeClassHierarchy: Verbose: Native class hierarchy populated in 0.0092 seconds. Added 3828 classes and 930 folders.
[2026.05.08-02.47.04:171][642]Display: HotReload took  6.4s.
[2026.05.08-02.47.04:171][642]Warning: HotReload operation took  6.4s.
[2026.05.08-02.47.04:434][642]LogSlate: Window 'Add C++ Class' being destroyed
[2026.05.08-02.47.04:465][643]LogHotReload: New module detected: UE4Editor-Facade-2804.dll
[2026.05.08-02.47.04:506][644]LogHotReload: Starting Hot-Reload from IDE
[2026.05.08-02.47.04:570][644]LogNativeClassHierarchy: Verbose: Native class hierarchy updated for 'Facade' in 0.0004 seconds. Added 6 classes and 2 folders.
[2026.05.08-02.47.04:572][644]Display: HotReload successful (0 functions remapped  0 scriptstructs remapped)
[2026.05.08-02.47.04:584][644]LogNativeClassHierarchy: Verbose: Native class hierarchy populated in 0.0094 seconds. Added 3828 classes and 930 folders.
[2026.05.08-02.47.04:589][644]Display: HotReload took  0.1s.
[2026.05.08-03.03.18:461][ 82]LogHotReload: New module detected: UE4Editor-Facade-0004.dll
[2026.05.08-03.03.19:482][ 86]LogHotReload: Starting Hot-Reload from IDE
[2026.05.08-03.03.19:545][ 86]LogClass: Could not find existing class Enemigo_Acuatico in package /Script/Facade for HotReload, assuming new class
[2026.05.08-03.03.19:545][ 86]LogClass: Could not find existing class Enemigo_Aereo in package /Script/Facade for HotReload, assuming new class
[2026.05.08-03.03.19:546][ 86]LogClass: Could not find existing class Enemigo_Terrestre in package /Script/Facade for HotReload, assuming new class
[2026.05.08-03.03.19:546][ 86]LogClass: Could not find existing class FacadeGameMode in package /Script/Facade for HotReload, assuming new class
[2026.05.08-03.03.19:549][ 86]LogHotReload: Re-instancing Enemigo_Acuatico after hot-reload.
[2026.05.08-03.03.19:558][ 86]LogHotReload: Re-instancing Enemigo_Aereo after hot-reload.
[2026.05.08-03.03.19:563][ 86]LogHotReload: Re-instancing Enemigo_Terrestre after hot-reload.
[2026.05.08-03.03.19:566][ 86]LogHotReload: Re-instancing FacadeGameMode after hot-reload.
[2026.05.08-03.03.19:571][ 86]LogNativeClassHierarchy: Verbose: Native class hierarchy updated for 'Facade' in 0.0003 seconds. Added 6 classes and 2 folders.
[2026.05.08-03.03.19:573][ 86]Display: HotReload successful (1 functions remapped  0 scriptstructs remapped)
[2026.05.08-03.03.19:610][ 86]LogNativeClassHierarchy: Verbose: Native class hierarchy populated in 0.0077 seconds. Added 3828 classes and 930 folders.
[2026.05.08-03.03.19:617][ 86]Display: HotReload took  0.1s.
[2026.05.08-03.03.30:805][458]LogTemp: Repeating last play command: Selected Viewport
[2026.05.08-03.03.30:814][458]LogPlayLevel: PlayLevel: No blueprints needed recompiling
[2026.05.08-03.03.30:814][458]PIE: New page: Sesión PIE (reproducción en el editor): TwinStickExampleMap (7 may. 2026 19:03:30)
[2026.05.08-03.03.30:822][458]LogOnline: OSS: Creating online subsystem instance for: NULL
[2026.05.08-03.03.30:823][458]LogOnline: OSS: TryLoadSubsystemAndSetDefault: Loaded subsystem for module [NULL]
[2026.05.08-03.03.30:824][458]LogPlayLevel: Creating play world package: /Game/TwinStickCPP/Maps/UEDPIE_0_TwinStickExampleMap
[2026.05.08-03.03.30:851][458]LogPlayLevel: PIE: StaticDuplicateObject took: (0.027269s)
[2026.05.08-03.03.30:853][458]LogAIModule: Creating AISystem for world TwinStickExampleMap
[2026.05.08-03.03.30:854][458]LogPlayLevel: PIE: World Init took: (0.002290s)
[2026.05.08-03.03.30:854][458]LogPlayLevel: PIE: Created PIE world by copying editor world from /Game/TwinStickCPP/Maps/TwinStickExampleMap.TwinStickExampleMap to /Game/TwinStickCPP/Maps/UEDPIE_0_TwinStickExampleMap.TwinStickExampleMap (0.030200s)
[2026.05.08-03.03.30:861][458]LogUObjectHash: Compacting FUObjectHashTables data took   0.85ms
[2026.05.08-03.03.30:872][458]LogAudio: Display: Creating Audio Device:                 Id: 2, Scope: Unique, Realtime: True
[2026.05.08-03.03.30:872][458]LogAudioMixer: Display: Audio Mixer Platform Settings:
[2026.05.08-03.03.30:872][458]LogAudioMixer: Display: 	Sample Rate:						  48000
[2026.05.08-03.03.30:872][458]LogAudioMixer: Display: 	Callback Buffer Frame Size Requested: 1024
[2026.05.08-03.03.30:872][458]LogAudioMixer: Display: 	Callback Buffer Frame Size To Use:	  1024
[2026.05.08-03.03.30:872][458]LogAudioMixer: Display: 	Number of buffers to queue:			  2
[2026.05.08-03.03.30:872][458]LogAudioMixer: Display: 	Max Channels (voices):				  32
[2026.05.08-03.03.30:872][458]LogAudioMixer: Display: 	Number of Async Source Workers:		  0
[2026.05.08-03.03.30:872][458]LogAudio: Display: AudioDevice MaxSources: 32
[2026.05.08-03.03.30:872][458]LogAudio: Display: Audio Spatialization Plugin: None (built-in).
[2026.05.08-03.03.30:872][458]LogAudio: Display: Audio Reverb Plugin: None (built-in).
[2026.05.08-03.03.30:872][458]LogAudio: Display: Audio Occlusion Plugin: None (built-in).
[2026.05.08-03.03.30:872][458]LogAudioMixer: Display: Initializing audio mixer.
[2026.05.08-03.03.30:877][458]LogAudioMixer: Display: 0: FrontLeft
[2026.05.08-03.03.30:877][458]LogAudioMixer: Display: 1: FrontRight
[2026.05.08-03.03.30:924][458]LogAudioMixer: Display: Using Audio Device Speakers (Realtek(R) Audio)
[2026.05.08-03.03.30:925][458]LogAudioMixer: Display: Initializing Sound Submixes...
[2026.05.08-03.03.30:925][458]LogAudioMixer: Display: Creating Master Submix 'MasterSubmixDefault'
[2026.05.08-03.03.30:925][458]LogAudioMixer: Display: Creating Master Submix 'MasterReverbSubmixDefault'
[2026.05.08-03.03.30:926][458]LogAudioMixer: Display: Creating Master Submix 'MasterEQSubmixDefault'
[2026.05.08-03.03.30:926][458]LogAudioMixer: FMixerPlatformXAudio2::StartAudioStream() called
[2026.05.08-03.03.30:926][458]LogAudioMixer: Display: Output buffers initialized: Frames=1024, Channels=2, Samples=2048
[2026.05.08-03.03.30:927][458]LogAudioMixer: Display: Starting AudioMixerPlatformInterface::RunInternal()
[2026.05.08-03.03.30:927][458]LogAudioMixer: Display: FMixerPlatformXAudio2::SubmitBuffer() called for the first time
[2026.05.08-03.03.30:927][458]LogInit: FAudioDevice initialized.
[2026.05.08-03.03.30:927][458]LogAudio: Display: Audio Device (ID: 2) registered with world 'TwinStickExampleMap'.
[2026.05.08-03.03.30:942][458]LogLoad: Game class is 'FacadeGameMode'
[2026.05.08-03.03.30:948][458]LogWorld: Bringing World /Game/TwinStickCPP/Maps/UEDPIE_0_TwinStickExampleMap.TwinStickExampleMap up for play (max tick rate 60) at 2026.05.07-23.03.30
[2026.05.08-03.03.30:949][458]LogWorld: Bringing up level for play took: 0.002101
[2026.05.08-03.03.30:950][458]LogOnline: OSS: Creating online subsystem instance for: :Context_8
[2026.05.08-03.03.30:985][458]LogNativeClassHierarchy: Verbose: Native class hierarchy updated for 'MovieSceneCapture' in 0.0004 seconds. Added 20 classes and 0 folders.
[2026.05.08-03.03.30:986][458]LogGameMode: Display: Match State Changed from EnteringMap to WaitingToStart
[2026.05.08-03.03.30:986][458]LogGameState: Match State Changed from EnteringMap to WaitingToStart
[2026.05.08-03.03.30:986][458]LogGameMode: Display: Match State Changed from WaitingToStart to InProgress
[2026.05.08-03.03.30:988][458]LogGameState: Match State Changed from WaitingToStart to InProgress
[2026.05.08-03.03.30:988][458]PIE: El servidor ha iniciado la sesión
[2026.05.08-03.03.30:990][458]PIE: Play in editor total start time 0,179 seconds.
[2026.05.08-03.03.51:173][665]LogSlate: Updating window title bar state: overlay mode, drag disabled, window buttons hidden, title bar hidden
[2026.05.08-03.03.51:173][665]LogWorld: BeginTearingDown for /Game/TwinStickCPP/Maps/UEDPIE_0_TwinStickExampleMap
[2026.05.08-03.03.51:175][665]LogWorld: UWorld::CleanupWorld for TwinStickExampleMap, bSessionEnded=true, bCleanupResources=true
[2026.05.08-03.03.51:175][665]LogSlate: InvalidateAllWidgets triggered.  All widgets were invalidated
[2026.05.08-03.03.51:192][665]LogPlayLevel: Display: Shutting down PIE online subsystems
[2026.05.08-03.03.51:206][665]LogSlate: InvalidateAllWidgets triggered.  All widgets were invalidated
[2026.05.08-03.03.51:212][665]LogAudio: Display: Audio Device unregistered from world 'None'.
[2026.05.08-03.03.51:214][665]LogAudioMixer: FMixerPlatformXAudio2::StopAudioStream() called
[2026.05.08-03.03.51:215][665]LogAudioMixer: FMixerPlatformXAudio2::StopAudioStream() called
[2026.05.08-03.03.51:218][665]LogSlate: Updating window title bar state: overlay mode, drag disabled, window buttons hidden, title bar hidden
[2026.05.08-03.03.51:223][665]LogUObjectHash: Compacting FUObjectHashTables data took   0.47ms
[2026.05.08-03.03.51:260][666]LogPlayLevel: Display: Destroying online subsystem :Context_8
[2026.05.08-03.04.02:418][522]LogPlayLevel: PlayLevel: No blueprints needed recompiling
[2026.05.08-03.04.02:418][522]PIE: New page: Sesión SIE (simulación en el editor): TwinStickExampleMap (7 may. 2026 19:04:02)
[2026.05.08-03.04.02:450][522]LogPlayLevel: Creating play world package: /Game/TwinStickCPP/Maps/UEDPIE_0_TwinStickExampleMap
[2026.05.08-03.04.02:457][522]LogPlayLevel: PIE: StaticDuplicateObject took: (0.007653s)
[2026.05.08-03.04.02:457][522]LogAIModule: Creating AISystem for world TwinStickExampleMap
[2026.05.08-03.04.02:459][522]LogPlayLevel: PIE: World Init took: (0.001997s)
[2026.05.08-03.04.02:460][522]LogPlayLevel: PIE: Created PIE world by copying editor world from /Game/TwinStickCPP/Maps/TwinStickExampleMap.TwinStickExampleMap to /Game/TwinStickCPP/Maps/UEDPIE_0_TwinStickExampleMap.TwinStickExampleMap (0.009971s)
[2026.05.08-03.04.02:464][522]LogUObjectHash: Compacting FUObjectHashTables data took   0.70ms
[2026.05.08-03.04.02:464][522]LogAudio: Display: Creating Audio Device:                 Id: 3, Scope: Unique, Realtime: True
[2026.05.08-03.04.02:464][522]LogAudioMixer: Display: Audio Mixer Platform Settings:
[2026.05.08-03.04.02:464][522]LogAudioMixer: Display: 	Sample Rate:						  48000
[2026.05.08-03.04.02:464][522]LogAudioMixer: Display: 	Callback Buffer Frame Size Requested: 1024
[2026.05.08-03.04.02:464][522]LogAudioMixer: Display: 	Callback Buffer Frame Size To Use:	  1024
[2026.05.08-03.04.02:464][522]LogAudioMixer: Display: 	Number of buffers to queue:			  2
[2026.05.08-03.04.02:464][522]LogAudioMixer: Display: 	Max Channels (voices):				  32
[2026.05.08-03.04.02:464][522]LogAudioMixer: Display: 	Number of Async Source Workers:		  0
[2026.05.08-03.04.02:464][522]LogAudio: Display: AudioDevice MaxSources: 32
[2026.05.08-03.04.02:466][522]LogAudio: Display: Audio Spatialization Plugin: None (built-in).
[2026.05.08-03.04.02:466][522]LogAudio: Display: Audio Reverb Plugin: None (built-in).
[2026.05.08-03.04.02:466][522]LogAudio: Display: Audio Occlusion Plugin: None (built-in).
[2026.05.08-03.04.02:466][522]LogAudioMixer: Display: Initializing audio mixer.
[2026.05.08-03.04.02:467][522]LogAudioMixer: Display: 0: FrontLeft
[2026.05.08-03.04.02:467][522]LogAudioMixer: Display: 1: FrontRight
[2026.05.08-03.04.02:504][522]LogAudioMixer: Display: Using Audio Device Speakers (Realtek(R) Audio)
[2026.05.08-03.04.02:504][522]LogAudioMixer: Display: Initializing Sound Submixes...
[2026.05.08-03.04.02:504][522]LogAudioMixer: Display: Creating Master Submix 'MasterSubmixDefault'
[2026.05.08-03.04.02:504][522]LogAudioMixer: Display: Creating Master Submix 'MasterReverbSubmixDefault'
[2026.05.08-03.04.02:504][522]LogAudioMixer: Display: Creating Master Submix 'MasterEQSubmixDefault'
[2026.05.08-03.04.02:504][522]LogAudioMixer: FMixerPlatformXAudio2::StartAudioStream() called
[2026.05.08-03.04.02:504][522]LogAudioMixer: Display: Output buffers initialized: Frames=1024, Channels=2, Samples=2048
[2026.05.08-03.04.02:505][522]LogAudioMixer: Display: Starting AudioMixerPlatformInterface::RunInternal()
[2026.05.08-03.04.02:505][522]LogAudioMixer: Display: FMixerPlatformXAudio2::SubmitBuffer() called for the first time
[2026.05.08-03.04.02:505][522]LogInit: FAudioDevice initialized.
[2026.05.08-03.04.02:505][522]LogAudio: Display: Audio Device (ID: 3) registered with world 'TwinStickExampleMap'.
[2026.05.08-03.04.02:513][522]LogLoad: Game class is 'FacadeGameMode'
[2026.05.08-03.04.02:514][522]LogWorld: Bringing World /Game/TwinStickCPP/Maps/UEDPIE_0_TwinStickExampleMap.TwinStickExampleMap up for play (max tick rate 0) at 2026.05.07-23.04.02
[2026.05.08-03.04.02:515][522]LogWorld: Bringing up level for play took: 0.000693
[2026.05.08-03.04.02:515][522]LogOnline: OSS: Creating online subsystem instance for: :Context_9
[2026.05.08-03.04.02:517][522]LogGameMode: Display: Match State Changed from EnteringMap to WaitingToStart
[2026.05.08-03.04.02:517][522]LogGameState: Match State Changed from EnteringMap to WaitingToStart
[2026.05.08-03.04.02:518][522]PIE: El servidor ha iniciado la sesión
[2026.05.08-03.04.02:519][522]PIE: Play in editor total start time 0,101 seconds.
[2026.05.08-03.04.12:601][699]LogSlate: Updating window title bar state: overlay mode, drag disabled, window buttons hidden, title bar hidden
[2026.05.08-03.04.12:601][699]LogWorld: BeginTearingDown for /Game/TwinStickCPP/Maps/UEDPIE_0_TwinStickExampleMap
[2026.05.08-03.04.12:601][699]LogWorld: UWorld::CleanupWorld for TwinStickExampleMap, bSessionEnded=true, bCleanupResources=true
[2026.05.08-03.04.12:601][699]LogSlate: InvalidateAllWidgets triggered.  All widgets were invalidated
[2026.05.08-03.04.12:616][699]LogPlayLevel: Display: Shutting down PIE online subsystems
[2026.05.08-03.04.12:625][699]LogSlate: InvalidateAllWidgets triggered.  All widgets were invalidated
[2026.05.08-03.04.12:630][699]LogAudio: Display: Audio Device unregistered from world 'None'.
[2026.05.08-03.04.12:630][699]LogAudioMixer: FMixerPlatformXAudio2::StopAudioStream() called
[2026.05.08-03.04.12:631][699]LogAudioMixer: FMixerPlatformXAudio2::StopAudioStream() called
[2026.05.08-03.04.12:634][699]LogSlate: Updating window title bar state: overlay mode, drag disabled, window buttons hidden, title bar hidden
[2026.05.08-03.04.12:636][699]LogUObjectHash: Compacting FUObjectHashTables data took   0.69ms
[2026.05.08-03.04.12:682][701]LogPlayLevel: Display: Destroying online subsystem :Context_9
[2026.05.08-03.04.57:519][546]LogSlate: Prevented a slow task dialog from being summoned while a context menu was open
[2026.05.08-03.04.57:540][546]LogEditorClassViewer: Warning: Class /Engine/Tutorial/InWorldBlueprintEditing/TutorialAssets/IWBE_Blutility.IWBE_Blutility_C has parent /Script/Blutility.PlacedEditorUtilityBase, but this parent is not found. The Class will not be shown in ClassViewer.
[2026.05.08-03.05.33:039][739]Candidate modules for hot reload:
[2026.05.08-03.05.33:039][739]  Facade
[2026.05.08-03.05.33:039][739]Launching UnrealBuildTool... [C:/Program Files/Epic Games/UE_4.27/Engine/Binaries/DotNET/UnrealBuildTool.exe  -ModuleWithSuffix=Facade,7448 FacadeEditor Win64 Development -Project="C:/Users/2026/Documents/Unreal Projects/Facade/Facade.uproject" "C:/Users/2026/Documents/Unreal Projects/Facade/Facade.uproject"  -IgnoreJunk]
[2026.05.08-03.05.33:045][739]Warning: Starting HotReload took  0.0s.
[2026.05.08-03.05.35:792][ 31]CompilerResultsLog: New page: Compilación - 7 may. 2026 19:05:35
[2026.05.08-03.05.35:792][ 31]CompilerResultsLog: Creating makefile for FacadeEditor (command line arguments changed)
[2026.05.08-03.05.35:792][ 31]CompilerResultsLog: Building FacadeEditor...
[2026.05.08-03.05.35:792][ 31]CompilerResultsLog: Using Visual Studio 2022 14.44.35223 toolchain (C:\Program Files\Microsoft Visual Studio\2022\Community\VC\Tools\MSVC\14.44.35207) and Windows 10.0.26100.0 SDK (C:\Program Files (x86)\Windows Kits\10).
[2026.05.08-03.05.35:792][ 31]CompilerResultsLog: Building 3 actions with 12 processes...
[2026.05.08-03.05.35:792][ 31]CompilerResultsLog:   [1/3] UE4Editor-Facade-7448.lib
[2026.05.08-03.05.35:792][ 31]CompilerResultsLog:      Creando biblioteca C:\Users\2026\Documents\Unreal Projects\Facade\Intermediate\Build\Win64\UE4Editor\Development\Facade\UE4Editor-Facade-7448.lib y objeto C:\Users\2026\Documents\Unreal Projects\Facade\Intermediate\Build\Win64\UE4Editor\Development\Facade\UE4Editor-Facade-7448.exp
[2026.05.08-03.05.35:792][ 31]CompilerResultsLog:   [2/3] UE4Editor-Facade-7448.dll
[2026.05.08-03.05.35:792][ 31]CompilerResultsLog:      Creando biblioteca C:\Users\2026\Documents\Unreal Projects\Facade\Intermediate\Build\Win64\UE4Editor\Development\Facade\UE4Editor-Facade-7448.suppressed.lib y objeto C:\Users\2026\Documents\Unreal Projects\Facade\Intermediate\Build\Win64\UE4Editor\Development\Facade\UE4Editor-Facade-7448.suppressed.exp
[2026.05.08-03.05.35:792][ 31]CompilerResultsLog:   [3/3] FacadeEditor.target
[2026.05.08-03.05.35:792][ 31]CompilerResultsLog: Total time in Parallel executor: 0,86 seconds
[2026.05.08-03.05.35:792][ 31]CompilerResultsLog: Total execution time: 2,68 seconds
[2026.05.08-03.05.35:792][ 31]LogMainFrame: MainFrame: Module compiling took 2.761 seconds
[2026.05.08-03.05.35:829][ 31]LogNativeClassHierarchy: Verbose: Native class hierarchy updated for 'Facade' in 0.0004 seconds. Added 6 classes and 2 folders.
[2026.05.08-03.05.35:831][ 31]Display: HotReload successful (1 functions remapped  0 scriptstructs remapped)
[2026.05.08-03.05.35:866][ 31]LogNativeClassHierarchy: Verbose: Native class hierarchy populated in 0.0089 seconds. Added 3828 classes and 930 folders.
[2026.05.08-03.05.35:866][ 31]Display: HotReload took  2.8s.
[2026.05.08-03.05.37:105][177]LogTemp: Repeating last play command: Simulate
[2026.05.08-03.05.37:109][177]LogPlayLevel: PlayLevel: No blueprints needed recompiling
[2026.05.08-03.05.37:109][177]PIE: New page: Sesión SIE (simulación en el editor): TwinStickExampleMap (7 may. 2026 19:05:37)
[2026.05.08-03.05.37:149][177]LogPlayLevel: Creating play world package: /Game/TwinStickCPP/Maps/UEDPIE_0_TwinStickExampleMap
[2026.05.08-03.05.37:156][177]LogPlayLevel: PIE: StaticDuplicateObject took: (0.007325s)
[2026.05.08-03.05.37:157][177]LogAIModule: Creating AISystem for world TwinStickExampleMap
[2026.05.08-03.05.37:157][177]LogPlayLevel: PIE: World Init took: (0.001252s)
[2026.05.08-03.05.37:157][177]LogPlayLevel: PIE: Created PIE world by copying editor world from /Game/TwinStickCPP/Maps/TwinStickExampleMap.TwinStickExampleMap to /Game/TwinStickCPP/Maps/UEDPIE_0_TwinStickExampleMap.TwinStickExampleMap (0.008892s)
[2026.05.08-03.05.37:164][177]LogUObjectHash: Compacting FUObjectHashTables data took   0.49ms
[2026.05.08-03.05.37:165][177]LogAudio: Display: Creating Audio Device:                 Id: 4, Scope: Unique, Realtime: True
[2026.05.08-03.05.37:165][177]LogAudioMixer: Display: Audio Mixer Platform Settings:
[2026.05.08-03.05.37:165][177]LogAudioMixer: Display: 	Sample Rate:						  48000
[2026.05.08-03.05.37:165][177]LogAudioMixer: Display: 	Callback Buffer Frame Size Requested: 1024
[2026.05.08-03.05.37:165][177]LogAudioMixer: Display: 	Callback Buffer Frame Size To Use:	  1024
[2026.05.08-03.05.37:165][177]LogAudioMixer: Display: 	Number of buffers to queue:			  2
[2026.05.08-03.05.37:165][177]LogAudioMixer: Display: 	Max Channels (voices):				  32
[2026.05.08-03.05.37:165][177]LogAudioMixer: Display: 	Number of Async Source Workers:		  0
[2026.05.08-03.05.37:165][177]LogAudio: Display: AudioDevice MaxSources: 32
[2026.05.08-03.05.37:165][177]LogAudio: Display: Audio Spatialization Plugin: None (built-in).
[2026.05.08-03.05.37:165][177]LogAudio: Display: Audio Reverb Plugin: None (built-in).
[2026.05.08-03.05.37:165][177]LogAudio: Display: Audio Occlusion Plugin: None (built-in).
[2026.05.08-03.05.37:165][177]LogAudioMixer: Display: Initializing audio mixer.
[2026.05.08-03.05.37:168][177]LogAudioMixer: Display: 0: FrontLeft
[2026.05.08-03.05.37:168][177]LogAudioMixer: Display: 1: FrontRight
[2026.05.08-03.05.37:204][177]LogAudioMixer: Display: Using Audio Device Speakers (Realtek(R) Audio)
[2026.05.08-03.05.37:204][177]LogAudioMixer: Display: Initializing Sound Submixes...
[2026.05.08-03.05.37:204][177]LogAudioMixer: Display: Creating Master Submix 'MasterSubmixDefault'
[2026.05.08-03.05.37:204][177]LogAudioMixer: Display: Creating Master Submix 'MasterReverbSubmixDefault'
[2026.05.08-03.05.37:204][177]LogAudioMixer: Display: Creating Master Submix 'MasterEQSubmixDefault'
[2026.05.08-03.05.37:204][177]LogAudioMixer: FMixerPlatformXAudio2::StartAudioStream() called
[2026.05.08-03.05.37:204][177]LogAudioMixer: Display: Output buffers initialized: Frames=1024, Channels=2, Samples=2048
[2026.05.08-03.05.37:205][177]LogAudioMixer: Display: Starting AudioMixerPlatformInterface::RunInternal()
[2026.05.08-03.05.37:205][177]LogAudioMixer: Display: FMixerPlatformXAudio2::SubmitBuffer() called for the first time
[2026.05.08-03.05.37:205][177]LogInit: FAudioDevice initialized.
[2026.05.08-03.05.37:205][177]LogAudio: Display: Audio Device (ID: 4) registered with world 'TwinStickExampleMap'.
[2026.05.08-03.05.37:216][177]LogLoad: Game class is 'FacadeGameMode'
[2026.05.08-03.05.37:216][177]LogWorld: Bringing World /Game/TwinStickCPP/Maps/UEDPIE_0_TwinStickExampleMap.TwinStickExampleMap up for play (max tick rate 0) at 2026.05.07-23.05.37
[2026.05.08-03.05.37:216][177]LogWorld: Bringing up level for play took: 0.000708
[2026.05.08-03.05.37:216][177]LogOnline: OSS: Creating online subsystem instance for: :Context_10
[2026.05.08-03.05.37:219][177]LogGameMode: Display: Match State Changed from EnteringMap to WaitingToStart
[2026.05.08-03.05.37:219][177]LogGameState: Match State Changed from EnteringMap to WaitingToStart
[2026.05.08-03.05.37:219][177]PIE: El servidor ha iniciado la sesión
[2026.05.08-03.05.37:220][177]PIE: Play in editor total start time 0,112 seconds.
[2026.05.08-03.05.50:919][804]LogSlate: Updating window title bar state: overlay mode, drag disabled, window buttons hidden, title bar hidden
[2026.05.08-03.05.50:919][804]LogWorld: BeginTearingDown for /Game/TwinStickCPP/Maps/UEDPIE_0_TwinStickExampleMap
[2026.05.08-03.05.50:920][804]LogWorld: UWorld::CleanupWorld for TwinStickExampleMap, bSessionEnded=true, bCleanupResources=true
[2026.05.08-03.05.50:920][804]LogSlate: InvalidateAllWidgets triggered.  All widgets were invalidated
[2026.05.08-03.05.50:931][804]LogPlayLevel: Display: Shutting down PIE online subsystems
[2026.05.08-03.05.50:944][804]LogSlate: InvalidateAllWidgets triggered.  All widgets were invalidated
[2026.05.08-03.05.50:948][804]LogAudio: Display: Audio Device unregistered from world 'None'.
[2026.05.08-03.05.50:948][804]LogAudioMixer: FMixerPlatformXAudio2::StopAudioStream() called
[2026.05.08-03.05.50:950][804]LogAudioMixer: FMixerPlatformXAudio2::StopAudioStream() called
[2026.05.08-03.05.50:955][804]LogSlate: Updating window title bar state: overlay mode, drag disabled, window buttons hidden, title bar hidden
[2026.05.08-03.05.50:956][804]LogUObjectHash: Compacting FUObjectHashTables data took   0.64ms
[2026.05.08-03.05.50:993][808]LogPlayLevel: Display: Destroying online subsystem :Context_10
[2026.05.08-03.06.16:820][376]LogUObjectHash: Compacting FUObjectHashTables data took   0.66ms
[2026.05.08-03.06.16:838][376]LogSavePackage: Moving '../../../../../../Users/2026/Documents/Unreal Projects/Facade/Saved/TwinStickExampleMap_Auto19835EDB54A7D02DC68CFC58259FE298A.tmp' to '../../../../../../Users/2026/Documents/Unreal Projects/Facade/Saved/Autosaves/Game/TwinStickCPP/Maps/TwinStickExampleMap_Auto1.umap'
[2026.05.08-03.06.16:840][376]LogFileHelpers: Editor autosave (incl. external actors) for '/Game/TwinStickCPP/Maps/TwinStickExampleMap' took 0.024
[2026.05.08-03.06.16:840][376]LogFileHelpers: Editor autosave (incl. sublevels & external actors) for all levels took 0.024
[2026.05.08-03.15.29:864][ 27]LogHotReload: New module detected: UE4Editor-Facade-0006.dll
[2026.05.08-03.15.30:547][ 30]LogHotReload: Starting Hot-Reload from IDE
[2026.05.08-03.15.30:610][ 30]LogNativeClassHierarchy: Verbose: Native class hierarchy updated for 'Facade' in 0.0003 seconds. Added 6 classes and 2 folders.
[2026.05.08-03.15.30:612][ 30]Display: HotReload successful (1 functions remapped  0 scriptstructs remapped)
[2026.05.08-03.15.30:646][ 30]LogNativeClassHierarchy: Verbose: Native class hierarchy populated in 0.0083 seconds. Added 3828 classes and 930 folders.
[2026.05.08-03.15.30:651][ 30]Display: HotReload took  0.1s.
[2026.05.08-03.15.34:593][148]LogTemp: Repeating last play command: Simulate
[2026.05.08-03.15.34:596][148]LogPlayLevel: PlayLevel: No blueprints needed recompiling
[2026.05.08-03.15.34:596][148]PIE: New page: Sesión SIE (simulación en el editor): TwinStickExampleMap (7 may. 2026 19:15:34)
[2026.05.08-03.15.34:624][148]LogPlayLevel: Creating play world package: /Game/TwinStickCPP/Maps/UEDPIE_0_TwinStickExampleMap
[2026.05.08-03.15.34:631][148]LogPlayLevel: PIE: StaticDuplicateObject took: (0.007455s)
[2026.05.08-03.15.34:633][148]LogAIModule: Creating AISystem for world TwinStickExampleMap
[2026.05.08-03.15.34:634][148]LogPlayLevel: PIE: World Init took: (0.002710s)
[2026.05.08-03.15.34:634][148]LogPlayLevel: PIE: Created PIE world by copying editor world from /Game/TwinStickCPP/Maps/TwinStickExampleMap.TwinStickExampleMap to /Game/TwinStickCPP/Maps/UEDPIE_0_TwinStickExampleMap.TwinStickExampleMap (0.010483s)
[2026.05.08-03.15.34:640][148]LogUObjectHash: Compacting FUObjectHashTables data took   0.65ms
[2026.05.08-03.15.34:641][148]LogAudio: Display: Creating Audio Device:                 Id: 5, Scope: Unique, Realtime: True
[2026.05.08-03.15.34:641][148]LogAudioMixer: Display: Audio Mixer Platform Settings:
[2026.05.08-03.15.34:641][148]LogAudioMixer: Display: 	Sample Rate:						  48000
[2026.05.08-03.15.34:641][148]LogAudioMixer: Display: 	Callback Buffer Frame Size Requested: 1024
[2026.05.08-03.15.34:641][148]LogAudioMixer: Display: 	Callback Buffer Frame Size To Use:	  1024
[2026.05.08-03.15.34:641][148]LogAudioMixer: Display: 	Number of buffers to queue:			  2
[2026.05.08-03.15.34:641][148]LogAudioMixer: Display: 	Max Channels (voices):				  32
[2026.05.08-03.15.34:641][148]LogAudioMixer: Display: 	Number of Async Source Workers:		  0
[2026.05.08-03.15.34:641][148]LogAudio: Display: AudioDevice MaxSources: 32
[2026.05.08-03.15.34:641][148]LogAudio: Display: Audio Spatialization Plugin: None (built-in).
[2026.05.08-03.15.34:641][148]LogAudio: Display: Audio Reverb Plugin: None (built-in).
[2026.05.08-03.15.34:641][148]LogAudio: Display: Audio Occlusion Plugin: None (built-in).
[2026.05.08-03.15.34:641][148]LogAudioMixer: Display: Initializing audio mixer.
[2026.05.08-03.15.34:644][148]LogAudioMixer: Display: 0: FrontLeft
[2026.05.08-03.15.34:644][148]LogAudioMixer: Display: 1: FrontRight
[2026.05.08-03.15.34:684][148]LogAudioMixer: Display: Using Audio Device Speakers (Realtek(R) Audio)
[2026.05.08-03.15.34:684][148]LogAudioMixer: Display: Initializing Sound Submixes...
[2026.05.08-03.15.34:684][148]LogAudioMixer: Display: Creating Master Submix 'MasterSubmixDefault'
[2026.05.08-03.15.34:684][148]LogAudioMixer: Display: Creating Master Submix 'MasterReverbSubmixDefault'
[2026.05.08-03.15.34:685][148]LogAudioMixer: Display: Creating Master Submix 'MasterEQSubmixDefault'
[2026.05.08-03.15.34:685][148]LogAudioMixer: FMixerPlatformXAudio2::StartAudioStream() called
[2026.05.08-03.15.34:685][148]LogAudioMixer: Display: Output buffers initialized: Frames=1024, Channels=2, Samples=2048
[2026.05.08-03.15.34:685][148]LogAudioMixer: Display: Starting AudioMixerPlatformInterface::RunInternal()
[2026.05.08-03.15.34:685][148]LogAudioMixer: Display: FMixerPlatformXAudio2::SubmitBuffer() called for the first time
[2026.05.08-03.15.34:685][148]LogInit: FAudioDevice initialized.
[2026.05.08-03.15.34:685][148]LogAudio: Display: Audio Device (ID: 5) registered with world 'TwinStickExampleMap'.
[2026.05.08-03.15.34:695][148]LogLoad: Game class is 'FacadeGameMode'
[2026.05.08-03.15.34:695][148]LogWorld: Bringing World /Game/TwinStickCPP/Maps/UEDPIE_0_TwinStickExampleMap.TwinStickExampleMap up for play (max tick rate 0) at 2026.05.07-23.15.34
[2026.05.08-03.15.34:695][148]LogWorld: Bringing up level for play took: 0.000898
[2026.05.08-03.15.34:697][148]LogOnline: OSS: Creating online subsystem instance for: :Context_11
[2026.05.08-03.15.34:699][148]LogGameMode: Display: Match State Changed from EnteringMap to WaitingToStart
[2026.05.08-03.15.34:699][148]LogGameState: Match State Changed from EnteringMap to WaitingToStart
[2026.05.08-03.15.34:699][148]PIE: El servidor ha iniciado la sesión
[2026.05.08-03.15.34:700][148]PIE: Play in editor total start time 0,104 seconds.
[2026.05.08-03.15.38:555][594]LogSlate: Updating window title bar state: overlay mode, drag disabled, window buttons hidden, title bar hidden
[2026.05.08-03.15.38:555][594]LogWorld: BeginTearingDown for /Game/TwinStickCPP/Maps/UEDPIE_0_TwinStickExampleMap
[2026.05.08-03.15.38:556][594]LogWorld: UWorld::CleanupWorld for TwinStickExampleMap, bSessionEnded=true, bCleanupResources=true
[2026.05.08-03.15.38:556][594]LogSlate: InvalidateAllWidgets triggered.  All widgets were invalidated
[2026.05.08-03.15.38:566][594]LogPlayLevel: Display: Shutting down PIE online subsystems
[2026.05.08-03.15.38:577][594]LogSlate: InvalidateAllWidgets triggered.  All widgets were invalidated
[2026.05.08-03.15.38:580][594]LogAudio: Display: Audio Device unregistered from world 'None'.
[2026.05.08-03.15.38:580][594]LogAudioMixer: FMixerPlatformXAudio2::StopAudioStream() called
[2026.05.08-03.15.38:583][594]LogAudioMixer: FMixerPlatformXAudio2::StopAudioStream() called
[2026.05.08-03.15.38:584][594]LogSlate: Updating window title bar state: overlay mode, drag disabled, window buttons hidden, title bar hidden
[2026.05.08-03.15.38:586][594]LogUObjectHash: Compacting FUObjectHashTables data took   0.49ms
[2026.05.08-03.15.38:614][597]LogPlayLevel: Display: Destroying online subsystem :Context_11
[2026.05.08-03.15.40:093][772]LogTemp: Repeating last play command: Simulate
[2026.05.08-03.15.40:096][772]LogPlayLevel: PlayLevel: No blueprints needed recompiling
[2026.05.08-03.15.40:096][772]PIE: New page: Sesión SIE (simulación en el editor): TwinStickExampleMap (7 may. 2026 19:15:40)
[2026.05.08-03.15.40:134][772]LogPlayLevel: Creating play world package: /Game/TwinStickCPP/Maps/UEDPIE_0_TwinStickExampleMap
[2026.05.08-03.15.40:141][772]LogPlayLevel: PIE: StaticDuplicateObject took: (0.007542s)
[2026.05.08-03.15.40:143][772]LogAIModule: Creating AISystem for world TwinStickExampleMap
[2026.05.08-03.15.40:143][772]LogPlayLevel: PIE: World Init took: (0.001422s)
[2026.05.08-03.15.40:143][772]LogPlayLevel: PIE: Created PIE world by copying editor world from /Game/TwinStickCPP/Maps/TwinStickExampleMap.TwinStickExampleMap to /Game/TwinStickCPP/Maps/UEDPIE_0_TwinStickExampleMap.TwinStickExampleMap (0.009290s)
[2026.05.08-03.15.40:147][772]LogUObjectHash: Compacting FUObjectHashTables data took   0.65ms
[2026.05.08-03.15.40:148][772]LogAudio: Display: Creating Audio Device:                 Id: 6, Scope: Unique, Realtime: True
[2026.05.08-03.15.40:148][772]LogAudioMixer: Display: Audio Mixer Platform Settings:
[2026.05.08-03.15.40:148][772]LogAudioMixer: Display: 	Sample Rate:						  48000
[2026.05.08-03.15.40:148][772]LogAudioMixer: Display: 	Callback Buffer Frame Size Requested: 1024
[2026.05.08-03.15.40:148][772]LogAudioMixer: Display: 	Callback Buffer Frame Size To Use:	  1024
[2026.05.08-03.15.40:148][772]LogAudioMixer: Display: 	Number of buffers to queue:			  2
[2026.05.08-03.15.40:148][772]LogAudioMixer: Display: 	Max Channels (voices):				  32
[2026.05.08-03.15.40:148][772]LogAudioMixer: Display: 	Number of Async Source Workers:		  0
[2026.05.08-03.15.40:148][772]LogAudio: Display: AudioDevice MaxSources: 32
[2026.05.08-03.15.40:148][772]LogAudio: Display: Audio Spatialization Plugin: None (built-in).
[2026.05.08-03.15.40:149][772]LogAudio: Display: Audio Reverb Plugin: None (built-in).
[2026.05.08-03.15.40:149][772]LogAudio: Display: Audio Occlusion Plugin: None (built-in).
[2026.05.08-03.15.40:149][772]LogAudioMixer: Display: Initializing audio mixer.
[2026.05.08-03.15.40:151][772]LogAudioMixer: Display: 0: FrontLeft
[2026.05.08-03.15.40:151][772]LogAudioMixer: Display: 1: FrontRight
[2026.05.08-03.15.40:187][772]LogAudioMixer: Display: Using Audio Device Speakers (Realtek(R) Audio)
[2026.05.08-03.15.40:187][772]LogAudioMixer: Display: Initializing Sound Submixes...
[2026.05.08-03.15.40:187][772]LogAudioMixer: Display: Creating Master Submix 'MasterSubmixDefault'
[2026.05.08-03.15.40:187][772]LogAudioMixer: Display: Creating Master Submix 'MasterReverbSubmixDefault'
[2026.05.08-03.15.40:187][772]LogAudioMixer: Display: Creating Master Submix 'MasterEQSubmixDefault'
[2026.05.08-03.15.40:187][772]LogAudioMixer: FMixerPlatformXAudio2::StartAudioStream() called
[2026.05.08-03.15.40:187][772]LogAudioMixer: Display: Output buffers initialized: Frames=1024, Channels=2, Samples=2048
[2026.05.08-03.15.40:188][772]LogAudioMixer: Display: Starting AudioMixerPlatformInterface::RunInternal()
[2026.05.08-03.15.40:188][772]LogAudioMixer: Display: FMixerPlatformXAudio2::SubmitBuffer() called for the first time
[2026.05.08-03.15.40:189][772]LogInit: FAudioDevice initialized.
[2026.05.08-03.15.40:189][772]LogAudio: Display: Audio Device (ID: 6) registered with world 'TwinStickExampleMap'.
[2026.05.08-03.15.40:200][772]LogLoad: Game class is 'FacadeGameMode'
[2026.05.08-03.15.40:201][772]LogWorld: Bringing World /Game/TwinStickCPP/Maps/UEDPIE_0_TwinStickExampleMap.TwinStickExampleMap up for play (max tick rate 0) at 2026.05.07-23.15.40
[2026.05.08-03.15.40:201][772]LogWorld: Bringing up level for play took: 0.000698
[2026.05.08-03.15.40:201][772]LogOnline: OSS: Creating online subsystem instance for: :Context_12
[2026.05.08-03.15.40:204][772]LogGameMode: Display: Match State Changed from EnteringMap to WaitingToStart
[2026.05.08-03.15.40:204][772]LogGameState: Match State Changed from EnteringMap to WaitingToStart
[2026.05.08-03.15.40:204][772]PIE: El servidor ha iniciado la sesión
[2026.05.08-03.15.40:204][772]PIE: Play in editor total start time 0,108 seconds.
[2026.05.08-03.15.51:155][ 63]LogSlate: Updating window title bar state: overlay mode, drag disabled, window buttons hidden, title bar hidden
[2026.05.08-03.15.51:155][ 63]LogWorld: BeginTearingDown for /Game/TwinStickCPP/Maps/UEDPIE_0_TwinStickExampleMap
[2026.05.08-03.15.51:156][ 63]LogWorld: UWorld::CleanupWorld for TwinStickExampleMap, bSessionEnded=true, bCleanupResources=true
[2026.05.08-03.15.51:156][ 63]LogSlate: InvalidateAllWidgets triggered.  All widgets were invalidated
[2026.05.08-03.15.51:163][ 63]LogPlayLevel: Display: Shutting down PIE online subsystems
[2026.05.08-03.15.51:173][ 63]LogSlate: InvalidateAllWidgets triggered.  All widgets were invalidated
[2026.05.08-03.15.51:177][ 63]LogSlate: Updating window title bar state: overlay mode, drag disabled, window buttons hidden, title bar hidden
[2026.05.08-03.15.51:177][ 63]LogAudioMixer: FMixerPlatformXAudio2::StopAudioStream() called
[2026.05.08-03.15.51:178][ 63]LogAudioMixer: FMixerPlatformXAudio2::StopAudioStream() called
[2026.05.08-03.15.51:183][ 63]LogUObjectHash: Compacting FUObjectHashTables data took   0.45ms
[2026.05.08-03.15.51:235][ 67]LogPlayLevel: Display: Destroying online subsystem :Context_12
[2026.05.08-03.15.52:323][186]LogEditor: Attempting to add actor of class 'Enemigo_Terrestre' to level at -1050.00,-510.00,160.00
[2026.05.08-03.15.52:817][240]LogEditor: Attempting to add actor of class 'Enemigo_Terrestre' to level at 160.00,220.00,160.00
[2026.05.08-03.15.53:762][340]LogEditor: Attempting to add actor of class 'Enemigo_Aereo' to level at -1020.00,-760.00,160.00
[2026.05.08-03.15.54:311][403]LogEditor: Attempting to add actor of class 'Enemigo_Aereo' to level at 580.00,0.00,160.00
[2026.05.08-03.15.55:565][538]LogEditor: Attempting to add actor of class 'Enemigo_Acuatico' to level at -1060.00,-520.00,160.00
[2026.05.08-03.15.56:238][616]LogEditor: Attempting to add actor of class 'Enemigo_Acuatico' to level at 130.00,-100.00,160.00
[2026.05.08-03.15.57:304][740]LogTemp: Repeating last play command: Simulate
[2026.05.08-03.15.57:307][740]LogPlayLevel: PlayLevel: No blueprints needed recompiling
[2026.05.08-03.15.57:307][740]PIE: New page: Sesión SIE (simulación en el editor): TwinStickExampleMap (7 may. 2026 19:15:57)
[2026.05.08-03.15.57:343][740]LogPlayLevel: Creating play world package: /Game/TwinStickCPP/Maps/UEDPIE_0_TwinStickExampleMap
[2026.05.08-03.15.57:351][740]LogPlayLevel: PIE: StaticDuplicateObject took: (0.007376s)
[2026.05.08-03.15.57:351][740]LogAIModule: Creating AISystem for world TwinStickExampleMap
[2026.05.08-03.15.57:353][740]LogPlayLevel: PIE: World Init took: (0.001131s)
[2026.05.08-03.15.57:353][740]LogPlayLevel: PIE: Created PIE world by copying editor world from /Game/TwinStickCPP/Maps/TwinStickExampleMap.TwinStickExampleMap to /Game/TwinStickCPP/Maps/UEDPIE_0_TwinStickExampleMap.TwinStickExampleMap (0.008795s)
[2026.05.08-03.15.57:360][740]LogUObjectHash: Compacting FUObjectHashTables data took   0.53ms
[2026.05.08-03.15.57:361][740]LogAudio: Display: Creating Audio Device:                 Id: 7, Scope: Unique, Realtime: True
[2026.05.08-03.15.57:361][740]LogAudioMixer: Display: Audio Mixer Platform Settings:
[2026.05.08-03.15.57:361][740]LogAudioMixer: Display: 	Sample Rate:						  48000
[2026.05.08-03.15.57:361][740]LogAudioMixer: Display: 	Callback Buffer Frame Size Requested: 1024
[2026.05.08-03.15.57:361][740]LogAudioMixer: Display: 	Callback Buffer Frame Size To Use:	  1024
[2026.05.08-03.15.57:361][740]LogAudioMixer: Display: 	Number of buffers to queue:			  2
[2026.05.08-03.15.57:361][740]LogAudioMixer: Display: 	Max Channels (voices):				  32
[2026.05.08-03.15.57:361][740]LogAudioMixer: Display: 	Number of Async Source Workers:		  0
[2026.05.08-03.15.57:361][740]LogAudio: Display: AudioDevice MaxSources: 32
[2026.05.08-03.15.57:361][740]LogAudio: Display: Audio Spatialization Plugin: None (built-in).
[2026.05.08-03.15.57:361][740]LogAudio: Display: Audio Reverb Plugin: None (built-in).
[2026.05.08-03.15.57:361][740]LogAudio: Display: Audio Occlusion Plugin: None (built-in).
[2026.05.08-03.15.57:361][740]LogAudioMixer: Display: Initializing audio mixer.
[2026.05.08-03.15.57:364][740]LogAudioMixer: Display: 0: FrontLeft
[2026.05.08-03.15.57:364][740]LogAudioMixer: Display: 1: FrontRight
[2026.05.08-03.15.57:399][740]LogAudioMixer: Display: Using Audio Device Speakers (Realtek(R) Audio)
[2026.05.08-03.15.57:399][740]LogAudioMixer: Display: Initializing Sound Submixes...
[2026.05.08-03.15.57:399][740]LogAudioMixer: Display: Creating Master Submix 'MasterSubmixDefault'
[2026.05.08-03.15.57:399][740]LogAudioMixer: Display: Creating Master Submix 'MasterReverbSubmixDefault'
[2026.05.08-03.15.57:399][740]LogAudioMixer: Display: Creating Master Submix 'MasterEQSubmixDefault'
[2026.05.08-03.15.57:400][740]LogAudioMixer: FMixerPlatformXAudio2::StartAudioStream() called
[2026.05.08-03.15.57:400][740]LogAudioMixer: Display: Output buffers initialized: Frames=1024, Channels=2, Samples=2048
[2026.05.08-03.15.57:401][740]LogAudioMixer: Display: Starting AudioMixerPlatformInterface::RunInternal()
[2026.05.08-03.15.57:401][740]LogAudioMixer: Display: FMixerPlatformXAudio2::SubmitBuffer() called for the first time
[2026.05.08-03.15.57:401][740]LogInit: FAudioDevice initialized.
[2026.05.08-03.15.57:401][740]LogAudio: Display: Audio Device (ID: 7) registered with world 'TwinStickExampleMap'.
[2026.05.08-03.15.57:410][740]LogLoad: Game class is 'FacadeGameMode'
[2026.05.08-03.15.57:412][740]LogWorld: Bringing World /Game/TwinStickCPP/Maps/UEDPIE_0_TwinStickExampleMap.TwinStickExampleMap up for play (max tick rate 0) at 2026.05.07-23.15.57
[2026.05.08-03.15.57:412][740]LogWorld: Bringing up level for play took: 0.000929
[2026.05.08-03.15.57:412][740]LogOnline: OSS: Creating online subsystem instance for: :Context_13
[2026.05.08-03.15.57:414][740]LogGameMode: Display: Match State Changed from EnteringMap to WaitingToStart
[2026.05.08-03.15.57:415][740]LogGameState: Match State Changed from EnteringMap to WaitingToStart
[2026.05.08-03.15.57:415][740]PIE: El servidor ha iniciado la sesión
[2026.05.08-03.15.57:416][740]PIE: Play in editor total start time 0,109 seconds.
[2026.05.08-03.16.08:443][ 18]LogGameMode: GameMode returned ReadyToStartMatch
[2026.05.08-03.16.08:443][ 18]LogGameMode: Display: Match State Changed from WaitingToStart to InProgress
[2026.05.08-03.16.08:443][ 18]LogGameState: Match State Changed from WaitingToStart to InProgress
[2026.05.08-03.16.18:094][170]LogSlate: Updating window title bar state: overlay mode, drag disabled, window buttons hidden, title bar hidden
[2026.05.08-03.16.18:095][170]LogWorld: BeginTearingDown for /Game/TwinStickCPP/Maps/UEDPIE_0_TwinStickExampleMap
[2026.05.08-03.16.18:095][170]LogWorld: UWorld::CleanupWorld for TwinStickExampleMap, bSessionEnded=true, bCleanupResources=true
[2026.05.08-03.16.18:095][170]LogSlate: InvalidateAllWidgets triggered.  All widgets were invalidated
[2026.05.08-03.16.18:106][170]LogPlayLevel: Display: Shutting down PIE online subsystems
[2026.05.08-03.16.18:116][170]LogSlate: InvalidateAllWidgets triggered.  All widgets were invalidated
[2026.05.08-03.16.18:120][170]LogAudio: Display: Audio Device unregistered from world 'None'.
[2026.05.08-03.16.18:120][170]LogAudioMixer: FMixerPlatformXAudio2::StopAudioStream() called
[2026.05.08-03.16.18:121][170]LogAudioMixer: FMixerPlatformXAudio2::StopAudioStream() called
[2026.05.08-03.16.18:125][170]LogSlate: Updating window title bar state: overlay mode, drag disabled, window buttons hidden, title bar hidden
[2026.05.08-03.16.18:127][170]LogUObjectHash: Compacting FUObjectHashTables data took   0.62ms
[2026.05.08-03.16.18:166][172]LogPlayLevel: Display: Destroying online subsystem :Context_13
[2026.05.08-03.16.20:546][457]LogEditorViewport: Clicking on Actor (LMB): Enemigo_Terrestre (Enemigo_Terrestre1)
[2026.05.08-03.16.21:265][541]Cmd: DELETE
[2026.05.08-03.16.21:266][541]Cmd: ACTOR DELETE
[2026.05.08-03.16.21:277][541]LogEditorActor: Deleted Actor: Enemigo_Terrestre
[2026.05.08-03.16.21:281][541]LogUObjectHash: Compacting FUObjectHashTables data took   0.59ms
[2026.05.08-03.16.21:283][541]LogEditorActor: Deleted 1 Actors (0.010 secs)
[2026.05.08-03.16.22:627][702]LogEditorViewport: Clicking on Actor (LMB): Enemigo_Acuatico (Enemigo_Acuatico1)
[2026.05.08-03.16.23:478][802]Cmd: DELETE
[2026.05.08-03.16.23:478][802]Cmd: ACTOR DELETE
[2026.05.08-03.16.23:480][802]LogEditorActor: Deleted Actor: Enemigo_Acuatico
[2026.05.08-03.16.23:483][802]LogUObjectHash: Compacting FUObjectHashTables data took   0.18ms
[2026.05.08-03.16.23:484][802]LogEditorActor: Deleted 1 Actors (0.006 secs)
[2026.05.08-03.16.25:181][  5]LogEditorViewport: Clicking on Actor (LMB): Enemigo_Aereo (Enemigo_Aereo1)
[2026.05.08-03.16.25:914][ 91]Cmd: DELETE
[2026.05.08-03.16.25:914][ 91]Cmd: ACTOR DELETE
[2026.05.08-03.16.25:916][ 91]LogEditorActor: Deleted Actor: Enemigo_Aereo
[2026.05.08-03.16.25:919][ 91]LogUObjectHash: Compacting FUObjectHashTables data took   0.24ms
[2026.05.08-03.16.25:920][ 91]LogEditorActor: Deleted 1 Actors (0.006 secs)
[2026.05.08-03.16.56:306][980]LogUObjectHash: Compacting FUObjectHashTables data took   0.20ms
[2026.05.08-03.16.56:318][980]LogSavePackage: Moving '../../../../../../Users/2026/Documents/Unreal Projects/Facade/Saved/TwinStickExampleMap_Auto2272F4050464062322645118C4FAA6391.tmp' to '../../../../../../Users/2026/Documents/Unreal Projects/Facade/Saved/Autosaves/Game/TwinStickCPP/Maps/TwinStickExampleMap_Auto2.umap'
[2026.05.08-03.16.56:319][980]LogFileHelpers: Editor autosave (incl. external actors) for '/Game/TwinStickCPP/Maps/TwinStickExampleMap' took 0.017
[2026.05.08-03.16.56:319][980]LogFileHelpers: Editor autosave (incl. sublevels & external actors) for all levels took 0.017
[2026.05.08-03.19.08:666][375]LogHotReload: New module detected: UE4Editor-Facade-0007.dll
[2026.05.08-03.19.09:352][378]LogHotReload: Starting Hot-Reload from IDE
[2026.05.08-03.19.09:411][378]LogNativeClassHierarchy: Verbose: Native class hierarchy updated for 'Facade' in 0.0004 seconds. Added 6 classes and 2 folders.
[2026.05.08-03.19.09:414][378]Display: HotReload successful (1 functions remapped  0 scriptstructs remapped)
[2026.05.08-03.19.09:451][378]LogNativeClassHierarchy: Verbose: Native class hierarchy populated in 0.0097 seconds. Added 3828 classes and 930 folders.
[2026.05.08-03.19.09:457][378]Display: HotReload took  0.1s.
[2026.05.08-03.19.12:600][467]LogTemp: Repeating last play command: Simulate
[2026.05.08-03.19.12:603][467]LogPlayLevel: PlayLevel: No blueprints needed recompiling
[2026.05.08-03.19.12:603][467]PIE: New page: Sesión SIE (simulación en el editor): TwinStickExampleMap (7 may. 2026 19:19:12)
[2026.05.08-03.19.12:632][467]LogPlayLevel: Creating play world package: /Game/TwinStickCPP/Maps/UEDPIE_0_TwinStickExampleMap
[2026.05.08-03.19.12:643][467]LogPlayLevel: PIE: StaticDuplicateObject took: (0.011109s)
[2026.05.08-03.19.12:645][467]LogAIModule: Creating AISystem for world TwinStickExampleMap
[2026.05.08-03.19.12:645][467]LogPlayLevel: PIE: World Init took: (0.001401s)
[2026.05.08-03.19.12:645][467]LogPlayLevel: PIE: Created PIE world by copying editor world from /Game/TwinStickCPP/Maps/TwinStickExampleMap.TwinStickExampleMap to /Game/TwinStickCPP/Maps/UEDPIE_0_TwinStickExampleMap.TwinStickExampleMap (0.013010s)
[2026.05.08-03.19.12:652][467]LogUObjectHash: Compacting FUObjectHashTables data took   0.50ms
[2026.05.08-03.19.12:653][467]LogAudio: Display: Creating Audio Device:                 Id: 8, Scope: Unique, Realtime: True
[2026.05.08-03.19.12:653][467]LogAudioMixer: Display: Audio Mixer Platform Settings:
[2026.05.08-03.19.12:653][467]LogAudioMixer: Display: 	Sample Rate:						  48000
[2026.05.08-03.19.12:653][467]LogAudioMixer: Display: 	Callback Buffer Frame Size Requested: 1024
[2026.05.08-03.19.12:653][467]LogAudioMixer: Display: 	Callback Buffer Frame Size To Use:	  1024
[2026.05.08-03.19.12:653][467]LogAudioMixer: Display: 	Number of buffers to queue:			  2
[2026.05.08-03.19.12:653][467]LogAudioMixer: Display: 	Max Channels (voices):				  32
[2026.05.08-03.19.12:653][467]LogAudioMixer: Display: 	Number of Async Source Workers:		  0
[2026.05.08-03.19.12:653][467]LogAudio: Display: AudioDevice MaxSources: 32
[2026.05.08-03.19.12:654][467]LogAudio: Display: Audio Spatialization Plugin: None (built-in).
[2026.05.08-03.19.12:654][467]LogAudio: Display: Audio Reverb Plugin: None (built-in).
[2026.05.08-03.19.12:654][467]LogAudio: Display: Audio Occlusion Plugin: None (built-in).
[2026.05.08-03.19.12:654][467]LogAudioMixer: Display: Initializing audio mixer.
[2026.05.08-03.19.12:656][467]LogAudioMixer: Display: 0: FrontLeft
[2026.05.08-03.19.12:656][467]LogAudioMixer: Display: 1: FrontRight
[2026.05.08-03.19.12:695][467]LogAudioMixer: Display: Using Audio Device Speakers (Realtek(R) Audio)
[2026.05.08-03.19.12:696][467]LogAudioMixer: Display: Initializing Sound Submixes...
[2026.05.08-03.19.12:696][467]LogAudioMixer: Display: Creating Master Submix 'MasterSubmixDefault'
[2026.05.08-03.19.12:696][467]LogAudioMixer: Display: Creating Master Submix 'MasterReverbSubmixDefault'
[2026.05.08-03.19.12:696][467]LogAudioMixer: Display: Creating Master Submix 'MasterEQSubmixDefault'
[2026.05.08-03.19.12:696][467]LogAudioMixer: FMixerPlatformXAudio2::StartAudioStream() called
[2026.05.08-03.19.12:696][467]LogAudioMixer: Display: Output buffers initialized: Frames=1024, Channels=2, Samples=2048
[2026.05.08-03.19.12:697][467]LogAudioMixer: Display: Starting AudioMixerPlatformInterface::RunInternal()
[2026.05.08-03.19.12:697][467]LogAudioMixer: Display: FMixerPlatformXAudio2::SubmitBuffer() called for the first time
[2026.05.08-03.19.12:697][467]LogInit: FAudioDevice initialized.
[2026.05.08-03.19.12:697][467]LogAudio: Display: Audio Device (ID: 8) registered with world 'TwinStickExampleMap'.
[2026.05.08-03.19.12:709][467]LogLoad: Game class is 'FacadeGameMode'
[2026.05.08-03.19.12:711][467]LogWorld: Bringing World /Game/TwinStickCPP/Maps/UEDPIE_0_TwinStickExampleMap.TwinStickExampleMap up for play (max tick rate 0) at 2026.05.07-23.19.12
[2026.05.08-03.19.12:711][467]LogWorld: Bringing up level for play took: 0.001021
[2026.05.08-03.19.12:711][467]LogOnline: OSS: Creating online subsystem instance for: :Context_14
[2026.05.08-03.19.12:713][467]LogGameMode: Display: Match State Changed from EnteringMap to WaitingToStart
[2026.05.08-03.19.12:713][467]LogGameState: Match State Changed from EnteringMap to WaitingToStart
[2026.05.08-03.19.12:714][467]PIE: El servidor ha iniciado la sesión
[2026.05.08-03.19.12:715][467]PIE: Play in editor total start time 0,112 seconds.
[2026.05.08-03.19.36:333][228]LogSlate: Updating window title bar state: overlay mode, drag disabled, window buttons hidden, title bar hidden
[2026.05.08-03.19.36:333][228]LogWorld: BeginTearingDown for /Game/TwinStickCPP/Maps/UEDPIE_0_TwinStickExampleMap
[2026.05.08-03.19.36:333][228]LogWorld: UWorld::CleanupWorld for TwinStickExampleMap, bSessionEnded=true, bCleanupResources=true
[2026.05.08-03.19.36:333][228]LogSlate: InvalidateAllWidgets triggered.  All widgets were invalidated
[2026.05.08-03.19.36:344][228]LogPlayLevel: Display: Shutting down PIE online subsystems
[2026.05.08-03.19.36:347][228]LogSlate: InvalidateAllWidgets triggered.  All widgets were invalidated
[2026.05.08-03.19.36:349][228]LogAudio: Display: Audio Device unregistered from world 'None'.
[2026.05.08-03.19.36:350][228]LogAudioMixer: FMixerPlatformXAudio2::StopAudioStream() called
[2026.05.08-03.19.36:351][228]LogAudioMixer: FMixerPlatformXAudio2::StopAudioStream() called
[2026.05.08-03.19.36:352][228]LogSlate: Updating window title bar state: overlay mode, drag disabled, window buttons hidden, title bar hidden
[2026.05.08-03.19.36:354][228]LogUObjectHash: Compacting FUObjectHashTables data took   0.59ms
[2026.05.08-03.19.36:407][234]LogPlayLevel: Display: Destroying online subsystem :Context_14
[2026.05.08-03.26.22:767][371]LogHotReload: New module detected: UE4Editor-Facade-0008.dll
[2026.05.08-03.28.31:561][755]LogHotReload: New module detected: UE4Editor-Facade-0009.dll
[2026.05.08-03.28.32:243][758]LogHotReload: Starting Hot-Reload from IDE
[2026.05.08-03.28.32:307][758]LogClass: Could not find existing class Enemigo_Acuatico in package /Script/Facade for HotReload, assuming new class
[2026.05.08-03.28.32:307][758]LogClass: Could not find existing class Enemigo_Aereo in package /Script/Facade for HotReload, assuming new class
[2026.05.08-03.28.32:307][758]LogClass: Could not find existing class Enemigo_Terrestre in package /Script/Facade for HotReload, assuming new class
[2026.05.08-03.28.32:312][758]LogHotReload: Re-instancing Enemigo_Acuatico after hot-reload.
[2026.05.08-03.28.32:319][758]LogHotReload: Re-instancing Enemigo_Aereo after hot-reload.
[2026.05.08-03.28.32:324][758]LogHotReload: Re-instancing Enemigo_Terrestre after hot-reload.
[2026.05.08-03.28.32:329][758]LogNativeClassHierarchy: Verbose: Native class hierarchy updated for 'Facade' in 0.0003 seconds. Added 6 classes and 2 folders.
[2026.05.08-03.28.32:332][758]Display: HotReload successful (1 functions remapped  0 scriptstructs remapped)
[2026.05.08-03.28.32:370][758]LogNativeClassHierarchy: Verbose: Native class hierarchy populated in 0.0087 seconds. Added 3828 classes and 930 folders.
[2026.05.08-03.28.32:376][758]Display: HotReload took  0.1s.
[2026.05.08-03.28.37:135][  5]LogTemp: Repeating last play command: Simulate
[2026.05.08-03.28.37:139][  5]LogPlayLevel: PlayLevel: No blueprints needed recompiling
[2026.05.08-03.28.37:139][  5]PIE: New page: Sesión SIE (simulación en el editor): TwinStickExampleMap (7 may. 2026 19:28:37)
[2026.05.08-03.28.37:167][  5]LogPlayLevel: Creating play world package: /Game/TwinStickCPP/Maps/UEDPIE_0_TwinStickExampleMap
[2026.05.08-03.28.37:175][  5]LogPlayLevel: PIE: StaticDuplicateObject took: (0.008253s)
[2026.05.08-03.28.37:178][  5]LogAIModule: Creating AISystem for world TwinStickExampleMap
[2026.05.08-03.28.37:179][  5]LogPlayLevel: PIE: World Init took: (0.003619s)
[2026.05.08-03.28.37:179][  5]LogPlayLevel: PIE: Created PIE world by copying editor world from /Game/TwinStickCPP/Maps/TwinStickExampleMap.TwinStickExampleMap to /Game/TwinStickCPP/Maps/UEDPIE_0_TwinStickExampleMap.TwinStickExampleMap (0.012240s)
[2026.05.08-03.28.37:185][  5]LogUObjectHash: Compacting FUObjectHashTables data took   0.67ms
[2026.05.08-03.28.37:186][  5]LogAudio: Display: Creating Audio Device:                 Id: 9, Scope: Unique, Realtime: True
[2026.05.08-03.28.37:186][  5]LogAudioMixer: Display: Audio Mixer Platform Settings:
[2026.05.08-03.28.37:186][  5]LogAudioMixer: Display: 	Sample Rate:						  48000
[2026.05.08-03.28.37:186][  5]LogAudioMixer: Display: 	Callback Buffer Frame Size Requested: 1024
[2026.05.08-03.28.37:186][  5]LogAudioMixer: Display: 	Callback Buffer Frame Size To Use:	  1024
[2026.05.08-03.28.37:186][  5]LogAudioMixer: Display: 	Number of buffers to queue:			  2
[2026.05.08-03.28.37:186][  5]LogAudioMixer: Display: 	Max Channels (voices):				  32
[2026.05.08-03.28.37:186][  5]LogAudioMixer: Display: 	Number of Async Source Workers:		  0
[2026.05.08-03.28.37:186][  5]LogAudio: Display: AudioDevice MaxSources: 32
[2026.05.08-03.28.37:187][  5]LogAudio: Display: Audio Spatialization Plugin: None (built-in).
[2026.05.08-03.28.37:187][  5]LogAudio: Display: Audio Reverb Plugin: None (built-in).
[2026.05.08-03.28.37:187][  5]LogAudio: Display: Audio Occlusion Plugin: None (built-in).
[2026.05.08-03.28.37:187][  5]LogAudioMixer: Display: Initializing audio mixer.
[2026.05.08-03.28.37:189][  5]LogAudioMixer: Display: 0: FrontLeft
[2026.05.08-03.28.37:189][  5]LogAudioMixer: Display: 1: FrontRight
[2026.05.08-03.28.37:228][  5]LogAudioMixer: Display: Using Audio Device Speakers (Realtek(R) Audio)
[2026.05.08-03.28.37:228][  5]LogAudioMixer: Display: Initializing Sound Submixes...
[2026.05.08-03.28.37:228][  5]LogAudioMixer: Display: Creating Master Submix 'MasterSubmixDefault'
[2026.05.08-03.28.37:228][  5]LogAudioMixer: Display: Creating Master Submix 'MasterReverbSubmixDefault'
[2026.05.08-03.28.37:229][  5]LogAudioMixer: Display: Creating Master Submix 'MasterEQSubmixDefault'
[2026.05.08-03.28.37:229][  5]LogAudioMixer: FMixerPlatformXAudio2::StartAudioStream() called
[2026.05.08-03.28.37:229][  5]LogAudioMixer: Display: Output buffers initialized: Frames=1024, Channels=2, Samples=2048
[2026.05.08-03.28.37:230][  5]LogAudioMixer: Display: Starting AudioMixerPlatformInterface::RunInternal()
[2026.05.08-03.28.37:230][  5]LogAudioMixer: Display: FMixerPlatformXAudio2::SubmitBuffer() called for the first time
[2026.05.08-03.28.37:230][  5]LogInit: FAudioDevice initialized.
[2026.05.08-03.28.37:230][  5]LogAudio: Display: Audio Device (ID: 9) registered with world 'TwinStickExampleMap'.
[2026.05.08-03.28.37:241][  5]LogLoad: Game class is 'FacadeGameMode'
[2026.05.08-03.28.37:243][  5]LogWorld: Bringing World /Game/TwinStickCPP/Maps/UEDPIE_0_TwinStickExampleMap.TwinStickExampleMap up for play (max tick rate 0) at 2026.05.07-23.28.37
[2026.05.08-03.28.37:243][  5]LogWorld: Bringing up level for play took: 0.001057
[2026.05.08-03.28.37:243][  5]LogOnline: OSS: Creating online subsystem instance for: :Context_15
[2026.05.08-03.28.37:245][  5]LogGameMode: Display: Match State Changed from EnteringMap to WaitingToStart
[2026.05.08-03.28.37:245][  5]LogGameState: Match State Changed from EnteringMap to WaitingToStart
[2026.05.08-03.28.37:245][  5]PIE: El servidor ha iniciado la sesión
[2026.05.08-03.28.37:245][  5]PIE: Play in editor total start time 0,108 seconds.
[2026.05.08-03.28.45:468][943]LogSlate: Updating window title bar state: overlay mode, drag disabled, window buttons hidden, title bar hidden
[2026.05.08-03.28.45:468][943]LogWorld: BeginTearingDown for /Game/TwinStickCPP/Maps/UEDPIE_0_TwinStickExampleMap
[2026.05.08-03.28.45:469][943]LogWorld: UWorld::CleanupWorld for TwinStickExampleMap, bSessionEnded=true, bCleanupResources=true
[2026.05.08-03.28.45:469][943]LogSlate: InvalidateAllWidgets triggered.  All widgets were invalidated
[2026.05.08-03.28.45:478][943]LogPlayLevel: Display: Shutting down PIE online subsystems
[2026.05.08-03.28.45:481][943]LogSlate: InvalidateAllWidgets triggered.  All widgets were invalidated
[2026.05.08-03.28.45:485][943]LogAudio: Display: Audio Device unregistered from world 'None'.
[2026.05.08-03.28.45:485][943]LogAudioMixer: FMixerPlatformXAudio2::StopAudioStream() called
[2026.05.08-03.28.45:486][943]LogAudioMixer: FMixerPlatformXAudio2::StopAudioStream() called
[2026.05.08-03.28.45:487][943]LogSlate: Updating window title bar state: overlay mode, drag disabled, window buttons hidden, title bar hidden
[2026.05.08-03.28.45:489][943]LogUObjectHash: Compacting FUObjectHashTables data took   0.51ms
[2026.05.08-03.28.45:541][949]LogPlayLevel: Display: Destroying online subsystem :Context_15
[2026.05.08-03.28.52:209][742]LogTemp: Repeating last play command: Simulate
[2026.05.08-03.28.52:213][742]LogPlayLevel: PlayLevel: No blueprints needed recompiling
[2026.05.08-03.28.52:213][742]PIE: New page: Sesión SIE (simulación en el editor): TwinStickExampleMap (7 may. 2026 19:28:52)
[2026.05.08-03.28.52:247][742]LogPlayLevel: Creating play world package: /Game/TwinStickCPP/Maps/UEDPIE_0_TwinStickExampleMap
[2026.05.08-03.28.52:255][742]LogPlayLevel: PIE: StaticDuplicateObject took: (0.007217s)
[2026.05.08-03.28.52:256][742]LogAIModule: Creating AISystem for world TwinStickExampleMap
[2026.05.08-03.28.52:256][742]LogPlayLevel: PIE: World Init took: (0.001276s)
[2026.05.08-03.28.52:256][742]LogPlayLevel: PIE: Created PIE world by copying editor world from /Game/TwinStickCPP/Maps/TwinStickExampleMap.TwinStickExampleMap to /Game/TwinStickCPP/Maps/UEDPIE_0_TwinStickExampleMap.TwinStickExampleMap (0.008804s)
[2026.05.08-03.28.52:260][742]LogUObjectHash: Compacting FUObjectHashTables data took   0.43ms
[2026.05.08-03.28.52:262][742]LogAudio: Display: Creating Audio Device:                 Id: 10, Scope: Unique, Realtime: True
[2026.05.08-03.28.52:262][742]LogAudioMixer: Display: Audio Mixer Platform Settings:
[2026.05.08-03.28.52:262][742]LogAudioMixer: Display: 	Sample Rate:						  48000
[2026.05.08-03.28.52:262][742]LogAudioMixer: Display: 	Callback Buffer Frame Size Requested: 1024
[2026.05.08-03.28.52:262][742]LogAudioMixer: Display: 	Callback Buffer Frame Size To Use:	  1024
[2026.05.08-03.28.52:262][742]LogAudioMixer: Display: 	Number of buffers to queue:			  2
[2026.05.08-03.28.52:262][742]LogAudioMixer: Display: 	Max Channels (voices):				  32
[2026.05.08-03.28.52:262][742]LogAudioMixer: Display: 	Number of Async Source Workers:		  0
[2026.05.08-03.28.52:262][742]LogAudio: Display: AudioDevice MaxSources: 32
[2026.05.08-03.28.52:262][742]LogAudio: Display: Audio Spatialization Plugin: None (built-in).
[2026.05.08-03.28.52:262][742]LogAudio: Display: Audio Reverb Plugin: None (built-in).
[2026.05.08-03.28.52:262][742]LogAudio: Display: Audio Occlusion Plugin: None (built-in).
[2026.05.08-03.28.52:262][742]LogAudioMixer: Display: Initializing audio mixer.
[2026.05.08-03.28.52:264][742]LogAudioMixer: Display: 0: FrontLeft
[2026.05.08-03.28.52:264][742]LogAudioMixer: Display: 1: FrontRight
[2026.05.08-03.28.52:299][742]LogAudioMixer: Display: Using Audio Device Speakers (Realtek(R) Audio)
[2026.05.08-03.28.52:299][742]LogAudioMixer: Display: Initializing Sound Submixes...
[2026.05.08-03.28.52:299][742]LogAudioMixer: Display: Creating Master Submix 'MasterSubmixDefault'
[2026.05.08-03.28.52:299][742]LogAudioMixer: Display: Creating Master Submix 'MasterReverbSubmixDefault'
[2026.05.08-03.28.52:299][742]LogAudioMixer: Display: Creating Master Submix 'MasterEQSubmixDefault'
[2026.05.08-03.28.52:299][742]LogAudioMixer: FMixerPlatformXAudio2::StartAudioStream() called
[2026.05.08-03.28.52:300][742]LogAudioMixer: Display: Output buffers initialized: Frames=1024, Channels=2, Samples=2048
[2026.05.08-03.28.52:300][742]LogAudioMixer: Display: Starting AudioMixerPlatformInterface::RunInternal()
[2026.05.08-03.28.52:300][742]LogAudioMixer: Display: FMixerPlatformXAudio2::SubmitBuffer() called for the first time
[2026.05.08-03.28.52:300][742]LogInit: FAudioDevice initialized.
[2026.05.08-03.28.52:300][742]LogAudio: Display: Audio Device (ID: 10) registered with world 'TwinStickExampleMap'.
[2026.05.08-03.28.52:307][742]LogLoad: Game class is 'FacadeGameMode'
[2026.05.08-03.28.52:309][742]LogWorld: Bringing World /Game/TwinStickCPP/Maps/UEDPIE_0_TwinStickExampleMap.TwinStickExampleMap up for play (max tick rate 0) at 2026.05.07-23.28.52
[2026.05.08-03.28.52:309][742]LogWorld: Bringing up level for play took: 0.000690
[2026.05.08-03.28.52:309][742]LogOnline: OSS: Creating online subsystem instance for: :Context_16
[2026.05.08-03.28.52:310][742]LogGameMode: Display: Match State Changed from EnteringMap to WaitingToStart
[2026.05.08-03.28.52:311][742]LogGameState: Match State Changed from EnteringMap to WaitingToStart
[2026.05.08-03.28.52:311][742]PIE: El servidor ha iniciado la sesión
[2026.05.08-03.28.52:311][742]PIE: Play in editor total start time 0,099 seconds.
[2026.05.08-03.29.03:288][ 29]LogSlate: Updating window title bar state: overlay mode, drag disabled, window buttons hidden, title bar hidden
[2026.05.08-03.29.03:288][ 29]LogWorld: BeginTearingDown for /Game/TwinStickCPP/Maps/UEDPIE_0_TwinStickExampleMap
[2026.05.08-03.29.03:288][ 29]LogWorld: UWorld::CleanupWorld for TwinStickExampleMap, bSessionEnded=true, bCleanupResources=true
[2026.05.08-03.29.03:288][ 29]LogSlate: InvalidateAllWidgets triggered.  All widgets were invalidated
[2026.05.08-03.29.03:303][ 29]LogPlayLevel: Display: Shutting down PIE online subsystems
[2026.05.08-03.29.03:304][ 29]LogSlate: InvalidateAllWidgets triggered.  All widgets were invalidated
[2026.05.08-03.29.03:308][ 29]LogSlate: Updating window title bar state: overlay mode, drag disabled, window buttons hidden, title bar hidden
[2026.05.08-03.29.03:309][ 29]LogAudioMixer: FMixerPlatformXAudio2::StopAudioStream() called
[2026.05.08-03.29.03:310][ 29]LogAudioMixer: FMixerPlatformXAudio2::StopAudioStream() called
[2026.05.08-03.29.03:314][ 29]LogUObjectHash: Compacting FUObjectHashTables data took   0.49ms
[2026.05.08-03.29.03:365][ 35]LogPlayLevel: Display: Destroying online subsystem :Context_16
[2026.05.08-03.39.39:714][ 69]LogHotReload: New module detected: UE4Editor-Facade-0010.dll
[2026.05.08-03.39.40:397][ 72]LogHotReload: Starting Hot-Reload from IDE
[2026.05.08-03.39.40:459][ 72]LogNativeClassHierarchy: Verbose: Native class hierarchy updated for 'Facade' in 0.0007 seconds. Added 6 classes and 2 folders.
[2026.05.08-03.39.40:461][ 72]Display: HotReload successful (1 functions remapped  0 scriptstructs remapped)
[2026.05.08-03.39.40:497][ 72]LogNativeClassHierarchy: Verbose: Native class hierarchy populated in 0.0091 seconds. Added 3828 classes and 930 folders.
[2026.05.08-03.39.40:504][ 72]Display: HotReload took  0.1s.
[2026.05.08-03.39.44:247][288]LogTemp: Repeating last play command: Simulate
[2026.05.08-03.39.44:250][288]LogPlayLevel: PlayLevel: No blueprints needed recompiling
[2026.05.08-03.39.44:250][288]PIE: New page: Sesión SIE (simulación en el editor): TwinStickExampleMap (7 may. 2026 19:39:44)
[2026.05.08-03.39.44:282][288]LogPlayLevel: Creating play world package: /Game/TwinStickCPP/Maps/UEDPIE_0_TwinStickExampleMap
[2026.05.08-03.39.44:290][288]LogPlayLevel: PIE: StaticDuplicateObject took: (0.008103s)
[2026.05.08-03.39.44:291][288]LogAIModule: Creating AISystem for world TwinStickExampleMap
[2026.05.08-03.39.44:291][288]LogPlayLevel: PIE: World Init took: (0.001383s)
[2026.05.08-03.39.44:291][288]LogPlayLevel: PIE: Created PIE world by copying editor world from /Game/TwinStickCPP/Maps/TwinStickExampleMap.TwinStickExampleMap to /Game/TwinStickCPP/Maps/UEDPIE_0_TwinStickExampleMap.TwinStickExampleMap (0.009775s)
[2026.05.08-03.39.44:300][288]LogUObjectHash: Compacting FUObjectHashTables data took   0.52ms
[2026.05.08-03.39.44:302][288]LogAudio: Display: Creating Audio Device:                 Id: 11, Scope: Unique, Realtime: True
[2026.05.08-03.39.44:302][288]LogAudioMixer: Display: Audio Mixer Platform Settings:
[2026.05.08-03.39.44:302][288]LogAudioMixer: Display: 	Sample Rate:						  48000
[2026.05.08-03.39.44:302][288]LogAudioMixer: Display: 	Callback Buffer Frame Size Requested: 1024
[2026.05.08-03.39.44:302][288]LogAudioMixer: Display: 	Callback Buffer Frame Size To Use:	  1024
[2026.05.08-03.39.44:302][288]LogAudioMixer: Display: 	Number of buffers to queue:			  2
[2026.05.08-03.39.44:302][288]LogAudioMixer: Display: 	Max Channels (voices):				  32
[2026.05.08-03.39.44:302][288]LogAudioMixer: Display: 	Number of Async Source Workers:		  0
[2026.05.08-03.39.44:302][288]LogAudio: Display: AudioDevice MaxSources: 32
[2026.05.08-03.39.44:302][288]LogAudio: Display: Audio Spatialization Plugin: None (built-in).
[2026.05.08-03.39.44:302][288]LogAudio: Display: Audio Reverb Plugin: None (built-in).
[2026.05.08-03.39.44:302][288]LogAudio: Display: Audio Occlusion Plugin: None (built-in).
[2026.05.08-03.39.44:302][288]LogAudioMixer: Display: Initializing audio mixer.
[2026.05.08-03.39.44:305][288]LogAudioMixer: Display: 0: FrontLeft
[2026.05.08-03.39.44:305][288]LogAudioMixer: Display: 1: FrontRight
[2026.05.08-03.39.44:342][288]LogAudioMixer: Display: Using Audio Device Speakers (Realtek(R) Audio)
[2026.05.08-03.39.44:342][288]LogAudioMixer: Display: Initializing Sound Submixes...
[2026.05.08-03.39.44:342][288]LogAudioMixer: Display: Creating Master Submix 'MasterSubmixDefault'
[2026.05.08-03.39.44:342][288]LogAudioMixer: Display: Creating Master Submix 'MasterReverbSubmixDefault'
[2026.05.08-03.39.44:342][288]LogAudioMixer: Display: Creating Master Submix 'MasterEQSubmixDefault'
[2026.05.08-03.39.44:343][288]LogAudioMixer: FMixerPlatformXAudio2::StartAudioStream() called
[2026.05.08-03.39.44:343][288]LogAudioMixer: Display: Output buffers initialized: Frames=1024, Channels=2, Samples=2048
[2026.05.08-03.39.44:344][288]LogAudioMixer: Display: Starting AudioMixerPlatformInterface::RunInternal()
[2026.05.08-03.39.44:344][288]LogAudioMixer: Display: FMixerPlatformXAudio2::SubmitBuffer() called for the first time
[2026.05.08-03.39.44:344][288]LogInit: FAudioDevice initialized.
[2026.05.08-03.39.44:344][288]LogAudio: Display: Audio Device (ID: 11) registered with world 'TwinStickExampleMap'.
[2026.05.08-03.39.44:350][288]LogLoad: Game class is 'FacadeGameMode'
[2026.05.08-03.39.44:352][288]LogWorld: Bringing World /Game/TwinStickCPP/Maps/UEDPIE_0_TwinStickExampleMap.TwinStickExampleMap up for play (max tick rate 0) at 2026.05.07-23.39.44
[2026.05.08-03.39.44:352][288]LogWorld: Bringing up level for play took: 0.000998
[2026.05.08-03.39.44:352][288]LogOnline: OSS: Creating online subsystem instance for: :Context_17
[2026.05.08-03.39.44:354][288]LogGameMode: Display: Match State Changed from EnteringMap to WaitingToStart
[2026.05.08-03.39.44:355][288]LogGameState: Match State Changed from EnteringMap to WaitingToStart
[2026.05.08-03.39.44:355][288]PIE: El servidor ha iniciado la sesión
[2026.05.08-03.39.44:356][288]PIE: Play in editor total start time 0,106 seconds.
[2026.05.08-03.43.13:940][674]LogHotReload: New module detected: UE4Editor-Facade-0011.dll
[2026.05.08-03.43.19:276][857]Cmd: SELECT NONE
[2026.05.08-03.43.20:475][999]LogEditorViewport: Clicking on Actor (LMB): StaticMeshActor (Floor)
[2026.05.08-03.43.21:813][141]LogEditorViewport: Clicking on Actor (LMB): BP_Sky_Sphere_C (SkySphereBlueprint)
[2026.05.08-03.43.22:221][183]LogSlate: Updating window title bar state: overlay mode, drag disabled, window buttons hidden, title bar hidden
[2026.05.08-03.43.22:221][183]LogWorld: BeginTearingDown for /Game/TwinStickCPP/Maps/UEDPIE_0_TwinStickExampleMap
[2026.05.08-03.43.22:222][183]LogWorld: UWorld::CleanupWorld for TwinStickExampleMap, bSessionEnded=true, bCleanupResources=true
[2026.05.08-03.43.22:222][183]LogSlate: InvalidateAllWidgets triggered.  All widgets were invalidated
[2026.05.08-03.43.22:233][183]LogPlayLevel: Display: Shutting down PIE online subsystems
[2026.05.08-03.43.22:238][183]LogSlate: InvalidateAllWidgets triggered.  All widgets were invalidated
[2026.05.08-03.43.22:243][183]LogAudio: Display: Audio Device unregistered from world 'None'.
[2026.05.08-03.43.22:243][183]LogAudioMixer: FMixerPlatformXAudio2::StopAudioStream() called
[2026.05.08-03.43.22:244][183]LogAudioMixer: FMixerPlatformXAudio2::StopAudioStream() called
[2026.05.08-03.43.22:246][183]LogSlate: Updating window title bar state: overlay mode, drag disabled, window buttons hidden, title bar hidden
[2026.05.08-03.43.22:248][183]LogUObjectHash: Compacting FUObjectHashTables data took   1.09ms
[2026.05.08-03.43.22:270][184]LogHotReload: Starting Hot-Reload from IDE
[2026.05.08-03.43.22:318][184]LogNativeClassHierarchy: Verbose: Native class hierarchy updated for 'Facade' in 0.0003 seconds. Added 6 classes and 2 folders.
[2026.05.08-03.43.22:321][184]Display: HotReload successful (1 functions remapped  0 scriptstructs remapped)
[2026.05.08-03.43.22:356][184]LogNativeClassHierarchy: Verbose: Native class hierarchy populated in 0.0086 seconds. Added 3828 classes and 930 folders.
[2026.05.08-03.43.22:364][184]Display: HotReload took  0.1s.
[2026.05.08-03.43.22:397][184]LogPlayLevel: Display: Destroying online subsystem :Context_17
[2026.05.08-03.43.24:285][375]LogTemp: Repeating last play command: Simulate
[2026.05.08-03.43.24:289][375]LogPlayLevel: PlayLevel: No blueprints needed recompiling
[2026.05.08-03.43.24:289][375]PIE: New page: Sesión SIE (simulación en el editor): TwinStickExampleMap (7 may. 2026 19:43:24)
[2026.05.08-03.43.24:311][375]LogPlayLevel: Creating play world package: /Game/TwinStickCPP/Maps/UEDPIE_0_TwinStickExampleMap
[2026.05.08-03.43.24:319][375]LogPlayLevel: PIE: StaticDuplicateObject took: (0.009124s)
[2026.05.08-03.43.24:321][375]LogAIModule: Creating AISystem for world TwinStickExampleMap
[2026.05.08-03.43.24:321][375]LogPlayLevel: PIE: World Init took: (0.002170s)
[2026.05.08-03.43.24:321][375]LogPlayLevel: PIE: Created PIE world by copying editor world from /Game/TwinStickCPP/Maps/TwinStickExampleMap.TwinStickExampleMap to /Game/TwinStickCPP/Maps/UEDPIE_0_TwinStickExampleMap.TwinStickExampleMap (0.011630s)
[2026.05.08-03.43.24:329][375]LogUObjectHash: Compacting FUObjectHashTables data took   0.46ms
[2026.05.08-03.43.24:330][375]LogAudio: Display: Creating Audio Device:                 Id: 12, Scope: Unique, Realtime: True
[2026.05.08-03.43.24:330][375]LogAudioMixer: Display: Audio Mixer Platform Settings:
[2026.05.08-03.43.24:330][375]LogAudioMixer: Display: 	Sample Rate:						  48000
[2026.05.08-03.43.24:330][375]LogAudioMixer: Display: 	Callback Buffer Frame Size Requested: 1024
[2026.05.08-03.43.24:330][375]LogAudioMixer: Display: 	Callback Buffer Frame Size To Use:	  1024
[2026.05.08-03.43.24:330][375]LogAudioMixer: Display: 	Number of buffers to queue:			  2
[2026.05.08-03.43.24:330][375]LogAudioMixer: Display: 	Max Channels (voices):				  32
[2026.05.08-03.43.24:330][375]LogAudioMixer: Display: 	Number of Async Source Workers:		  0
[2026.05.08-03.43.24:330][375]LogAudio: Display: AudioDevice MaxSources: 32
[2026.05.08-03.43.24:330][375]LogAudio: Display: Audio Spatialization Plugin: None (built-in).
[2026.05.08-03.43.24:330][375]LogAudio: Display: Audio Reverb Plugin: None (built-in).
[2026.05.08-03.43.24:330][375]LogAudio: Display: Audio Occlusion Plugin: None (built-in).
[2026.05.08-03.43.24:330][375]LogAudioMixer: Display: Initializing audio mixer.
[2026.05.08-03.43.24:332][375]LogAudioMixer: Display: 0: FrontLeft
[2026.05.08-03.43.24:332][375]LogAudioMixer: Display: 1: FrontRight
[2026.05.08-03.43.24:369][375]LogAudioMixer: Display: Using Audio Device Speakers (Realtek(R) Audio)
[2026.05.08-03.43.24:370][375]LogAudioMixer: Display: Initializing Sound Submixes...
[2026.05.08-03.43.24:370][375]LogAudioMixer: Display: Creating Master Submix 'MasterSubmixDefault'
[2026.05.08-03.43.24:370][375]LogAudioMixer: Display: Creating Master Submix 'MasterReverbSubmixDefault'
[2026.05.08-03.43.24:370][375]LogAudioMixer: Display: Creating Master Submix 'MasterEQSubmixDefault'
[2026.05.08-03.43.24:370][375]LogAudioMixer: FMixerPlatformXAudio2::StartAudioStream() called
[2026.05.08-03.43.24:370][375]LogAudioMixer: Display: Output buffers initialized: Frames=1024, Channels=2, Samples=2048
[2026.05.08-03.43.24:371][375]LogAudioMixer: Display: Starting AudioMixerPlatformInterface::RunInternal()
[2026.05.08-03.43.24:371][375]LogAudioMixer: Display: FMixerPlatformXAudio2::SubmitBuffer() called for the first time
[2026.05.08-03.43.24:371][375]LogInit: FAudioDevice initialized.
[2026.05.08-03.43.24:371][375]LogAudio: Display: Audio Device (ID: 12) registered with world 'TwinStickExampleMap'.
[2026.05.08-03.43.24:382][375]LogLoad: Game class is 'FacadeGameMode'
[2026.05.08-03.43.24:383][375]LogWorld: Bringing World /Game/TwinStickCPP/Maps/UEDPIE_0_TwinStickExampleMap.TwinStickExampleMap up for play (max tick rate 0) at 2026.05.07-23.43.24
[2026.05.08-03.43.24:383][375]LogWorld: Bringing up level for play took: 0.000753
[2026.05.08-03.43.24:383][375]LogOnline: OSS: Creating online subsystem instance for: :Context_18
[2026.05.08-03.43.24:386][375]LogGameMode: Display: Match State Changed from EnteringMap to WaitingToStart
[2026.05.08-03.43.24:386][375]LogGameState: Match State Changed from EnteringMap to WaitingToStart
[2026.05.08-03.43.24:386][375]PIE: El servidor ha iniciado la sesión
[2026.05.08-03.43.24:387][375]PIE: Play in editor total start time 0,098 seconds.
[2026.05.08-03.43.33:749][461]LogEditorViewport: Clicking on Actor (LMB): Enemigo_Terrestre (Enemigo_Terrestre)
[2026.05.08-03.43.45:451][785]LogSlate: Updating window title bar state: overlay mode, drag disabled, window buttons hidden, title bar hidden
[2026.05.08-03.43.45:451][785]LogWorld: BeginTearingDown for /Game/TwinStickCPP/Maps/UEDPIE_0_TwinStickExampleMap
[2026.05.08-03.43.45:452][785]LogWorld: UWorld::CleanupWorld for TwinStickExampleMap, bSessionEnded=true, bCleanupResources=true
[2026.05.08-03.43.45:452][785]LogSlate: InvalidateAllWidgets triggered.  All widgets were invalidated
[2026.05.08-03.43.45:463][785]LogPlayLevel: Display: Shutting down PIE online subsystems
[2026.05.08-03.43.45:466][785]LogSlate: InvalidateAllWidgets triggered.  All widgets were invalidated
[2026.05.08-03.43.45:469][785]LogAudio: Display: Audio Device unregistered from world 'None'.
[2026.05.08-03.43.45:469][785]LogAudioMixer: FMixerPlatformXAudio2::StopAudioStream() called
[2026.05.08-03.43.45:471][785]LogAudioMixer: FMixerPlatformXAudio2::StopAudioStream() called
[2026.05.08-03.43.45:474][785]LogSlate: Updating window title bar state: overlay mode, drag disabled, window buttons hidden, title bar hidden
[2026.05.08-03.43.45:476][785]LogUObjectHash: Compacting FUObjectHashTables data took   0.48ms
[2026.05.08-03.43.45:520][788]LogPlayLevel: Display: Destroying online subsystem :Context_18
[2026.05.08-03.43.46:594][915]LogTemp: Repeating last play command: Simulate
[2026.05.08-03.43.46:598][915]LogPlayLevel: PlayLevel: No blueprints needed recompiling
[2026.05.08-03.43.46:598][915]PIE: New page: Sesión SIE (simulación en el editor): TwinStickExampleMap (7 may. 2026 19:43:46)
[2026.05.08-03.43.46:620][915]LogPlayLevel: Creating play world package: /Game/TwinStickCPP/Maps/UEDPIE_0_TwinStickExampleMap
[2026.05.08-03.43.46:630][915]LogPlayLevel: PIE: StaticDuplicateObject took: (0.010151s)
[2026.05.08-03.43.46:631][915]LogAIModule: Creating AISystem for world TwinStickExampleMap
[2026.05.08-03.43.46:632][915]LogPlayLevel: PIE: World Init took: (0.001748s)
[2026.05.08-03.43.46:632][915]LogPlayLevel: PIE: Created PIE world by copying editor world from /Game/TwinStickCPP/Maps/TwinStickExampleMap.TwinStickExampleMap to /Game/TwinStickCPP/Maps/UEDPIE_0_TwinStickExampleMap.TwinStickExampleMap (0.012160s)
[2026.05.08-03.43.46:636][915]LogUObjectHash: Compacting FUObjectHashTables data took   0.45ms
[2026.05.08-03.43.46:637][915]LogAudio: Display: Creating Audio Device:                 Id: 13, Scope: Unique, Realtime: True
[2026.05.08-03.43.46:637][915]LogAudioMixer: Display: Audio Mixer Platform Settings:
[2026.05.08-03.43.46:637][915]LogAudioMixer: Display: 	Sample Rate:						  48000
[2026.05.08-03.43.46:637][915]LogAudioMixer: Display: 	Callback Buffer Frame Size Requested: 1024
[2026.05.08-03.43.46:637][915]LogAudioMixer: Display: 	Callback Buffer Frame Size To Use:	  1024
[2026.05.08-03.43.46:637][915]LogAudioMixer: Display: 	Number of buffers to queue:			  2
[2026.05.08-03.43.46:637][915]LogAudioMixer: Display: 	Max Channels (voices):				  32
[2026.05.08-03.43.46:637][915]LogAudioMixer: Display: 	Number of Async Source Workers:		  0
[2026.05.08-03.43.46:637][915]LogAudio: Display: AudioDevice MaxSources: 32
[2026.05.08-03.43.46:637][915]LogAudio: Display: Audio Spatialization Plugin: None (built-in).
[2026.05.08-03.43.46:637][915]LogAudio: Display: Audio Reverb Plugin: None (built-in).
[2026.05.08-03.43.46:637][915]LogAudio: Display: Audio Occlusion Plugin: None (built-in).
[2026.05.08-03.43.46:637][915]LogAudioMixer: Display: Initializing audio mixer.
[2026.05.08-03.43.46:639][915]LogAudioMixer: Display: 0: FrontLeft
[2026.05.08-03.43.46:639][915]LogAudioMixer: Display: 1: FrontRight
[2026.05.08-03.43.46:673][915]LogAudioMixer: Display: Using Audio Device Speakers (Realtek(R) Audio)
[2026.05.08-03.43.46:675][915]LogAudioMixer: Display: Initializing Sound Submixes...
[2026.05.08-03.43.46:675][915]LogAudioMixer: Display: Creating Master Submix 'MasterSubmixDefault'
[2026.05.08-03.43.46:675][915]LogAudioMixer: Display: Creating Master Submix 'MasterReverbSubmixDefault'
[2026.05.08-03.43.46:675][915]LogAudioMixer: Display: Creating Master Submix 'MasterEQSubmixDefault'
[2026.05.08-03.43.46:675][915]LogAudioMixer: FMixerPlatformXAudio2::StartAudioStream() called
[2026.05.08-03.43.46:675][915]LogAudioMixer: Display: Output buffers initialized: Frames=1024, Channels=2, Samples=2048
[2026.05.08-03.43.46:676][915]LogAudioMixer: Display: Starting AudioMixerPlatformInterface::RunInternal()
[2026.05.08-03.43.46:677][915]LogAudioMixer: Display: FMixerPlatformXAudio2::SubmitBuffer() called for the first time
[2026.05.08-03.43.46:677][915]LogInit: FAudioDevice initialized.
[2026.05.08-03.43.46:677][915]LogAudio: Display: Audio Device (ID: 13) registered with world 'TwinStickExampleMap'.
[2026.05.08-03.43.46:688][915]LogLoad: Game class is 'FacadeGameMode'
[2026.05.08-03.43.46:690][915]LogWorld: Bringing World /Game/TwinStickCPP/Maps/UEDPIE_0_TwinStickExampleMap.TwinStickExampleMap up for play (max tick rate 0) at 2026.05.07-23.43.46
[2026.05.08-03.43.46:690][915]LogWorld: Bringing up level for play took: 0.001258
[2026.05.08-03.43.46:690][915]LogOnline: OSS: Creating online subsystem instance for: :Context_19
[2026.05.08-03.43.46:693][915]LogGameMode: Display: Match State Changed from EnteringMap to WaitingToStart
[2026.05.08-03.43.46:693][915]LogGameState: Match State Changed from EnteringMap to WaitingToStart
[2026.05.08-03.43.46:693][915]PIE: El servidor ha iniciado la sesión
[2026.05.08-03.43.46:694][915]PIE: Play in editor total start time 0,097 seconds.
[2026.05.08-03.43.52:161][547]LogSlate: Updating window title bar state: overlay mode, drag disabled, window buttons hidden, title bar hidden
[2026.05.08-03.43.52:161][547]LogWorld: BeginTearingDown for /Game/TwinStickCPP/Maps/UEDPIE_0_TwinStickExampleMap
[2026.05.08-03.43.52:161][547]LogWorld: UWorld::CleanupWorld for TwinStickExampleMap, bSessionEnded=true, bCleanupResources=true
[2026.05.08-03.43.52:161][547]LogSlate: InvalidateAllWidgets triggered.  All widgets were invalidated
[2026.05.08-03.43.52:173][547]LogPlayLevel: Display: Shutting down PIE online subsystems
[2026.05.08-03.43.52:176][547]LogSlate: InvalidateAllWidgets triggered.  All widgets were invalidated
[2026.05.08-03.43.52:179][547]LogSlate: Updating window title bar state: overlay mode, drag disabled, window buttons hidden, title bar hidden
[2026.05.08-03.43.52:181][547]LogAudioMixer: FMixerPlatformXAudio2::StopAudioStream() called
[2026.05.08-03.43.52:182][547]LogAudioMixer: FMixerPlatformXAudio2::StopAudioStream() called
[2026.05.08-03.43.52:186][547]LogUObjectHash: Compacting FUObjectHashTables data took   0.44ms
[2026.05.08-03.43.52:227][550]LogPlayLevel: Display: Destroying online subsystem :Context_19
[2026.05.08-03.44.34:231][781]LogTemp: Repeating last play command: Simulate
[2026.05.08-03.44.34:235][781]LogPlayLevel: PlayLevel: No blueprints needed recompiling
[2026.05.08-03.44.34:235][781]PIE: New page: Sesión SIE (simulación en el editor): TwinStickExampleMap (7 may. 2026 19:44:34)
[2026.05.08-03.44.34:259][781]LogPlayLevel: Creating play world package: /Game/TwinStickCPP/Maps/UEDPIE_0_TwinStickExampleMap
[2026.05.08-03.44.34:269][781]LogPlayLevel: PIE: StaticDuplicateObject took: (0.009051s)
[2026.05.08-03.44.34:270][781]LogAIModule: Creating AISystem for world TwinStickExampleMap
[2026.05.08-03.44.34:270][781]LogPlayLevel: PIE: World Init took: (0.001129s)
[2026.05.08-03.44.34:271][781]LogPlayLevel: PIE: Created PIE world by copying editor world from /Game/TwinStickCPP/Maps/TwinStickExampleMap.TwinStickExampleMap to /Game/TwinStickCPP/Maps/UEDPIE_0_TwinStickExampleMap.TwinStickExampleMap (0.010455s)
[2026.05.08-03.44.34:275][781]LogUObjectHash: Compacting FUObjectHashTables data took   0.55ms
[2026.05.08-03.44.34:276][781]LogAudio: Display: Creating Audio Device:                 Id: 14, Scope: Unique, Realtime: True
[2026.05.08-03.44.34:276][781]LogAudioMixer: Display: Audio Mixer Platform Settings:
[2026.05.08-03.44.34:276][781]LogAudioMixer: Display: 	Sample Rate:						  48000
[2026.05.08-03.44.34:276][781]LogAudioMixer: Display: 	Callback Buffer Frame Size Requested: 1024
[2026.05.08-03.44.34:276][781]LogAudioMixer: Display: 	Callback Buffer Frame Size To Use:	  1024
[2026.05.08-03.44.34:276][781]LogAudioMixer: Display: 	Number of buffers to queue:			  2
[2026.05.08-03.44.34:276][781]LogAudioMixer: Display: 	Max Channels (voices):				  32
[2026.05.08-03.44.34:276][781]LogAudioMixer: Display: 	Number of Async Source Workers:		  0
[2026.05.08-03.44.34:276][781]LogAudio: Display: AudioDevice MaxSources: 32
[2026.05.08-03.44.34:277][781]LogAudio: Display: Audio Spatialization Plugin: None (built-in).
[2026.05.08-03.44.34:277][781]LogAudio: Display: Audio Reverb Plugin: None (built-in).
[2026.05.08-03.44.34:277][781]LogAudio: Display: Audio Occlusion Plugin: None (built-in).
[2026.05.08-03.44.34:277][781]LogAudioMixer: Display: Initializing audio mixer.
[2026.05.08-03.44.34:279][781]LogAudioMixer: Display: 0: FrontLeft
[2026.05.08-03.44.34:279][781]LogAudioMixer: Display: 1: FrontRight
[2026.05.08-03.44.34:315][781]LogAudioMixer: Display: Using Audio Device Speakers (Realtek(R) Audio)
[2026.05.08-03.44.34:316][781]LogAudioMixer: Display: Initializing Sound Submixes...
[2026.05.08-03.44.34:316][781]LogAudioMixer: Display: Creating Master Submix 'MasterSubmixDefault'
[2026.05.08-03.44.34:316][781]LogAudioMixer: Display: Creating Master Submix 'MasterReverbSubmixDefault'
[2026.05.08-03.44.34:316][781]LogAudioMixer: Display: Creating Master Submix 'MasterEQSubmixDefault'
[2026.05.08-03.44.34:316][781]LogAudioMixer: FMixerPlatformXAudio2::StartAudioStream() called
[2026.05.08-03.44.34:316][781]LogAudioMixer: Display: Output buffers initialized: Frames=1024, Channels=2, Samples=2048
[2026.05.08-03.44.34:317][781]LogAudioMixer: Display: Starting AudioMixerPlatformInterface::RunInternal()
[2026.05.08-03.44.34:317][781]LogAudioMixer: Display: FMixerPlatformXAudio2::SubmitBuffer() called for the first time
[2026.05.08-03.44.34:317][781]LogInit: FAudioDevice initialized.
[2026.05.08-03.44.34:317][781]LogAudio: Display: Audio Device (ID: 14) registered with world 'TwinStickExampleMap'.
[2026.05.08-03.44.34:328][781]LogLoad: Game class is 'FacadeGameMode'
[2026.05.08-03.44.34:329][781]LogWorld: Bringing World /Game/TwinStickCPP/Maps/UEDPIE_0_TwinStickExampleMap.TwinStickExampleMap up for play (max tick rate 0) at 2026.05.07-23.44.34
[2026.05.08-03.44.34:330][781]LogWorld: Bringing up level for play took: 0.001200
[2026.05.08-03.44.34:330][781]LogOnline: OSS: Creating online subsystem instance for: :Context_20
[2026.05.08-03.44.34:332][781]LogGameMode: Display: Match State Changed from EnteringMap to WaitingToStart
[2026.05.08-03.44.34:332][781]LogGameState: Match State Changed from EnteringMap to WaitingToStart
[2026.05.08-03.44.34:332][781]PIE: El servidor ha iniciado la sesión
[2026.05.08-03.44.34:333][781]PIE: Play in editor total start time 0,099 seconds.
[2026.05.08-03.47.31:025][867]LogHotReload: New module detected: UE4Editor-Facade-0012.dll
[2026.05.08-03.47.36:170][ 20]Cmd: SELECT NONE
[2026.05.08-03.47.37:414][157]LogEditorViewport: Clicking on Actor (LMB): StaticMeshActor (Wall5)
[2026.05.08-03.47.38:012][215]LogEditorViewport: Clicking on Actor (LMB): BP_Sky_Sphere_C (SkySphereBlueprint)
[2026.05.08-03.47.38:629][273]LogSlate: Updating window title bar state: overlay mode, drag disabled, window buttons hidden, title bar hidden
[2026.05.08-03.47.38:629][273]LogWorld: BeginTearingDown for /Game/TwinStickCPP/Maps/UEDPIE_0_TwinStickExampleMap
[2026.05.08-03.47.38:629][273]LogWorld: UWorld::CleanupWorld for TwinStickExampleMap, bSessionEnded=true, bCleanupResources=true
[2026.05.08-03.47.38:629][273]LogSlate: InvalidateAllWidgets triggered.  All widgets were invalidated
[2026.05.08-03.47.38:642][273]LogPlayLevel: Display: Shutting down PIE online subsystems
[2026.05.08-03.47.38:651][273]LogSlate: InvalidateAllWidgets triggered.  All widgets were invalidated
[2026.05.08-03.47.38:654][273]LogSlate: Updating window title bar state: overlay mode, drag disabled, window buttons hidden, title bar hidden
[2026.05.08-03.47.38:654][273]LogAudioMixer: FMixerPlatformXAudio2::StopAudioStream() called
[2026.05.08-03.47.38:655][273]LogAudioMixer: FMixerPlatformXAudio2::StopAudioStream() called
[2026.05.08-03.47.38:660][273]LogUObjectHash: Compacting FUObjectHashTables data took   1.21ms
[2026.05.08-03.47.38:680][274]LogHotReload: Starting Hot-Reload from IDE
[2026.05.08-03.47.38:740][274]LogNativeClassHierarchy: Verbose: Native class hierarchy updated for 'Facade' in 0.0005 seconds. Added 6 classes and 2 folders.
[2026.05.08-03.47.38:743][274]Display: HotReload successful (1 functions remapped  0 scriptstructs remapped)
[2026.05.08-03.47.38:774][274]LogNativeClassHierarchy: Verbose: Native class hierarchy populated in 0.0076 seconds. Added 3828 classes and 930 folders.
[2026.05.08-03.47.38:784][274]Display: HotReload took  0.1s.
[2026.05.08-03.47.38:818][274]LogPlayLevel: Display: Destroying online subsystem :Context_20
[2026.05.08-03.47.40:277][417]LogTemp: Repeating last play command: Simulate
[2026.05.08-03.47.40:282][417]LogPlayLevel: PlayLevel: No blueprints needed recompiling
[2026.05.08-03.47.40:282][417]PIE: New page: Sesión SIE (simulación en el editor): TwinStickExampleMap (7 may. 2026 19:47:40)
[2026.05.08-03.47.40:308][417]LogPlayLevel: Creating play world package: /Game/TwinStickCPP/Maps/UEDPIE_0_TwinStickExampleMap
[2026.05.08-03.47.40:317][417]LogPlayLevel: PIE: StaticDuplicateObject took: (0.008444s)
[2026.05.08-03.47.40:318][417]LogAIModule: Creating AISystem for world TwinStickExampleMap
[2026.05.08-03.47.40:318][417]LogPlayLevel: PIE: World Init took: (0.001175s)
[2026.05.08-03.47.40:318][417]LogPlayLevel: PIE: Created PIE world by copying editor world from /Game/TwinStickCPP/Maps/TwinStickExampleMap.TwinStickExampleMap to /Game/TwinStickCPP/Maps/UEDPIE_0_TwinStickExampleMap.TwinStickExampleMap (0.010207s)
[2026.05.08-03.47.40:326][417]LogUObjectHash: Compacting FUObjectHashTables data took   0.62ms
[2026.05.08-03.47.40:327][417]LogAudio: Display: Creating Audio Device:                 Id: 15, Scope: Unique, Realtime: True
[2026.05.08-03.47.40:327][417]LogAudioMixer: Display: Audio Mixer Platform Settings:
[2026.05.08-03.47.40:327][417]LogAudioMixer: Display: 	Sample Rate:						  48000
[2026.05.08-03.47.40:327][417]LogAudioMixer: Display: 	Callback Buffer Frame Size Requested: 1024
[2026.05.08-03.47.40:327][417]LogAudioMixer: Display: 	Callback Buffer Frame Size To Use:	  1024
[2026.05.08-03.47.40:327][417]LogAudioMixer: Display: 	Number of buffers to queue:			  2
[2026.05.08-03.47.40:327][417]LogAudioMixer: Display: 	Max Channels (voices):				  32
[2026.05.08-03.47.40:327][417]LogAudioMixer: Display: 	Number of Async Source Workers:		  0
[2026.05.08-03.47.40:327][417]LogAudio: Display: AudioDevice MaxSources: 32
[2026.05.08-03.47.40:327][417]LogAudio: Display: Audio Spatialization Plugin: None (built-in).
[2026.05.08-03.47.40:327][417]LogAudio: Display: Audio Reverb Plugin: None (built-in).
[2026.05.08-03.47.40:327][417]LogAudio: Display: Audio Occlusion Plugin: None (built-in).
[2026.05.08-03.47.40:327][417]LogAudioMixer: Display: Initializing audio mixer.
[2026.05.08-03.47.40:329][417]LogAudioMixer: Display: 0: FrontLeft
[2026.05.08-03.47.40:329][417]LogAudioMixer: Display: 1: FrontRight
[2026.05.08-03.47.40:365][417]LogAudioMixer: Display: Using Audio Device Speakers (Realtek(R) Audio)
[2026.05.08-03.47.40:365][417]LogAudioMixer: Display: Initializing Sound Submixes...
[2026.05.08-03.47.40:365][417]LogAudioMixer: Display: Creating Master Submix 'MasterSubmixDefault'
[2026.05.08-03.47.40:365][417]LogAudioMixer: Display: Creating Master Submix 'MasterReverbSubmixDefault'
[2026.05.08-03.47.40:366][417]LogAudioMixer: Display: Creating Master Submix 'MasterEQSubmixDefault'
[2026.05.08-03.47.40:366][417]LogAudioMixer: FMixerPlatformXAudio2::StartAudioStream() called
[2026.05.08-03.47.40:366][417]LogAudioMixer: Display: Output buffers initialized: Frames=1024, Channels=2, Samples=2048
[2026.05.08-03.47.40:368][417]LogAudioMixer: Display: Starting AudioMixerPlatformInterface::RunInternal()
[2026.05.08-03.47.40:368][417]LogAudioMixer: Display: FMixerPlatformXAudio2::SubmitBuffer() called for the first time
[2026.05.08-03.47.40:368][417]LogInit: FAudioDevice initialized.
[2026.05.08-03.47.40:368][417]LogAudio: Display: Audio Device (ID: 15) registered with world 'TwinStickExampleMap'.
[2026.05.08-03.47.40:375][417]LogLoad: Game class is 'FacadeGameMode'
[2026.05.08-03.47.40:376][417]LogWorld: Bringing World /Game/TwinStickCPP/Maps/UEDPIE_0_TwinStickExampleMap.TwinStickExampleMap up for play (max tick rate 0) at 2026.05.07-23.47.40
[2026.05.08-03.47.40:376][417]LogWorld: Bringing up level for play took: 0.000865
[2026.05.08-03.47.40:377][417]LogOnline: OSS: Creating online subsystem instance for: :Context_21
[2026.05.08-03.47.40:379][417]LogGameMode: Display: Match State Changed from EnteringMap to WaitingToStart
[2026.05.08-03.47.40:379][417]LogGameState: Match State Changed from EnteringMap to WaitingToStart
[2026.05.08-03.47.40:379][417]PIE: El servidor ha iniciado la sesión
[2026.05.08-03.47.40:380][417]PIE: Play in editor total start time 0,099 seconds.
[2026.05.08-03.50.10:394][402]LogEditorViewport: Clicking on Actor (LMB): BP_Sky_Sphere_C (SkySphereBlueprint)
[2026.05.08-03.50.11:271][499]LogEditorViewport: Clicking on Actor (LMB): BP_Sky_Sphere_C (SkySphereBlueprint)
[2026.05.08-03.50.11:678][537]LogSlate: Updating window title bar state: overlay mode, drag disabled, window buttons hidden, title bar hidden
[2026.05.08-03.50.11:678][537]LogWorld: BeginTearingDown for /Game/TwinStickCPP/Maps/UEDPIE_0_TwinStickExampleMap
[2026.05.08-03.50.11:678][537]LogWorld: UWorld::CleanupWorld for TwinStickExampleMap, bSessionEnded=true, bCleanupResources=true
[2026.05.08-03.50.11:678][537]LogSlate: InvalidateAllWidgets triggered.  All widgets were invalidated
[2026.05.08-03.50.11:691][537]LogPlayLevel: Display: Shutting down PIE online subsystems
[2026.05.08-03.50.11:700][537]LogSlate: InvalidateAllWidgets triggered.  All widgets were invalidated
[2026.05.08-03.50.11:704][537]LogAudio: Display: Audio Device unregistered from world 'None'.
[2026.05.08-03.50.11:704][537]LogAudioMixer: FMixerPlatformXAudio2::StopAudioStream() called
[2026.05.08-03.50.11:705][537]LogAudioMixer: FMixerPlatformXAudio2::StopAudioStream() called
[2026.05.08-03.50.11:708][537]LogSlate: Updating window title bar state: overlay mode, drag disabled, window buttons hidden, title bar hidden
[2026.05.08-03.50.11:710][537]LogUObjectHash: Compacting FUObjectHashTables data took   0.90ms
[2026.05.08-03.50.11:744][540]LogPlayLevel: Display: Destroying online subsystem :Context_21
[2026.05.08-03.50.45:267][782]LogHotReload: New module detected: UE4Editor-Facade-0013.dll
[2026.05.08-03.50.45:949][785]LogHotReload: Starting Hot-Reload from IDE
[2026.05.08-03.50.46:009][785]LogNativeClassHierarchy: Verbose: Native class hierarchy updated for 'Facade' in 0.0003 seconds. Added 6 classes and 2 folders.
[2026.05.08-03.50.46:011][785]Display: HotReload successful (1 functions remapped  0 scriptstructs remapped)
[2026.05.08-03.50.46:046][785]LogNativeClassHierarchy: Verbose: Native class hierarchy populated in 0.0076 seconds. Added 3828 classes and 930 folders.
[2026.05.08-03.50.46:051][785]Display: HotReload took  0.1s.
[2026.05.08-03.50.50:039][909]LogTemp: Repeating last play command: Simulate
[2026.05.08-03.50.50:043][909]LogPlayLevel: PlayLevel: No blueprints needed recompiling
[2026.05.08-03.50.50:043][909]PIE: New page: Sesión SIE (simulación en el editor): TwinStickExampleMap (7 may. 2026 19:50:50)
[2026.05.08-03.50.50:067][909]LogPlayLevel: Creating play world package: /Game/TwinStickCPP/Maps/UEDPIE_0_TwinStickExampleMap
[2026.05.08-03.50.50:074][909]LogPlayLevel: PIE: StaticDuplicateObject took: (0.007637s)
[2026.05.08-03.50.50:076][909]LogAIModule: Creating AISystem for world TwinStickExampleMap
[2026.05.08-03.50.50:076][909]LogPlayLevel: PIE: World Init took: (0.001438s)
[2026.05.08-03.50.50:076][909]LogPlayLevel: PIE: Created PIE world by copying editor world from /Game/TwinStickCPP/Maps/TwinStickExampleMap.TwinStickExampleMap to /Game/TwinStickCPP/Maps/UEDPIE_0_TwinStickExampleMap.TwinStickExampleMap (0.009463s)
[2026.05.08-03.50.50:083][909]LogUObjectHash: Compacting FUObjectHashTables data took   0.70ms
[2026.05.08-03.50.50:084][909]LogAudio: Display: Creating Audio Device:                 Id: 16, Scope: Unique, Realtime: True
[2026.05.08-03.50.50:084][909]LogAudioMixer: Display: Audio Mixer Platform Settings:
[2026.05.08-03.50.50:084][909]LogAudioMixer: Display: 	Sample Rate:						  48000
[2026.05.08-03.50.50:084][909]LogAudioMixer: Display: 	Callback Buffer Frame Size Requested: 1024
[2026.05.08-03.50.50:084][909]LogAudioMixer: Display: 	Callback Buffer Frame Size To Use:	  1024
[2026.05.08-03.50.50:084][909]LogAudioMixer: Display: 	Number of buffers to queue:			  2
[2026.05.08-03.50.50:084][909]LogAudioMixer: Display: 	Max Channels (voices):				  32
[2026.05.08-03.50.50:084][909]LogAudioMixer: Display: 	Number of Async Source Workers:		  0
[2026.05.08-03.50.50:084][909]LogAudio: Display: AudioDevice MaxSources: 32
[2026.05.08-03.50.50:084][909]LogAudio: Display: Audio Spatialization Plugin: None (built-in).
[2026.05.08-03.50.50:084][909]LogAudio: Display: Audio Reverb Plugin: None (built-in).
[2026.05.08-03.50.50:084][909]LogAudio: Display: Audio Occlusion Plugin: None (built-in).
[2026.05.08-03.50.50:084][909]LogAudioMixer: Display: Initializing audio mixer.
[2026.05.08-03.50.50:087][909]LogAudioMixer: Display: 0: FrontLeft
[2026.05.08-03.50.50:087][909]LogAudioMixer: Display: 1: FrontRight
[2026.05.08-03.50.50:123][909]LogAudioMixer: Display: Using Audio Device Speakers (Realtek(R) Audio)
[2026.05.08-03.50.50:124][909]LogAudioMixer: Display: Initializing Sound Submixes...
[2026.05.08-03.50.50:124][909]LogAudioMixer: Display: Creating Master Submix 'MasterSubmixDefault'
[2026.05.08-03.50.50:124][909]LogAudioMixer: Display: Creating Master Submix 'MasterReverbSubmixDefault'
[2026.05.08-03.50.50:124][909]LogAudioMixer: Display: Creating Master Submix 'MasterEQSubmixDefault'
[2026.05.08-03.50.50:124][909]LogAudioMixer: FMixerPlatformXAudio2::StartAudioStream() called
[2026.05.08-03.50.50:124][909]LogAudioMixer: Display: Output buffers initialized: Frames=1024, Channels=2, Samples=2048
[2026.05.08-03.50.50:126][909]LogAudioMixer: Display: Starting AudioMixerPlatformInterface::RunInternal()
[2026.05.08-03.50.50:126][909]LogAudioMixer: Display: FMixerPlatformXAudio2::SubmitBuffer() called for the first time
[2026.05.08-03.50.50:126][909]LogInit: FAudioDevice initialized.
[2026.05.08-03.50.50:126][909]LogAudio: Display: Audio Device (ID: 16) registered with world 'TwinStickExampleMap'.
[2026.05.08-03.50.50:134][909]LogLoad: Game class is 'FacadeGameMode'
[2026.05.08-03.50.50:135][909]LogWorld: Bringing World /Game/TwinStickCPP/Maps/UEDPIE_0_TwinStickExampleMap.TwinStickExampleMap up for play (max tick rate 0) at 2026.05.07-23.50.50
[2026.05.08-03.50.50:135][909]LogWorld: Bringing up level for play took: 0.000738
[2026.05.08-03.50.50:135][909]LogOnline: OSS: Creating online subsystem instance for: :Context_22
[2026.05.08-03.50.50:137][909]LogGameMode: Display: Match State Changed from EnteringMap to WaitingToStart
[2026.05.08-03.50.50:137][909]LogTemp: Warning: Terrestre movido a X: 700.000000
[2026.05.08-03.50.50:137][909]LogGameState: Match State Changed from EnteringMap to WaitingToStart
[2026.05.08-03.50.50:137][909]PIE: El servidor ha iniciado la sesión
[2026.05.08-03.50.50:138][909]PIE: Play in editor total start time 0,096 seconds.
[2026.05.08-03.51.07:228][928]LogSlate: Updating window title bar state: overlay mode, drag disabled, window buttons hidden, title bar hidden
[2026.05.08-03.51.07:228][928]LogWorld: BeginTearingDown for /Game/TwinStickCPP/Maps/UEDPIE_0_TwinStickExampleMap
[2026.05.08-03.51.07:229][928]LogWorld: UWorld::CleanupWorld for TwinStickExampleMap, bSessionEnded=true, bCleanupResources=true
[2026.05.08-03.51.07:229][928]LogSlate: InvalidateAllWidgets triggered.  All widgets were invalidated
[2026.05.08-03.51.07:238][928]LogPlayLevel: Display: Shutting down PIE online subsystems
[2026.05.08-03.51.07:244][928]LogSlate: InvalidateAllWidgets triggered.  All widgets were invalidated
[2026.05.08-03.51.07:249][928]LogAudio: Display: Audio Device unregistered from world 'None'.
[2026.05.08-03.51.07:249][928]LogAudioMixer: FMixerPlatformXAudio2::StopAudioStream() called
[2026.05.08-03.51.07:250][928]LogAudioMixer: FMixerPlatformXAudio2::StopAudioStream() called
[2026.05.08-03.51.07:253][928]LogSlate: Updating window title bar state: overlay mode, drag disabled, window buttons hidden, title bar hidden
[2026.05.08-03.51.07:254][928]LogUObjectHash: Compacting FUObjectHashTables data took   0.48ms
[2026.05.08-03.51.07:291][930]LogPlayLevel: Display: Destroying online subsystem :Context_22
[2026.05.08-03.55.53:262][964]LogHotReload: New module detected: UE4Editor-Facade-0014.dll
[2026.05.08-03.55.53:953][967]LogHotReload: Starting Hot-Reload from IDE
[2026.05.08-03.55.54:036][967]LogNativeClassHierarchy: Verbose: Native class hierarchy updated for 'Facade' in 0.0004 seconds. Added 6 classes and 2 folders.
[2026.05.08-03.55.54:038][967]Display: HotReload successful (1 functions remapped  0 scriptstructs remapped)
[2026.05.08-03.55.54:081][967]LogNativeClassHierarchy: Verbose: Native class hierarchy populated in 0.0113 seconds. Added 3828 classes and 930 folders.
[2026.05.08-03.55.54:089][967]Display: HotReload took  0.1s.
[2026.05.08-03.55.57:701][ 83]LogTemp: Repeating last play command: Simulate
[2026.05.08-03.55.57:705][ 83]LogPlayLevel: PlayLevel: No blueprints needed recompiling
[2026.05.08-03.55.57:705][ 83]PIE: New page: Sesión SIE (simulación en el editor): TwinStickExampleMap (7 may. 2026 19:55:57)
[2026.05.08-03.55.57:734][ 83]LogPlayLevel: Creating play world package: /Game/TwinStickCPP/Maps/UEDPIE_0_TwinStickExampleMap
[2026.05.08-03.55.57:743][ 83]LogPlayLevel: PIE: StaticDuplicateObject took: (0.008140s)
[2026.05.08-03.55.57:743][ 83]LogAIModule: Creating AISystem for world TwinStickExampleMap
[2026.05.08-03.55.57:745][ 83]LogPlayLevel: PIE: World Init took: (0.002134s)
[2026.05.08-03.55.57:745][ 83]LogPlayLevel: PIE: Created PIE world by copying editor world from /Game/TwinStickCPP/Maps/TwinStickExampleMap.TwinStickExampleMap to /Game/TwinStickCPP/Maps/UEDPIE_0_TwinStickExampleMap.TwinStickExampleMap (0.010566s)
[2026.05.08-03.55.57:752][ 83]LogUObjectHash: Compacting FUObjectHashTables data took   0.52ms
[2026.05.08-03.55.57:753][ 83]LogAudio: Display: Creating Audio Device:                 Id: 17, Scope: Unique, Realtime: True
[2026.05.08-03.55.57:753][ 83]LogAudioMixer: Display: Audio Mixer Platform Settings:
[2026.05.08-03.55.57:753][ 83]LogAudioMixer: Display: 	Sample Rate:						  48000
[2026.05.08-03.55.57:753][ 83]LogAudioMixer: Display: 	Callback Buffer Frame Size Requested: 1024
[2026.05.08-03.55.57:753][ 83]LogAudioMixer: Display: 	Callback Buffer Frame Size To Use:	  1024
[2026.05.08-03.55.57:753][ 83]LogAudioMixer: Display: 	Number of buffers to queue:			  2
[2026.05.08-03.55.57:753][ 83]LogAudioMixer: Display: 	Max Channels (voices):				  32
[2026.05.08-03.55.57:753][ 83]LogAudioMixer: Display: 	Number of Async Source Workers:		  0
[2026.05.08-03.55.57:753][ 83]LogAudio: Display: AudioDevice MaxSources: 32
[2026.05.08-03.55.57:753][ 83]LogAudio: Display: Audio Spatialization Plugin: None (built-in).
[2026.05.08-03.55.57:753][ 83]LogAudio: Display: Audio Reverb Plugin: None (built-in).
[2026.05.08-03.55.57:753][ 83]LogAudio: Display: Audio Occlusion Plugin: None (built-in).
[2026.05.08-03.55.57:753][ 83]LogAudioMixer: Display: Initializing audio mixer.
[2026.05.08-03.55.57:757][ 83]LogAudioMixer: Display: 0: FrontLeft
[2026.05.08-03.55.57:757][ 83]LogAudioMixer: Display: 1: FrontRight
[2026.05.08-03.55.57:798][ 83]LogAudioMixer: Display: Using Audio Device Speakers (Realtek(R) Audio)
[2026.05.08-03.55.57:798][ 83]LogAudioMixer: Display: Initializing Sound Submixes...
[2026.05.08-03.55.57:798][ 83]LogAudioMixer: Display: Creating Master Submix 'MasterSubmixDefault'
[2026.05.08-03.55.57:799][ 83]LogAudioMixer: Display: Creating Master Submix 'MasterReverbSubmixDefault'
[2026.05.08-03.55.57:799][ 83]LogAudioMixer: Display: Creating Master Submix 'MasterEQSubmixDefault'
[2026.05.08-03.55.57:799][ 83]LogAudioMixer: FMixerPlatformXAudio2::StartAudioStream() called
[2026.05.08-03.55.57:799][ 83]LogAudioMixer: Display: Output buffers initialized: Frames=1024, Channels=2, Samples=2048
[2026.05.08-03.55.57:800][ 83]LogAudioMixer: Display: Starting AudioMixerPlatformInterface::RunInternal()
[2026.05.08-03.55.57:800][ 83]LogAudioMixer: Display: FMixerPlatformXAudio2::SubmitBuffer() called for the first time
[2026.05.08-03.55.57:800][ 83]LogInit: FAudioDevice initialized.
[2026.05.08-03.55.57:800][ 83]LogAudio: Display: Audio Device (ID: 17) registered with world 'TwinStickExampleMap'.
[2026.05.08-03.55.57:817][ 83]LogLoad: Game class is 'FacadeGameMode'
[2026.05.08-03.55.57:818][ 83]LogWorld: Bringing World /Game/TwinStickCPP/Maps/UEDPIE_0_TwinStickExampleMap.TwinStickExampleMap up for play (max tick rate 0) at 2026.05.07-23.55.57
[2026.05.08-03.55.57:818][ 83]LogWorld: Bringing up level for play took: 0.000804
[2026.05.08-03.55.57:818][ 83]LogOnline: OSS: Creating online subsystem instance for: :Context_23
[2026.05.08-03.55.57:820][ 83]LogGameMode: Display: Match State Changed from EnteringMap to WaitingToStart
[2026.05.08-03.55.57:820][ 83]LogGameState: Match State Changed from EnteringMap to WaitingToStart
[2026.05.08-03.55.57:820][ 83]PIE: El servidor ha iniciado la sesión
[2026.05.08-03.55.57:822][ 83]PIE: Play in editor total start time 0,118 seconds.
[2026.05.08-04.08.49:913][512]LogHotReload: New module detected: UE4Editor-Facade-0015.dll
[2026.05.08-04.08.55:908][604]Cmd: SELECT NONE
[2026.05.08-04.08.56:727][652]LogEditorViewport: Clicking on Actor (LMB): BP_Sky_Sphere_C (SkySphereBlueprint)
[2026.05.08-04.08.56:976][663]LogSlate: Updating window title bar state: overlay mode, drag disabled, window buttons hidden, title bar hidden
[2026.05.08-04.08.56:976][663]LogWorld: BeginTearingDown for /Game/TwinStickCPP/Maps/UEDPIE_0_TwinStickExampleMap
[2026.05.08-04.08.56:980][663]LogWorld: UWorld::CleanupWorld for TwinStickExampleMap, bSessionEnded=true, bCleanupResources=true
[2026.05.08-04.08.56:982][663]LogSlate: InvalidateAllWidgets triggered.  All widgets were invalidated
[2026.05.08-04.08.57:014][663]LogPlayLevel: Display: Shutting down PIE online subsystems
[2026.05.08-04.08.57:021][663]LogSlate: InvalidateAllWidgets triggered.  All widgets were invalidated
[2026.05.08-04.08.57:028][663]LogAudio: Display: Audio Device unregistered from world 'None'.
[2026.05.08-04.08.57:029][663]LogAudioMixer: FMixerPlatformXAudio2::StopAudioStream() called
[2026.05.08-04.08.57:033][663]LogAudioMixer: FMixerPlatformXAudio2::StopAudioStream() called
[2026.05.08-04.08.57:043][663]LogSlate: Updating window title bar state: overlay mode, drag disabled, window buttons hidden, title bar hidden
[2026.05.08-04.08.57:056][663]LogUObjectHash: Compacting FUObjectHashTables data took   7.06ms
[2026.05.08-04.08.57:090][664]LogHotReload: Starting Hot-Reload from IDE
[2026.05.08-04.08.57:212][664]LogClass: Could not find existing class FacadeGameMode in package /Script/Facade for HotReload, assuming new class
[2026.05.08-04.08.57:225][664]LogHotReload: Re-instancing FacadeGameMode after hot-reload.
[2026.05.08-04.08.57:239][664]LogNativeClassHierarchy: Verbose: Native class hierarchy updated for 'Facade' in 0.0014 seconds. Added 6 classes and 2 folders.
[2026.05.08-04.08.57:244][664]Display: HotReload successful (1 functions remapped  0 scriptstructs remapped)
[2026.05.08-04.08.57:311][664]LogNativeClassHierarchy: Verbose: Native class hierarchy populated in 0.0102 seconds. Added 3828 classes and 930 folders.
[2026.05.08-04.08.57:321][664]Display: HotReload took  0.2s.
[2026.05.08-04.08.57:375][664]LogPlayLevel: Display: Destroying online subsystem :Context_23
[2026.05.08-04.08.58:312][713]LogTemp: Repeating last play command: Simulate
[2026.05.08-04.08.58:316][713]LogPlayLevel: PlayLevel: No blueprints needed recompiling
[2026.05.08-04.08.58:317][713]PIE: New page: Sesión SIE (simulación en el editor): TwinStickExampleMap (7 may. 2026 20:08:58)
[2026.05.08-04.08.58:318][713]LogPlayLevel: Creating play world package: /Game/TwinStickCPP/Maps/UEDPIE_0_TwinStickExampleMap
[2026.05.08-04.08.58:337][713]LogPlayLevel: PIE: StaticDuplicateObject took: (0.020015s)
[2026.05.08-04.08.58:340][713]LogAIModule: Creating AISystem for world TwinStickExampleMap
[2026.05.08-04.08.58:340][713]LogPlayLevel: PIE: World Init took: (0.002899s)
[2026.05.08-04.08.58:340][713]LogPlayLevel: PIE: Created PIE world by copying editor world from /Game/TwinStickCPP/Maps/TwinStickExampleMap.TwinStickExampleMap to /Game/TwinStickCPP/Maps/UEDPIE_0_TwinStickExampleMap.TwinStickExampleMap (0.023075s)
[2026.05.08-04.08.58:348][713]LogUObjectHash: Compacting FUObjectHashTables data took   0.48ms
[2026.05.08-04.08.58:349][713]LogAudio: Display: Creating Audio Device:                 Id: 18, Scope: Unique, Realtime: True
[2026.05.08-04.08.58:350][713]LogAudioMixer: Display: Audio Mixer Platform Settings:
[2026.05.08-04.08.58:350][713]LogAudioMixer: Display: 	Sample Rate:						  48000
[2026.05.08-04.08.58:350][713]LogAudioMixer: Display: 	Callback Buffer Frame Size Requested: 1024
[2026.05.08-04.08.58:350][713]LogAudioMixer: Display: 	Callback Buffer Frame Size To Use:	  1024
[2026.05.08-04.08.58:350][713]LogAudioMixer: Display: 	Number of buffers to queue:			  2
[2026.05.08-04.08.58:350][713]LogAudioMixer: Display: 	Max Channels (voices):				  32
[2026.05.08-04.08.58:350][713]LogAudioMixer: Display: 	Number of Async Source Workers:		  0
[2026.05.08-04.08.58:350][713]LogAudio: Display: AudioDevice MaxSources: 32
[2026.05.08-04.08.58:350][713]LogAudio: Display: Audio Spatialization Plugin: None (built-in).
[2026.05.08-04.08.58:350][713]LogAudio: Display: Audio Reverb Plugin: None (built-in).
[2026.05.08-04.08.58:350][713]LogAudio: Display: Audio Occlusion Plugin: None (built-in).
[2026.05.08-04.08.58:350][713]LogAudioMixer: Display: Initializing audio mixer.
[2026.05.08-04.08.58:354][713]LogAudioMixer: Display: 0: FrontLeft
[2026.05.08-04.08.58:354][713]LogAudioMixer: Display: 1: FrontRight
[2026.05.08-04.08.58:418][713]LogAudioMixer: Display: Using Audio Device Speakers (Realtek(R) Audio)
[2026.05.08-04.08.58:418][713]LogAudioMixer: Display: Initializing Sound Submixes...
[2026.05.08-04.08.58:418][713]LogAudioMixer: Display: Creating Master Submix 'MasterSubmixDefault'
[2026.05.08-04.08.58:418][713]LogAudioMixer: Display: Creating Master Submix 'MasterReverbSubmixDefault'
[2026.05.08-04.08.58:420][713]LogAudioMixer: Display: Creating Master Submix 'MasterEQSubmixDefault'
[2026.05.08-04.08.58:420][713]LogAudioMixer: FMixerPlatformXAudio2::StartAudioStream() called
[2026.05.08-04.08.58:420][713]LogAudioMixer: Display: Output buffers initialized: Frames=1024, Channels=2, Samples=2048
[2026.05.08-04.08.58:422][713]LogAudioMixer: Display: Starting AudioMixerPlatformInterface::RunInternal()
[2026.05.08-04.08.58:422][713]LogAudioMixer: Display: FMixerPlatformXAudio2::SubmitBuffer() called for the first time
[2026.05.08-04.08.58:422][713]LogInit: FAudioDevice initialized.
[2026.05.08-04.08.58:422][713]LogAudio: Display: Audio Device (ID: 18) registered with world 'TwinStickExampleMap'.
[2026.05.08-04.08.58:436][713]LogLoad: Game class is 'FacadeGameMode'
[2026.05.08-04.08.58:437][713]LogWorld: Bringing World /Game/TwinStickCPP/Maps/UEDPIE_0_TwinStickExampleMap.TwinStickExampleMap up for play (max tick rate 60) at 2026.05.08-00.08.58
[2026.05.08-04.08.58:437][713]LogWorld: Bringing up level for play took: 0.001466
[2026.05.08-04.08.58:439][713]LogOnline: OSS: Creating online subsystem instance for: :Context_24
[2026.05.08-04.08.58:442][713]LogGameMode: Display: Match State Changed from EnteringMap to WaitingToStart
[2026.05.08-04.08.58:443][713]LogGameState: Match State Changed from EnteringMap to WaitingToStart
[2026.05.08-04.08.58:443][713]PIE: El servidor ha iniciado la sesión
[2026.05.08-04.08.58:444][713]PIE: Play in editor total start time 0,128 seconds.
[2026.05.08-04.09.36:911][446]LogEditorViewport: Clicking on Actor (LMB): BP_Sky_Sphere_C (SkySphereBlueprint)
[2026.05.08-04.09.37:850][498]LogSlate: Updating window title bar state: overlay mode, drag disabled, window buttons hidden, title bar hidden
[2026.05.08-04.09.37:850][498]LogWorld: BeginTearingDown for /Game/TwinStickCPP/Maps/UEDPIE_0_TwinStickExampleMap
[2026.05.08-04.09.37:850][498]LogWorld: UWorld::CleanupWorld for TwinStickExampleMap, bSessionEnded=true, bCleanupResources=true
[2026.05.08-04.09.37:850][498]LogSlate: InvalidateAllWidgets triggered.  All widgets were invalidated
[2026.05.08-04.09.37:864][498]LogPlayLevel: Display: Shutting down PIE online subsystems
[2026.05.08-04.09.37:869][498]LogSlate: InvalidateAllWidgets triggered.  All widgets were invalidated
[2026.05.08-04.09.37:873][498]LogAudio: Display: Audio Device unregistered from world 'None'.
[2026.05.08-04.09.37:873][498]LogAudioMixer: FMixerPlatformXAudio2::StopAudioStream() called
[2026.05.08-04.09.37:875][498]LogAudioMixer: FMixerPlatformXAudio2::StopAudioStream() called
[2026.05.08-04.09.37:880][498]LogSlate: Updating window title bar state: overlay mode, drag disabled, window buttons hidden, title bar hidden
[2026.05.08-04.09.37:882][498]LogUObjectHash: Compacting FUObjectHashTables data took   0.48ms
[2026.05.08-04.09.37:925][501]LogPlayLevel: Display: Destroying online subsystem :Context_24
[2026.05.08-04.09.50:193][682]LogTemp: Repeating last play command: Simulate
[2026.05.08-04.09.50:197][682]LogPlayLevel: PlayLevel: No blueprints needed recompiling
[2026.05.08-04.09.50:197][682]PIE: New page: Sesión SIE (simulación en el editor): TwinStickExampleMap (7 may. 2026 20:09:50)
[2026.05.08-04.09.50:217][682]LogPlayLevel: Creating play world package: /Game/TwinStickCPP/Maps/UEDPIE_0_TwinStickExampleMap
[2026.05.08-04.09.50:225][682]LogPlayLevel: PIE: StaticDuplicateObject took: (0.007268s)
[2026.05.08-04.09.50:226][682]LogAIModule: Creating AISystem for world TwinStickExampleMap
[2026.05.08-04.09.50:226][682]LogPlayLevel: PIE: World Init took: (0.001044s)
[2026.05.08-04.09.50:226][682]LogPlayLevel: PIE: Created PIE world by copying editor world from /Game/TwinStickCPP/Maps/TwinStickExampleMap.TwinStickExampleMap to /Game/TwinStickCPP/Maps/UEDPIE_0_TwinStickExampleMap.TwinStickExampleMap (0.008680s)
[2026.05.08-04.09.50:230][682]LogUObjectHash: Compacting FUObjectHashTables data took   0.59ms
[2026.05.08-04.09.50:231][682]LogAudio: Display: Creating Audio Device:                 Id: 19, Scope: Unique, Realtime: True
[2026.05.08-04.09.50:231][682]LogAudioMixer: Display: Audio Mixer Platform Settings:
[2026.05.08-04.09.50:231][682]LogAudioMixer: Display: 	Sample Rate:						  48000
[2026.05.08-04.09.50:231][682]LogAudioMixer: Display: 	Callback Buffer Frame Size Requested: 1024
[2026.05.08-04.09.50:231][682]LogAudioMixer: Display: 	Callback Buffer Frame Size To Use:	  1024
[2026.05.08-04.09.50:231][682]LogAudioMixer: Display: 	Number of buffers to queue:			  2
[2026.05.08-04.09.50:231][682]LogAudioMixer: Display: 	Max Channels (voices):				  32
[2026.05.08-04.09.50:231][682]LogAudioMixer: Display: 	Number of Async Source Workers:		  0
[2026.05.08-04.09.50:232][682]LogAudio: Display: AudioDevice MaxSources: 32
[2026.05.08-04.09.50:232][682]LogAudio: Display: Audio Spatialization Plugin: None (built-in).
[2026.05.08-04.09.50:232][682]LogAudio: Display: Audio Reverb Plugin: None (built-in).
[2026.05.08-04.09.50:232][682]LogAudio: Display: Audio Occlusion Plugin: None (built-in).
[2026.05.08-04.09.50:232][682]LogAudioMixer: Display: Initializing audio mixer.
[2026.05.08-04.09.50:234][682]LogAudioMixer: Display: 0: FrontLeft
[2026.05.08-04.09.50:234][682]LogAudioMixer: Display: 1: FrontRight
[2026.05.08-04.09.50:274][682]LogAudioMixer: Display: Using Audio Device Speakers (Realtek(R) Audio)
[2026.05.08-04.09.50:274][682]LogAudioMixer: Display: Initializing Sound Submixes...
[2026.05.08-04.09.50:274][682]LogAudioMixer: Display: Creating Master Submix 'MasterSubmixDefault'
[2026.05.08-04.09.50:274][682]LogAudioMixer: Display: Creating Master Submix 'MasterReverbSubmixDefault'
[2026.05.08-04.09.50:275][682]LogAudioMixer: Display: Creating Master Submix 'MasterEQSubmixDefault'
[2026.05.08-04.09.50:275][682]LogAudioMixer: FMixerPlatformXAudio2::StartAudioStream() called
[2026.05.08-04.09.50:275][682]LogAudioMixer: Display: Output buffers initialized: Frames=1024, Channels=2, Samples=2048
[2026.05.08-04.09.50:277][682]LogAudioMixer: Display: Starting AudioMixerPlatformInterface::RunInternal()
[2026.05.08-04.09.50:277][682]LogAudioMixer: Display: FMixerPlatformXAudio2::SubmitBuffer() called for the first time
[2026.05.08-04.09.50:277][682]LogInit: FAudioDevice initialized.
[2026.05.08-04.09.50:277][682]LogAudio: Display: Audio Device (ID: 19) registered with world 'TwinStickExampleMap'.
[2026.05.08-04.09.50:290][682]LogLoad: Game class is 'FacadeGameMode'
[2026.05.08-04.09.50:291][682]LogWorld: Bringing World /Game/TwinStickCPP/Maps/UEDPIE_0_TwinStickExampleMap.TwinStickExampleMap up for play (max tick rate 60) at 2026.05.08-00.09.50
[2026.05.08-04.09.50:292][682]LogWorld: Bringing up level for play took: 0.000783
[2026.05.08-04.09.50:292][682]LogOnline: OSS: Creating online subsystem instance for: :Context_25
[2026.05.08-04.09.50:294][682]LogGameMode: Display: Match State Changed from EnteringMap to WaitingToStart
[2026.05.08-04.09.50:294][682]LogGameState: Match State Changed from EnteringMap to WaitingToStart
[2026.05.08-04.09.50:294][682]PIE: El servidor ha iniciado la sesión
[2026.05.08-04.09.50:295][682]PIE: Play in editor total start time 0,099 seconds.
[2026.05.08-04.13.25:335][753]LogEditorViewport: Clicking on Actor (LMB): BP_Sky_Sphere_C (SkySphereBlueprint)
[2026.05.08-04.13.26:507][823]LogEditorViewport: Clicking on Actor (LMB): BP_Sky_Sphere_C (SkySphereBlueprint)
[2026.05.08-04.13.26:956][847]LogSlate: Updating window title bar state: overlay mode, drag disabled, window buttons hidden, title bar hidden
[2026.05.08-04.13.26:956][847]LogWorld: BeginTearingDown for /Game/TwinStickCPP/Maps/UEDPIE_0_TwinStickExampleMap
[2026.05.08-04.13.26:957][847]LogWorld: UWorld::CleanupWorld for TwinStickExampleMap, bSessionEnded=true, bCleanupResources=true
[2026.05.08-04.13.26:957][847]LogSlate: InvalidateAllWidgets triggered.  All widgets were invalidated
[2026.05.08-04.13.26:970][847]LogPlayLevel: Display: Shutting down PIE online subsystems
[2026.05.08-04.13.26:976][847]LogSlate: InvalidateAllWidgets triggered.  All widgets were invalidated
[2026.05.08-04.13.26:980][847]LogSlate: Updating window title bar state: overlay mode, drag disabled, window buttons hidden, title bar hidden
[2026.05.08-04.13.26:980][847]LogAudioMixer: FMixerPlatformXAudio2::StopAudioStream() called
[2026.05.08-04.13.26:981][847]LogAudioMixer: FMixerPlatformXAudio2::StopAudioStream() called
[2026.05.08-04.13.26:985][847]LogUObjectHash: Compacting FUObjectHashTables data took   0.89ms
[2026.05.08-04.13.27:011][849]LogPlayLevel: Display: Destroying online subsystem :Context_25
[2026.05.08-04.14.58:988][207]LogHotReload: New module detected: UE4Editor-Facade-0016.dll
[2026.05.08-04.15.49:916][359]LogHotReload: New module detected: UE4Editor-Facade-0017.dll
[2026.05.08-04.15.50:615][362]LogHotReload: Starting Hot-Reload from IDE
[2026.05.08-04.15.50:703][362]LogNativeClassHierarchy: Verbose: Native class hierarchy updated for 'Facade' in 0.0003 seconds. Added 6 classes and 2 folders.
[2026.05.08-04.15.50:705][362]Display: HotReload successful (1 functions remapped  0 scriptstructs remapped)
[2026.05.08-04.15.50:749][362]LogNativeClassHierarchy: Verbose: Native class hierarchy populated in 0.0113 seconds. Added 3828 classes and 930 folders.
[2026.05.08-04.15.50:757][362]Display: HotReload took  0.1s.
[2026.05.08-04.16.04:047][460]LogTemp: Repeating last play command: Simulate
[2026.05.08-04.16.04:051][460]LogPlayLevel: PlayLevel: No blueprints needed recompiling
[2026.05.08-04.16.04:051][460]PIE: New page: Sesión SIE (simulación en el editor): TwinStickExampleMap (7 may. 2026 20:16:04)
[2026.05.08-04.16.04:074][460]LogPlayLevel: Creating play world package: /Game/TwinStickCPP/Maps/UEDPIE_0_TwinStickExampleMap
[2026.05.08-04.16.04:083][460]LogPlayLevel: PIE: StaticDuplicateObject took: (0.008600s)
[2026.05.08-04.16.04:085][460]LogAIModule: Creating AISystem for world TwinStickExampleMap
[2026.05.08-04.16.04:085][460]LogPlayLevel: PIE: World Init took: (0.001659s)
[2026.05.08-04.16.04:085][460]LogPlayLevel: PIE: Created PIE world by copying editor world from /Game/TwinStickCPP/Maps/TwinStickExampleMap.TwinStickExampleMap to /Game/TwinStickCPP/Maps/UEDPIE_0_TwinStickExampleMap.TwinStickExampleMap (0.010751s)
[2026.05.08-04.16.04:097][460]LogUObjectHash: Compacting FUObjectHashTables data took   0.53ms
[2026.05.08-04.16.04:098][460]LogAudio: Display: Creating Audio Device:                 Id: 20, Scope: Unique, Realtime: True
[2026.05.08-04.16.04:098][460]LogAudioMixer: Display: Audio Mixer Platform Settings:
[2026.05.08-04.16.04:098][460]LogAudioMixer: Display: 	Sample Rate:						  48000
[2026.05.08-04.16.04:098][460]LogAudioMixer: Display: 	Callback Buffer Frame Size Requested: 1024
[2026.05.08-04.16.04:098][460]LogAudioMixer: Display: 	Callback Buffer Frame Size To Use:	  1024
[2026.05.08-04.16.04:098][460]LogAudioMixer: Display: 	Number of buffers to queue:			  2
[2026.05.08-04.16.04:098][460]LogAudioMixer: Display: 	Max Channels (voices):				  32
[2026.05.08-04.16.04:098][460]LogAudioMixer: Display: 	Number of Async Source Workers:		  0
[2026.05.08-04.16.04:098][460]LogAudio: Display: AudioDevice MaxSources: 32
[2026.05.08-04.16.04:099][460]LogAudio: Display: Audio Spatialization Plugin: None (built-in).
[2026.05.08-04.16.04:099][460]LogAudio: Display: Audio Reverb Plugin: None (built-in).
[2026.05.08-04.16.04:099][460]LogAudio: Display: Audio Occlusion Plugin: None (built-in).
[2026.05.08-04.16.04:099][460]LogAudioMixer: Display: Initializing audio mixer.
[2026.05.08-04.16.04:101][460]LogAudioMixer: Display: 0: FrontLeft
[2026.05.08-04.16.04:101][460]LogAudioMixer: Display: 1: FrontRight
[2026.05.08-04.16.04:140][460]LogAudioMixer: Display: Using Audio Device Speakers (Realtek(R) Audio)
[2026.05.08-04.16.04:140][460]LogAudioMixer: Display: Initializing Sound Submixes...
[2026.05.08-04.16.04:140][460]LogAudioMixer: Display: Creating Master Submix 'MasterSubmixDefault'
[2026.05.08-04.16.04:140][460]LogAudioMixer: Display: Creating Master Submix 'MasterReverbSubmixDefault'
[2026.05.08-04.16.04:141][460]LogAudioMixer: Display: Creating Master Submix 'MasterEQSubmixDefault'
[2026.05.08-04.16.04:141][460]LogAudioMixer: FMixerPlatformXAudio2::StartAudioStream() called
[2026.05.08-04.16.04:141][460]LogAudioMixer: Display: Output buffers initialized: Frames=1024, Channels=2, Samples=2048
[2026.05.08-04.16.04:143][460]LogAudioMixer: Display: Starting AudioMixerPlatformInterface::RunInternal()
[2026.05.08-04.16.04:143][460]LogAudioMixer: Display: FMixerPlatformXAudio2::SubmitBuffer() called for the first time
[2026.05.08-04.16.04:143][460]LogInit: FAudioDevice initialized.
[2026.05.08-04.16.04:143][460]LogAudio: Display: Audio Device (ID: 20) registered with world 'TwinStickExampleMap'.
[2026.05.08-04.16.04:152][460]LogLoad: Game class is 'FacadeGameMode'
[2026.05.08-04.16.04:153][460]LogWorld: Bringing World /Game/TwinStickCPP/Maps/UEDPIE_0_TwinStickExampleMap.TwinStickExampleMap up for play (max tick rate 60) at 2026.05.08-00.16.04
[2026.05.08-04.16.04:153][460]LogWorld: Bringing up level for play took: 0.000717
[2026.05.08-04.16.04:153][460]LogOnline: OSS: Creating online subsystem instance for: :Context_26
[2026.05.08-04.16.04:156][460]LogGameMode: Display: Match State Changed from EnteringMap to WaitingToStart
[2026.05.08-04.16.04:157][460]LogGameState: Match State Changed from EnteringMap to WaitingToStart
[2026.05.08-04.16.04:157][460]PIE: El servidor ha iniciado la sesión
[2026.05.08-04.16.04:157][460]PIE: Play in editor total start time 0,107 seconds.
[2026.05.08-04.19.45:311][276]LogHotReload: New module detected: UE4Editor-Facade-0018.dll
[2026.05.08-04.19.52:434][369]LogEditorViewport: Clicking on Actor (LMB): BP_Sky_Sphere_C (SkySphereBlueprint)
[2026.05.08-04.19.52:704][383]LogSlate: Updating window title bar state: overlay mode, drag disabled, window buttons hidden, title bar hidden
[2026.05.08-04.19.52:704][383]LogWorld: BeginTearingDown for /Game/TwinStickCPP/Maps/UEDPIE_0_TwinStickExampleMap
[2026.05.08-04.19.52:705][383]LogWorld: UWorld::CleanupWorld for TwinStickExampleMap, bSessionEnded=true, bCleanupResources=true
[2026.05.08-04.19.52:705][383]LogSlate: InvalidateAllWidgets triggered.  All widgets were invalidated
[2026.05.08-04.19.52:715][383]LogPlayLevel: Display: Shutting down PIE online subsystems
[2026.05.08-04.19.52:724][383]LogSlate: InvalidateAllWidgets triggered.  All widgets were invalidated
[2026.05.08-04.19.52:728][383]LogAudio: Display: Audio Device unregistered from world 'None'.
[2026.05.08-04.19.52:728][383]LogAudioMixer: FMixerPlatformXAudio2::StopAudioStream() called
[2026.05.08-04.19.52:730][383]LogAudioMixer: FMixerPlatformXAudio2::StopAudioStream() called
[2026.05.08-04.19.52:733][383]LogSlate: Updating window title bar state: overlay mode, drag disabled, window buttons hidden, title bar hidden
[2026.05.08-04.19.52:734][383]LogUObjectHash: Compacting FUObjectHashTables data took   0.65ms
[2026.05.08-04.19.52:758][384]LogHotReload: Starting Hot-Reload from IDE
[2026.05.08-04.19.52:821][384]LogNativeClassHierarchy: Verbose: Native class hierarchy updated for 'Facade' in 0.0005 seconds. Added 6 classes and 2 folders.
[2026.05.08-04.19.52:824][384]Display: HotReload successful (1 functions remapped  0 scriptstructs remapped)
[2026.05.08-04.19.52:859][384]LogNativeClassHierarchy: Verbose: Native class hierarchy populated in 0.0084 seconds. Added 3828 classes and 930 folders.
[2026.05.08-04.19.52:868][384]Display: HotReload took  0.1s.
[2026.05.08-04.19.52:904][384]LogPlayLevel: Display: Destroying online subsystem :Context_26
[2026.05.08-04.19.56:048][565]LogTemp: Repeating last play command: Simulate
[2026.05.08-04.19.56:052][565]LogPlayLevel: PlayLevel: No blueprints needed recompiling
[2026.05.08-04.19.56:052][565]PIE: New page: Sesión SIE (simulación en el editor): TwinStickExampleMap (7 may. 2026 20:19:56)
[2026.05.08-04.19.56:072][565]LogPlayLevel: Creating play world package: /Game/TwinStickCPP/Maps/UEDPIE_0_TwinStickExampleMap
[2026.05.08-04.19.56:081][565]LogPlayLevel: PIE: StaticDuplicateObject took: (0.007849s)
[2026.05.08-04.19.56:082][565]LogAIModule: Creating AISystem for world TwinStickExampleMap
[2026.05.08-04.19.56:083][565]LogPlayLevel: PIE: World Init took: (0.002269s)
[2026.05.08-04.19.56:083][565]LogPlayLevel: PIE: Created PIE world by copying editor world from /Game/TwinStickCPP/Maps/TwinStickExampleMap.TwinStickExampleMap to /Game/TwinStickCPP/Maps/UEDPIE_0_TwinStickExampleMap.TwinStickExampleMap (0.010338s)
[2026.05.08-04.19.56:089][565]LogUObjectHash: Compacting FUObjectHashTables data took   0.45ms
[2026.05.08-04.19.56:093][565]LogAudio: Display: Creating Audio Device:                 Id: 21, Scope: Unique, Realtime: True
[2026.05.08-04.19.56:093][565]LogAudioMixer: Display: Audio Mixer Platform Settings:
[2026.05.08-04.19.56:093][565]LogAudioMixer: Display: 	Sample Rate:						  48000
[2026.05.08-04.19.56:093][565]LogAudioMixer: Display: 	Callback Buffer Frame Size Requested: 1024
[2026.05.08-04.19.56:093][565]LogAudioMixer: Display: 	Callback Buffer Frame Size To Use:	  1024
[2026.05.08-04.19.56:093][565]LogAudioMixer: Display: 	Number of buffers to queue:			  2
[2026.05.08-04.19.56:093][565]LogAudioMixer: Display: 	Max Channels (voices):				  32
[2026.05.08-04.19.56:093][565]LogAudioMixer: Display: 	Number of Async Source Workers:		  0
[2026.05.08-04.19.56:093][565]LogAudio: Display: AudioDevice MaxSources: 32
[2026.05.08-04.19.56:094][565]LogAudio: Display: Audio Spatialization Plugin: None (built-in).
[2026.05.08-04.19.56:094][565]LogAudio: Display: Audio Reverb Plugin: None (built-in).
[2026.05.08-04.19.56:094][565]LogAudio: Display: Audio Occlusion Plugin: None (built-in).
[2026.05.08-04.19.56:094][565]LogAudioMixer: Display: Initializing audio mixer.
[2026.05.08-04.19.56:096][565]LogAudioMixer: Display: 0: FrontLeft
[2026.05.08-04.19.56:096][565]LogAudioMixer: Display: 1: FrontRight
[2026.05.08-04.19.56:131][565]LogAudioMixer: Display: Using Audio Device Speakers (Realtek(R) Audio)
[2026.05.08-04.19.56:131][565]LogAudioMixer: Display: Initializing Sound Submixes...
[2026.05.08-04.19.56:131][565]LogAudioMixer: Display: Creating Master Submix 'MasterSubmixDefault'
[2026.05.08-04.19.56:131][565]LogAudioMixer: Display: Creating Master Submix 'MasterReverbSubmixDefault'
[2026.05.08-04.19.56:132][565]LogAudioMixer: Display: Creating Master Submix 'MasterEQSubmixDefault'
[2026.05.08-04.19.56:132][565]LogAudioMixer: FMixerPlatformXAudio2::StartAudioStream() called
[2026.05.08-04.19.56:132][565]LogAudioMixer: Display: Output buffers initialized: Frames=1024, Channels=2, Samples=2048
[2026.05.08-04.19.56:133][565]LogAudioMixer: Display: Starting AudioMixerPlatformInterface::RunInternal()
[2026.05.08-04.19.56:133][565]LogAudioMixer: Display: FMixerPlatformXAudio2::SubmitBuffer() called for the first time
[2026.05.08-04.19.56:133][565]LogInit: FAudioDevice initialized.
[2026.05.08-04.19.56:133][565]LogAudio: Display: Audio Device (ID: 21) registered with world 'TwinStickExampleMap'.
[2026.05.08-04.19.56:140][565]LogLoad: Game class is 'FacadeGameMode'
[2026.05.08-04.19.56:141][565]LogWorld: Bringing World /Game/TwinStickCPP/Maps/UEDPIE_0_TwinStickExampleMap.TwinStickExampleMap up for play (max tick rate 60) at 2026.05.08-00.19.56
[2026.05.08-04.19.56:141][565]LogWorld: Bringing up level for play took: 0.000698
[2026.05.08-04.19.56:141][565]LogOnline: OSS: Creating online subsystem instance for: :Context_27
[2026.05.08-04.19.56:144][565]LogGameMode: Display: Match State Changed from EnteringMap to WaitingToStart
[2026.05.08-04.19.56:144][565]LogGameState: Match State Changed from EnteringMap to WaitingToStart
[2026.05.08-04.19.56:144][565]PIE: El servidor ha iniciado la sesión
[2026.05.08-04.19.56:145][565]PIE: Play in editor total start time 0,094 seconds.
[2026.05.08-04.20.03:714][ 17]LogSlate: Updating window title bar state: overlay mode, drag disabled, window buttons hidden, title bar hidden
[2026.05.08-04.20.03:715][ 17]LogWorld: BeginTearingDown for /Game/TwinStickCPP/Maps/UEDPIE_0_TwinStickExampleMap
[2026.05.08-04.20.03:715][ 17]LogWorld: UWorld::CleanupWorld for TwinStickExampleMap, bSessionEnded=true, bCleanupResources=true
[2026.05.08-04.20.03:715][ 17]LogSlate: InvalidateAllWidgets triggered.  All widgets were invalidated
[2026.05.08-04.20.03:729][ 17]LogPlayLevel: Display: Shutting down PIE online subsystems
[2026.05.08-04.20.03:737][ 17]LogSlate: InvalidateAllWidgets triggered.  All widgets were invalidated
[2026.05.08-04.20.03:740][ 17]LogAudio: Display: Audio Device unregistered from world 'None'.
[2026.05.08-04.20.03:740][ 17]LogAudioMixer: FMixerPlatformXAudio2::StopAudioStream() called
[2026.05.08-04.20.03:741][ 17]LogAudioMixer: FMixerPlatformXAudio2::StopAudioStream() called
[2026.05.08-04.20.03:744][ 17]LogSlate: Updating window title bar state: overlay mode, drag disabled, window buttons hidden, title bar hidden
[2026.05.08-04.20.03:746][ 17]LogUObjectHash: Compacting FUObjectHashTables data took   0.56ms
[2026.05.08-04.20.03:796][ 19]LogPlayLevel: Display: Destroying online subsystem :Context_27
[2026.05.08-04.20.34:986][170]LogHotReload: New module detected: UE4Editor-Facade-0019.dll
[2026.05.08-04.20.35:670][173]LogHotReload: Starting Hot-Reload from IDE
[2026.05.08-04.20.35:734][173]LogNativeClassHierarchy: Verbose: Native class hierarchy updated for 'Facade' in 0.0003 seconds. Added 6 classes and 2 folders.
[2026.05.08-04.20.35:737][173]Display: HotReload successful (1 functions remapped  0 scriptstructs remapped)
[2026.05.08-04.20.35:777][173]LogNativeClassHierarchy: Verbose: Native class hierarchy populated in 0.0090 seconds. Added 3828 classes and 930 folders.
[2026.05.08-04.20.35:783][173]Display: HotReload took  0.1s.
[2026.05.08-04.20.42:354][379]LogTemp: Repeating last play command: Simulate
[2026.05.08-04.20.42:359][379]LogPlayLevel: PlayLevel: No blueprints needed recompiling
[2026.05.08-04.20.42:359][379]PIE: New page: Sesión SIE (simulación en el editor): TwinStickExampleMap (7 may. 2026 20:20:42)
[2026.05.08-04.20.42:361][379]LogPlayLevel: Creating play world package: /Game/TwinStickCPP/Maps/UEDPIE_0_TwinStickExampleMap
[2026.05.08-04.20.42:369][379]LogPlayLevel: PIE: StaticDuplicateObject took: (0.007550s)
[2026.05.08-04.20.42:370][379]LogAIModule: Creating AISystem for world TwinStickExampleMap
[2026.05.08-04.20.42:371][379]LogPlayLevel: PIE: World Init took: (0.001258s)
[2026.05.08-04.20.42:371][379]LogPlayLevel: PIE: Created PIE world by copying editor world from /Game/TwinStickCPP/Maps/TwinStickExampleMap.TwinStickExampleMap to /Game/TwinStickCPP/Maps/UEDPIE_0_TwinStickExampleMap.TwinStickExampleMap (0.009130s)
[2026.05.08-04.20.42:377][379]LogUObjectHash: Compacting FUObjectHashTables data took   0.52ms
[2026.05.08-04.20.42:379][379]LogAudio: Display: Creating Audio Device:                 Id: 22, Scope: Unique, Realtime: True
[2026.05.08-04.20.42:379][379]LogAudioMixer: Display: Audio Mixer Platform Settings:
[2026.05.08-04.20.42:379][379]LogAudioMixer: Display: 	Sample Rate:						  48000
[2026.05.08-04.20.42:379][379]LogAudioMixer: Display: 	Callback Buffer Frame Size Requested: 1024
[2026.05.08-04.20.42:379][379]LogAudioMixer: Display: 	Callback Buffer Frame Size To Use:	  1024
[2026.05.08-04.20.42:379][379]LogAudioMixer: Display: 	Number of buffers to queue:			  2
[2026.05.08-04.20.42:379][379]LogAudioMixer: Display: 	Max Channels (voices):				  32
[2026.05.08-04.20.42:379][379]LogAudioMixer: Display: 	Number of Async Source Workers:		  0
[2026.05.08-04.20.42:379][379]LogAudio: Display: AudioDevice MaxSources: 32
[2026.05.08-04.20.42:379][379]LogAudio: Display: Audio Spatialization Plugin: None (built-in).
[2026.05.08-04.20.42:379][379]LogAudio: Display: Audio Reverb Plugin: None (built-in).
[2026.05.08-04.20.42:379][379]LogAudio: Display: Audio Occlusion Plugin: None (built-in).
[2026.05.08-04.20.42:379][379]LogAudioMixer: Display: Initializing audio mixer.
[2026.05.08-04.20.42:381][379]LogAudioMixer: Display: 0: FrontLeft
[2026.05.08-04.20.42:381][379]LogAudioMixer: Display: 1: FrontRight
[2026.05.08-04.20.42:416][379]LogAudioMixer: Display: Using Audio Device Speakers (Realtek(R) Audio)
[2026.05.08-04.20.42:417][379]LogAudioMixer: Display: Initializing Sound Submixes...
[2026.05.08-04.20.42:417][379]LogAudioMixer: Display: Creating Master Submix 'MasterSubmixDefault'
[2026.05.08-04.20.42:417][379]LogAudioMixer: Display: Creating Master Submix 'MasterReverbSubmixDefault'
[2026.05.08-04.20.42:417][379]LogAudioMixer: Display: Creating Master Submix 'MasterEQSubmixDefault'
[2026.05.08-04.20.42:417][379]LogAudioMixer: FMixerPlatformXAudio2::StartAudioStream() called
[2026.05.08-04.20.42:417][379]LogAudioMixer: Display: Output buffers initialized: Frames=1024, Channels=2, Samples=2048
[2026.05.08-04.20.42:419][379]LogAudioMixer: Display: Starting AudioMixerPlatformInterface::RunInternal()
[2026.05.08-04.20.42:419][379]LogAudioMixer: Display: FMixerPlatformXAudio2::SubmitBuffer() called for the first time
[2026.05.08-04.20.42:419][379]LogInit: FAudioDevice initialized.
[2026.05.08-04.20.42:419][379]LogAudio: Display: Audio Device (ID: 22) registered with world 'TwinStickExampleMap'.
[2026.05.08-04.20.42:432][379]LogLoad: Game class is 'FacadeGameMode'
[2026.05.08-04.20.42:433][379]LogWorld: Bringing World /Game/TwinStickCPP/Maps/UEDPIE_0_TwinStickExampleMap.TwinStickExampleMap up for play (max tick rate 60) at 2026.05.08-00.20.42
[2026.05.08-04.20.42:433][379]LogWorld: Bringing up level for play took: 0.000720
[2026.05.08-04.20.42:433][379]LogOnline: OSS: Creating online subsystem instance for: :Context_28
[2026.05.08-04.20.42:435][379]LogGameMode: Display: Match State Changed from EnteringMap to WaitingToStart
[2026.05.08-04.20.42:435][379]LogGameState: Match State Changed from EnteringMap to WaitingToStart
[2026.05.08-04.20.42:435][379]PIE: El servidor ha iniciado la sesión
[2026.05.08-04.20.42:436][379]PIE: Play in editor total start time 0,078 seconds.
[2026.05.08-04.20.51:872][944]LogSlate: Took 0.000551 seconds to synchronously load lazily loaded font '../../../Engine/Content/Slate/Fonts/DroidSansMono.ttf' (77K)
[2026.05.08-04.20.53:364][ 34]LogEditorViewport: Clicking on Actor (LMB): BP_Sky_Sphere_C (SkySphereBlueprint)
[2026.05.08-04.20.53:553][ 43]LogSlate: Updating window title bar state: overlay mode, drag disabled, window buttons hidden, title bar hidden
[2026.05.08-04.20.53:553][ 43]LogWorld: BeginTearingDown for /Game/TwinStickCPP/Maps/UEDPIE_0_TwinStickExampleMap
[2026.05.08-04.20.53:553][ 43]LogWorld: UWorld::CleanupWorld for TwinStickExampleMap, bSessionEnded=true, bCleanupResources=true
[2026.05.08-04.20.53:554][ 43]LogSlate: InvalidateAllWidgets triggered.  All widgets were invalidated
[2026.05.08-04.20.53:565][ 43]LogPlayLevel: Display: Shutting down PIE online subsystems
[2026.05.08-04.20.53:571][ 43]LogSlate: InvalidateAllWidgets triggered.  All widgets were invalidated
[2026.05.08-04.20.53:574][ 43]LogAudio: Display: Audio Device unregistered from world 'None'.
[2026.05.08-04.20.53:574][ 43]LogAudioMixer: FMixerPlatformXAudio2::StopAudioStream() called
[2026.05.08-04.20.53:576][ 43]LogAudioMixer: FMixerPlatformXAudio2::StopAudioStream() called
[2026.05.08-04.20.53:579][ 43]LogSlate: Updating window title bar state: overlay mode, drag disabled, window buttons hidden, title bar hidden
[2026.05.08-04.20.53:582][ 43]LogUObjectHash: Compacting FUObjectHashTables data took   0.51ms
[2026.05.08-04.20.53:625][ 46]LogPlayLevel: Display: Destroying online subsystem :Context_28
[2026.05.08-04.21.30:358][279]LogHotReload: New module detected: UE4Editor-Facade-0020.dll
[2026.05.08-04.21.31:044][282]LogHotReload: Starting Hot-Reload from IDE
[2026.05.08-04.21.31:117][282]LogNativeClassHierarchy: Verbose: Native class hierarchy updated for 'Facade' in 0.0003 seconds. Added 6 classes and 2 folders.
[2026.05.08-04.21.31:119][282]Display: HotReload successful (1 functions remapped  0 scriptstructs remapped)
[2026.05.08-04.21.31:162][282]LogNativeClassHierarchy: Verbose: Native class hierarchy populated in 0.0086 seconds. Added 3828 classes and 930 folders.
[2026.05.08-04.21.31:168][282]Display: HotReload took  0.1s.
[2026.05.08-04.21.43:035][785]LogTemp: Repeating last play command: Simulate
[2026.05.08-04.21.43:038][785]LogPlayLevel: PlayLevel: No blueprints needed recompiling
[2026.05.08-04.21.43:038][785]PIE: New page: Sesión SIE (simulación en el editor): TwinStickExampleMap (7 may. 2026 20:21:43)
[2026.05.08-04.21.43:062][785]LogPlayLevel: Creating play world package: /Game/TwinStickCPP/Maps/UEDPIE_0_TwinStickExampleMap
[2026.05.08-04.21.43:070][785]LogPlayLevel: PIE: StaticDuplicateObject took: (0.008597s)
[2026.05.08-04.21.43:071][785]LogAIModule: Creating AISystem for world TwinStickExampleMap
[2026.05.08-04.21.43:071][785]LogPlayLevel: PIE: World Init took: (0.001388s)
[2026.05.08-04.21.43:071][785]LogPlayLevel: PIE: Created PIE world by copying editor world from /Game/TwinStickCPP/Maps/TwinStickExampleMap.TwinStickExampleMap to /Game/TwinStickCPP/Maps/UEDPIE_0_TwinStickExampleMap.TwinStickExampleMap (0.010396s)
[2026.05.08-04.21.43:081][785]LogUObjectHash: Compacting FUObjectHashTables data took   0.47ms
[2026.05.08-04.21.43:083][785]LogAudio: Display: Creating Audio Device:                 Id: 23, Scope: Unique, Realtime: True
[2026.05.08-04.21.43:083][785]LogAudioMixer: Display: Audio Mixer Platform Settings:
[2026.05.08-04.21.43:083][785]LogAudioMixer: Display: 	Sample Rate:						  48000
[2026.05.08-04.21.43:083][785]LogAudioMixer: Display: 	Callback Buffer Frame Size Requested: 1024
[2026.05.08-04.21.43:083][785]LogAudioMixer: Display: 	Callback Buffer Frame Size To Use:	  1024
[2026.05.08-04.21.43:083][785]LogAudioMixer: Display: 	Number of buffers to queue:			  2
[2026.05.08-04.21.43:083][785]LogAudioMixer: Display: 	Max Channels (voices):				  32
[2026.05.08-04.21.43:083][785]LogAudioMixer: Display: 	Number of Async Source Workers:		  0
[2026.05.08-04.21.43:083][785]LogAudio: Display: AudioDevice MaxSources: 32
[2026.05.08-04.21.43:084][785]LogAudio: Display: Audio Spatialization Plugin: None (built-in).
[2026.05.08-04.21.43:084][785]LogAudio: Display: Audio Reverb Plugin: None (built-in).
[2026.05.08-04.21.43:084][785]LogAudio: Display: Audio Occlusion Plugin: None (built-in).
[2026.05.08-04.21.43:084][785]LogAudioMixer: Display: Initializing audio mixer.
[2026.05.08-04.21.43:086][785]LogAudioMixer: Display: 0: FrontLeft
[2026.05.08-04.21.43:086][785]LogAudioMixer: Display: 1: FrontRight
[2026.05.08-04.21.43:121][785]LogAudioMixer: Display: Using Audio Device Speakers (Realtek(R) Audio)
[2026.05.08-04.21.43:122][785]LogAudioMixer: Display: Initializing Sound Submixes...
[2026.05.08-04.21.43:122][785]LogAudioMixer: Display: Creating Master Submix 'MasterSubmixDefault'
[2026.05.08-04.21.43:122][785]LogAudioMixer: Display: Creating Master Submix 'MasterReverbSubmixDefault'
[2026.05.08-04.21.43:122][785]LogAudioMixer: Display: Creating Master Submix 'MasterEQSubmixDefault'
[2026.05.08-04.21.43:122][785]LogAudioMixer: FMixerPlatformXAudio2::StartAudioStream() called
[2026.05.08-04.21.43:122][785]LogAudioMixer: Display: Output buffers initialized: Frames=1024, Channels=2, Samples=2048
[2026.05.08-04.21.43:124][785]LogAudioMixer: Display: Starting AudioMixerPlatformInterface::RunInternal()
[2026.05.08-04.21.43:124][785]LogAudioMixer: Display: FMixerPlatformXAudio2::SubmitBuffer() called for the first time
[2026.05.08-04.21.43:124][785]LogInit: FAudioDevice initialized.
[2026.05.08-04.21.43:124][785]LogAudio: Display: Audio Device (ID: 23) registered with world 'TwinStickExampleMap'.
[2026.05.08-04.21.43:133][785]LogLoad: Game class is 'FacadeGameMode'
[2026.05.08-04.21.43:134][785]LogWorld: Bringing World /Game/TwinStickCPP/Maps/UEDPIE_0_TwinStickExampleMap.TwinStickExampleMap up for play (max tick rate 60) at 2026.05.08-00.21.43
[2026.05.08-04.21.43:134][785]LogWorld: Bringing up level for play took: 0.000869
[2026.05.08-04.21.43:134][785]LogOnline: OSS: Creating online subsystem instance for: :Context_29
[2026.05.08-04.21.43:136][785]LogGameMode: Display: Match State Changed from EnteringMap to WaitingToStart
[2026.05.08-04.21.43:136][785]LogGameState: Match State Changed from EnteringMap to WaitingToStart
[2026.05.08-04.21.43:136][785]PIE: El servidor ha iniciado la sesión
[2026.05.08-04.21.43:137][785]PIE: Play in editor total start time 0,099 seconds.
[2026.05.08-04.21.49:103][141]LogSlate: Updating window title bar state: overlay mode, drag disabled, window buttons hidden, title bar hidden
[2026.05.08-04.21.49:104][141]LogWorld: BeginTearingDown for /Game/TwinStickCPP/Maps/UEDPIE_0_TwinStickExampleMap
[2026.05.08-04.21.49:104][141]LogWorld: UWorld::CleanupWorld for TwinStickExampleMap, bSessionEnded=true, bCleanupResources=true
[2026.05.08-04.21.49:104][141]LogSlate: InvalidateAllWidgets triggered.  All widgets were invalidated
[2026.05.08-04.21.49:116][141]LogPlayLevel: Display: Shutting down PIE online subsystems
[2026.05.08-04.21.49:122][141]LogSlate: InvalidateAllWidgets triggered.  All widgets were invalidated
[2026.05.08-04.21.49:125][141]LogAudio: Display: Audio Device unregistered from world 'None'.
[2026.05.08-04.21.49:125][141]LogAudioMixer: FMixerPlatformXAudio2::StopAudioStream() called
[2026.05.08-04.21.49:126][141]LogAudioMixer: FMixerPlatformXAudio2::StopAudioStream() called
[2026.05.08-04.21.49:129][141]LogSlate: Updating window title bar state: overlay mode, drag disabled, window buttons hidden, title bar hidden
[2026.05.08-04.21.49:132][141]LogUObjectHash: Compacting FUObjectHashTables data took   0.49ms
[2026.05.08-04.21.49:175][144]LogPlayLevel: Display: Destroying online subsystem :Context_29
[2026.05.08-04.22.16:376][361]LogHotReload: New module detected: UE4Editor-Facade-0021.dll
[2026.05.08-04.22.17:073][364]LogHotReload: Starting Hot-Reload from IDE
[2026.05.08-04.22.17:134][364]LogNativeClassHierarchy: Verbose: Native class hierarchy updated for 'Facade' in 0.0007 seconds. Added 6 classes and 2 folders.
[2026.05.08-04.22.17:136][364]Display: HotReload successful (1 functions remapped  0 scriptstructs remapped)
[2026.05.08-04.22.17:178][364]LogNativeClassHierarchy: Verbose: Native class hierarchy populated in 0.0115 seconds. Added 3828 classes and 930 folders.
[2026.05.08-04.22.17:185][364]Display: HotReload took  0.1s.
[2026.05.08-04.22.21:162][419]LogTemp: Repeating last play command: Simulate
[2026.05.08-04.22.21:165][419]LogPlayLevel: PlayLevel: No blueprints needed recompiling
[2026.05.08-04.22.21:165][419]PIE: New page: Sesión SIE (simulación en el editor): TwinStickExampleMap (7 may. 2026 20:22:21)
[2026.05.08-04.22.21:166][419]LogPlayLevel: Creating play world package: /Game/TwinStickCPP/Maps/UEDPIE_0_TwinStickExampleMap
[2026.05.08-04.22.21:174][419]LogPlayLevel: PIE: StaticDuplicateObject took: (0.007474s)
[2026.05.08-04.22.21:174][419]LogAIModule: Creating AISystem for world TwinStickExampleMap
[2026.05.08-04.22.21:176][419]LogPlayLevel: PIE: World Init took: (0.001233s)
[2026.05.08-04.22.21:176][419]LogPlayLevel: PIE: Created PIE world by copying editor world from /Game/TwinStickCPP/Maps/TwinStickExampleMap.TwinStickExampleMap to /Game/TwinStickCPP/Maps/UEDPIE_0_TwinStickExampleMap.TwinStickExampleMap (0.008966s)
[2026.05.08-04.22.21:183][419]LogUObjectHash: Compacting FUObjectHashTables data took   0.45ms
[2026.05.08-04.22.21:184][419]LogAudio: Display: Creating Audio Device:                 Id: 24, Scope: Unique, Realtime: True
[2026.05.08-04.22.21:184][419]LogAudioMixer: Display: Audio Mixer Platform Settings:
[2026.05.08-04.22.21:184][419]LogAudioMixer: Display: 	Sample Rate:						  48000
[2026.05.08-04.22.21:184][419]LogAudioMixer: Display: 	Callback Buffer Frame Size Requested: 1024
[2026.05.08-04.22.21:184][419]LogAudioMixer: Display: 	Callback Buffer Frame Size To Use:	  1024
[2026.05.08-04.22.21:184][419]LogAudioMixer: Display: 	Number of buffers to queue:			  2
[2026.05.08-04.22.21:184][419]LogAudioMixer: Display: 	Max Channels (voices):				  32
[2026.05.08-04.22.21:184][419]LogAudioMixer: Display: 	Number of Async Source Workers:		  0
[2026.05.08-04.22.21:184][419]LogAudio: Display: AudioDevice MaxSources: 32
[2026.05.08-04.22.21:184][419]LogAudio: Display: Audio Spatialization Plugin: None (built-in).
[2026.05.08-04.22.21:184][419]LogAudio: Display: Audio Reverb Plugin: None (built-in).
[2026.05.08-04.22.21:184][419]LogAudio: Display: Audio Occlusion Plugin: None (built-in).
[2026.05.08-04.22.21:184][419]LogAudioMixer: Display: Initializing audio mixer.
[2026.05.08-04.22.21:186][419]LogAudioMixer: Display: 0: FrontLeft
[2026.05.08-04.22.21:186][419]LogAudioMixer: Display: 1: FrontRight
[2026.05.08-04.22.21:221][419]LogAudioMixer: Display: Using Audio Device Speakers (Realtek(R) Audio)
[2026.05.08-04.22.21:221][419]LogAudioMixer: Display: Initializing Sound Submixes...
[2026.05.08-04.22.21:221][419]LogAudioMixer: Display: Creating Master Submix 'MasterSubmixDefault'
[2026.05.08-04.22.21:221][419]LogAudioMixer: Display: Creating Master Submix 'MasterReverbSubmixDefault'
[2026.05.08-04.22.21:222][419]LogAudioMixer: Display: Creating Master Submix 'MasterEQSubmixDefault'
[2026.05.08-04.22.21:222][419]LogAudioMixer: FMixerPlatformXAudio2::StartAudioStream() called
[2026.05.08-04.22.21:222][419]LogAudioMixer: Display: Output buffers initialized: Frames=1024, Channels=2, Samples=2048
[2026.05.08-04.22.21:223][419]LogAudioMixer: Display: Starting AudioMixerPlatformInterface::RunInternal()
[2026.05.08-04.22.21:223][419]LogAudioMixer: Display: FMixerPlatformXAudio2::SubmitBuffer() called for the first time
[2026.05.08-04.22.21:223][419]LogInit: FAudioDevice initialized.
[2026.05.08-04.22.21:223][419]LogAudio: Display: Audio Device (ID: 24) registered with world 'TwinStickExampleMap'.
[2026.05.08-04.22.21:229][419]LogLoad: Game class is 'FacadeGameMode'
[2026.05.08-04.22.21:230][419]LogWorld: Bringing World /Game/TwinStickCPP/Maps/UEDPIE_0_TwinStickExampleMap.TwinStickExampleMap up for play (max tick rate 60) at 2026.05.08-00.22.21
[2026.05.08-04.22.21:230][419]LogWorld: Bringing up level for play took: 0.000715
[2026.05.08-04.22.21:230][419]LogOnline: OSS: Creating online subsystem instance for: :Context_30
[2026.05.08-04.22.21:232][419]LogGameMode: Display: Match State Changed from EnteringMap to WaitingToStart
[2026.05.08-04.22.21:232][419]LogGameState: Match State Changed from EnteringMap to WaitingToStart
[2026.05.08-04.22.21:232][419]PIE: El servidor ha iniciado la sesión
[2026.05.08-04.22.21:233][419]PIE: Play in editor total start time 0,068 seconds.
[2026.05.08-04.22.45:862][895]LogSlate: Updating window title bar state: overlay mode, drag disabled, window buttons hidden, title bar hidden
[2026.05.08-04.22.45:862][895]LogWorld: BeginTearingDown for /Game/TwinStickCPP/Maps/UEDPIE_0_TwinStickExampleMap
[2026.05.08-04.22.45:862][895]LogWorld: UWorld::CleanupWorld for TwinStickExampleMap, bSessionEnded=true, bCleanupResources=true
[2026.05.08-04.22.45:863][895]LogSlate: InvalidateAllWidgets triggered.  All widgets were invalidated
[2026.05.08-04.22.45:874][895]LogPlayLevel: Display: Shutting down PIE online subsystems
[2026.05.08-04.22.45:880][895]LogSlate: InvalidateAllWidgets triggered.  All widgets were invalidated
[2026.05.08-04.22.45:884][895]LogAudio: Display: Audio Device unregistered from world 'None'.
[2026.05.08-04.22.45:884][895]LogAudioMixer: FMixerPlatformXAudio2::StopAudioStream() called
[2026.05.08-04.22.45:885][895]LogAudioMixer: FMixerPlatformXAudio2::StopAudioStream() called
[2026.05.08-04.22.45:887][895]LogSlate: Updating window title bar state: overlay mode, drag disabled, window buttons hidden, title bar hidden
[2026.05.08-04.22.45:888][895]LogUObjectHash: Compacting FUObjectHashTables data took   0.48ms
[2026.05.08-04.22.45:944][898]LogPlayLevel: Display: Destroying online subsystem :Context_30
[2026.05.08-04.23.27:670][107]LogHotReload: New module detected: UE4Editor-Facade-0022.dll
[2026.05.08-04.23.28:357][110]LogHotReload: Starting Hot-Reload from IDE
[2026.05.08-04.23.28:444][110]LogNativeClassHierarchy: Verbose: Native class hierarchy updated for 'Facade' in 0.0003 seconds. Added 6 classes and 2 folders.
[2026.05.08-04.23.28:446][110]Display: HotReload successful (1 functions remapped  0 scriptstructs remapped)
[2026.05.08-04.23.28:484][110]LogNativeClassHierarchy: Verbose: Native class hierarchy populated in 0.0096 seconds. Added 3828 classes and 930 folders.
[2026.05.08-04.23.28:490][110]Display: HotReload took  0.1s.
[2026.05.08-04.23.32:493][206]LogTemp: Repeating last play command: Simulate
[2026.05.08-04.23.32:497][206]LogPlayLevel: PlayLevel: No blueprints needed recompiling
[2026.05.08-04.23.32:497][206]PIE: New page: Sesión SIE (simulación en el editor): TwinStickExampleMap (7 may. 2026 20:23:32)
[2026.05.08-04.23.32:498][206]LogPlayLevel: Creating play world package: /Game/TwinStickCPP/Maps/UEDPIE_0_TwinStickExampleMap
[2026.05.08-04.23.32:505][206]LogPlayLevel: PIE: StaticDuplicateObject took: (0.007307s)
[2026.05.08-04.23.32:507][206]LogAIModule: Creating AISystem for world TwinStickExampleMap
[2026.05.08-04.23.32:508][206]LogPlayLevel: PIE: World Init took: (0.001947s)
[2026.05.08-04.23.32:508][206]LogPlayLevel: PIE: Created PIE world by copying editor world from /Game/TwinStickCPP/Maps/TwinStickExampleMap.TwinStickExampleMap to /Game/TwinStickCPP/Maps/UEDPIE_0_TwinStickExampleMap.TwinStickExampleMap (0.009455s)
[2026.05.08-04.23.32:514][206]LogUObjectHash: Compacting FUObjectHashTables data took   0.63ms
[2026.05.08-04.23.32:516][206]LogAudio: Display: Creating Audio Device:                 Id: 25, Scope: Unique, Realtime: True
[2026.05.08-04.23.32:516][206]LogAudioMixer: Display: Audio Mixer Platform Settings:
[2026.05.08-04.23.32:516][206]LogAudioMixer: Display: 	Sample Rate:						  48000
[2026.05.08-04.23.32:516][206]LogAudioMixer: Display: 	Callback Buffer Frame Size Requested: 1024
[2026.05.08-04.23.32:516][206]LogAudioMixer: Display: 	Callback Buffer Frame Size To Use:	  1024
[2026.05.08-04.23.32:516][206]LogAudioMixer: Display: 	Number of buffers to queue:			  2
[2026.05.08-04.23.32:516][206]LogAudioMixer: Display: 	Max Channels (voices):				  32
[2026.05.08-04.23.32:516][206]LogAudioMixer: Display: 	Number of Async Source Workers:		  0
[2026.05.08-04.23.32:516][206]LogAudio: Display: AudioDevice MaxSources: 32
[2026.05.08-04.23.32:516][206]LogAudio: Display: Audio Spatialization Plugin: None (built-in).
[2026.05.08-04.23.32:516][206]LogAudio: Display: Audio Reverb Plugin: None (built-in).
[2026.05.08-04.23.32:516][206]LogAudio: Display: Audio Occlusion Plugin: None (built-in).
[2026.05.08-04.23.32:516][206]LogAudioMixer: Display: Initializing audio mixer.
[2026.05.08-04.23.32:518][206]LogAudioMixer: Display: 0: FrontLeft
[2026.05.08-04.23.32:518][206]LogAudioMixer: Display: 1: FrontRight
[2026.05.08-04.23.32:558][206]LogAudioMixer: Display: Using Audio Device Speakers (Realtek(R) Audio)
[2026.05.08-04.23.32:559][206]LogAudioMixer: Display: Initializing Sound Submixes...
[2026.05.08-04.23.32:559][206]LogAudioMixer: Display: Creating Master Submix 'MasterSubmixDefault'
[2026.05.08-04.23.32:559][206]LogAudioMixer: Display: Creating Master Submix 'MasterReverbSubmixDefault'
[2026.05.08-04.23.32:559][206]LogAudioMixer: Display: Creating Master Submix 'MasterEQSubmixDefault'
[2026.05.08-04.23.32:559][206]LogAudioMixer: FMixerPlatformXAudio2::StartAudioStream() called
[2026.05.08-04.23.32:559][206]LogAudioMixer: Display: Output buffers initialized: Frames=1024, Channels=2, Samples=2048
[2026.05.08-04.23.32:561][206]LogAudioMixer: Display: Starting AudioMixerPlatformInterface::RunInternal()
[2026.05.08-04.23.32:561][206]LogAudioMixer: Display: FMixerPlatformXAudio2::SubmitBuffer() called for the first time
[2026.05.08-04.23.32:561][206]LogInit: FAudioDevice initialized.
[2026.05.08-04.23.32:561][206]LogAudio: Display: Audio Device (ID: 25) registered with world 'TwinStickExampleMap'.
[2026.05.08-04.23.32:566][206]LogLoad: Game class is 'FacadeGameMode'
[2026.05.08-04.23.32:567][206]LogWorld: Bringing World /Game/TwinStickCPP/Maps/UEDPIE_0_TwinStickExampleMap.TwinStickExampleMap up for play (max tick rate 60) at 2026.05.08-00.23.32
[2026.05.08-04.23.32:567][206]LogWorld: Bringing up level for play took: 0.000835
[2026.05.08-04.23.32:568][206]LogOnline: OSS: Creating online subsystem instance for: :Context_31
[2026.05.08-04.23.32:571][206]LogGameMode: Display: Match State Changed from EnteringMap to WaitingToStart
[2026.05.08-04.23.32:572][206]LogGameState: Match State Changed from EnteringMap to WaitingToStart
[2026.05.08-04.23.32:572][206]PIE: El servidor ha iniciado la sesión
[2026.05.08-04.23.32:573][206]PIE: Play in editor total start time 0,076 seconds.
[2026.05.08-04.23.35:432][375]LogSlate: Updating window title bar state: overlay mode, drag disabled, window buttons hidden, title bar hidden
[2026.05.08-04.23.35:432][375]LogWorld: BeginTearingDown for /Game/TwinStickCPP/Maps/UEDPIE_0_TwinStickExampleMap
[2026.05.08-04.23.35:432][375]LogWorld: UWorld::CleanupWorld for TwinStickExampleMap, bSessionEnded=true, bCleanupResources=true
[2026.05.08-04.23.35:432][375]LogSlate: InvalidateAllWidgets triggered.  All widgets were invalidated
[2026.05.08-04.23.35:444][375]LogPlayLevel: Display: Shutting down PIE online subsystems
[2026.05.08-04.23.35:450][375]LogSlate: InvalidateAllWidgets triggered.  All widgets were invalidated
[2026.05.08-04.23.35:453][375]LogAudio: Display: Audio Device unregistered from world 'None'.
[2026.05.08-04.23.35:453][375]LogAudioMixer: FMixerPlatformXAudio2::StopAudioStream() called
[2026.05.08-04.23.35:455][375]LogAudioMixer: FMixerPlatformXAudio2::StopAudioStream() called
[2026.05.08-04.23.35:459][375]LogSlate: Updating window title bar state: overlay mode, drag disabled, window buttons hidden, title bar hidden
[2026.05.08-04.23.35:460][375]LogUObjectHash: Compacting FUObjectHashTables data took   0.67ms
[2026.05.08-04.23.35:503][378]LogPlayLevel: Display: Destroying online subsystem :Context_31
[2026.05.08-04.25.56:754][945]LogHotReload: New module detected: UE4Editor-Facade-0023.dll
[2026.05.08-04.25.57:447][948]LogHotReload: Starting Hot-Reload from IDE
[2026.05.08-04.25.57:516][948]LogNativeClassHierarchy: Verbose: Native class hierarchy updated for 'Facade' in 0.0003 seconds. Added 6 classes and 2 folders.
[2026.05.08-04.25.57:518][948]Display: HotReload successful (1 functions remapped  0 scriptstructs remapped)
[2026.05.08-04.25.57:558][948]LogNativeClassHierarchy: Verbose: Native class hierarchy populated in 0.0093 seconds. Added 3828 classes and 930 folders.
[2026.05.08-04.25.57:564][948]Display: HotReload took  0.1s.
[2026.05.08-04.26.03:558][ 10]LogTemp: Repeating last play command: Simulate
[2026.05.08-04.26.03:562][ 10]LogPlayLevel: PlayLevel: No blueprints needed recompiling
[2026.05.08-04.26.03:562][ 10]PIE: New page: Sesión SIE (simulación en el editor): TwinStickExampleMap (7 may. 2026 20:26:03)
[2026.05.08-04.26.03:563][ 10]LogPlayLevel: Creating play world package: /Game/TwinStickCPP/Maps/UEDPIE_0_TwinStickExampleMap
[2026.05.08-04.26.03:571][ 10]LogPlayLevel: PIE: StaticDuplicateObject took: (0.007859s)
[2026.05.08-04.26.03:573][ 10]LogAIModule: Creating AISystem for world TwinStickExampleMap
[2026.05.08-04.26.03:574][ 10]LogPlayLevel: PIE: World Init took: (0.002898s)
[2026.05.08-04.26.03:574][ 10]LogPlayLevel: PIE: Created PIE world by copying editor world from /Game/TwinStickCPP/Maps/TwinStickExampleMap.TwinStickExampleMap to /Game/TwinStickCPP/Maps/UEDPIE_0_TwinStickExampleMap.TwinStickExampleMap (0.011021s)
[2026.05.08-04.26.03:579][ 10]LogUObjectHash: Compacting FUObjectHashTables data took   0.53ms
[2026.05.08-04.26.03:583][ 10]LogAudio: Display: Creating Audio Device:                 Id: 26, Scope: Unique, Realtime: True
[2026.05.08-04.26.03:583][ 10]LogAudioMixer: Display: Audio Mixer Platform Settings:
[2026.05.08-04.26.03:583][ 10]LogAudioMixer: Display: 	Sample Rate:						  48000
[2026.05.08-04.26.03:583][ 10]LogAudioMixer: Display: 	Callback Buffer Frame Size Requested: 1024
[2026.05.08-04.26.03:583][ 10]LogAudioMixer: Display: 	Callback Buffer Frame Size To Use:	  1024
[2026.05.08-04.26.03:583][ 10]LogAudioMixer: Display: 	Number of buffers to queue:			  2
[2026.05.08-04.26.03:583][ 10]LogAudioMixer: Display: 	Max Channels (voices):				  32
[2026.05.08-04.26.03:583][ 10]LogAudioMixer: Display: 	Number of Async Source Workers:		  0
[2026.05.08-04.26.03:583][ 10]LogAudio: Display: AudioDevice MaxSources: 32
[2026.05.08-04.26.03:583][ 10]LogAudio: Display: Audio Spatialization Plugin: None (built-in).
[2026.05.08-04.26.03:583][ 10]LogAudio: Display: Audio Reverb Plugin: None (built-in).
[2026.05.08-04.26.03:584][ 10]LogAudio: Display: Audio Occlusion Plugin: None (built-in).
[2026.05.08-04.26.03:584][ 10]LogAudioMixer: Display: Initializing audio mixer.
[2026.05.08-04.26.03:587][ 10]LogAudioMixer: Display: 0: FrontLeft
[2026.05.08-04.26.03:587][ 10]LogAudioMixer: Display: 1: FrontRight
[2026.05.08-04.26.03:627][ 10]LogAudioMixer: Display: Using Audio Device Speakers (Realtek(R) Audio)
[2026.05.08-04.26.03:628][ 10]LogAudioMixer: Display: Initializing Sound Submixes...
[2026.05.08-04.26.03:628][ 10]LogAudioMixer: Display: Creating Master Submix 'MasterSubmixDefault'
[2026.05.08-04.26.03:628][ 10]LogAudioMixer: Display: Creating Master Submix 'MasterReverbSubmixDefault'
[2026.05.08-04.26.03:628][ 10]LogAudioMixer: Display: Creating Master Submix 'MasterEQSubmixDefault'
[2026.05.08-04.26.03:628][ 10]LogAudioMixer: FMixerPlatformXAudio2::StartAudioStream() called
[2026.05.08-04.26.03:628][ 10]LogAudioMixer: Display: Output buffers initialized: Frames=1024, Channels=2, Samples=2048
[2026.05.08-04.26.03:629][ 10]LogAudioMixer: Display: Starting AudioMixerPlatformInterface::RunInternal()
[2026.05.08-04.26.03:629][ 10]LogAudioMixer: Display: FMixerPlatformXAudio2::SubmitBuffer() called for the first time
[2026.05.08-04.26.03:629][ 10]LogInit: FAudioDevice initialized.
[2026.05.08-04.26.03:629][ 10]LogAudio: Display: Audio Device (ID: 26) registered with world 'TwinStickExampleMap'.
[2026.05.08-04.26.03:637][ 10]LogLoad: Game class is 'FacadeGameMode'
[2026.05.08-04.26.03:638][ 10]LogWorld: Bringing World /Game/TwinStickCPP/Maps/UEDPIE_0_TwinStickExampleMap.TwinStickExampleMap up for play (max tick rate 60) at 2026.05.08-00.26.03
[2026.05.08-04.26.03:638][ 10]LogWorld: Bringing up level for play took: 0.000756
[2026.05.08-04.26.03:640][ 10]LogOnline: OSS: Creating online subsystem instance for: :Context_32
[2026.05.08-04.26.03:642][ 10]LogGameMode: Display: Match State Changed from EnteringMap to WaitingToStart
[2026.05.08-04.26.03:642][ 10]LogGameState: Match State Changed from EnteringMap to WaitingToStart
[2026.05.08-04.26.03:642][ 10]PIE: El servidor ha iniciado la sesión
[2026.05.08-04.26.03:642][ 10]PIE: Play in editor total start time 0,081 seconds.
[2026.05.08-04.26.08:821][319]LogSlate: Updating window title bar state: overlay mode, drag disabled, window buttons hidden, title bar hidden
[2026.05.08-04.26.08:821][319]LogWorld: BeginTearingDown for /Game/TwinStickCPP/Maps/UEDPIE_0_TwinStickExampleMap
[2026.05.08-04.26.08:821][319]LogWorld: UWorld::CleanupWorld for TwinStickExampleMap, bSessionEnded=true, bCleanupResources=true
[2026.05.08-04.26.08:821][319]LogSlate: InvalidateAllWidgets triggered.  All widgets were invalidated
[2026.05.08-04.26.08:828][319]LogPlayLevel: Display: Shutting down PIE online subsystems
[2026.05.08-04.26.08:833][319]LogSlate: InvalidateAllWidgets triggered.  All widgets were invalidated
[2026.05.08-04.26.08:837][319]LogAudio: Display: Audio Device unregistered from world 'None'.
[2026.05.08-04.26.08:837][319]LogAudioMixer: FMixerPlatformXAudio2::StopAudioStream() called
[2026.05.08-04.26.08:838][319]LogAudioMixer: FMixerPlatformXAudio2::StopAudioStream() called
[2026.05.08-04.26.08:841][319]LogSlate: Updating window title bar state: overlay mode, drag disabled, window buttons hidden, title bar hidden
[2026.05.08-04.26.08:843][319]LogUObjectHash: Compacting FUObjectHashTables data took   0.66ms
[2026.05.08-04.26.08:904][323]LogPlayLevel: Display: Destroying online subsystem :Context_32
[2026.05.08-04.26.35:374][476]LogHotReload: New module detected: UE4Editor-Facade-0024.dll
[2026.05.08-04.26.36:063][479]LogHotReload: Starting Hot-Reload from IDE
[2026.05.08-04.26.36:121][479]LogNativeClassHierarchy: Verbose: Native class hierarchy updated for 'Facade' in 0.0003 seconds. Added 6 classes and 2 folders.
[2026.05.08-04.26.36:123][479]Display: HotReload successful (1 functions remapped  0 scriptstructs remapped)
[2026.05.08-04.26.36:157][479]LogNativeClassHierarchy: Verbose: Native class hierarchy populated in 0.0079 seconds. Added 3828 classes and 930 folders.
[2026.05.08-04.26.36:163][479]Display: HotReload took  0.1s.
[2026.05.08-04.26.39:789][547]LogTemp: Repeating last play command: Simulate
[2026.05.08-04.26.39:794][547]LogPlayLevel: PlayLevel: No blueprints needed recompiling
[2026.05.08-04.26.39:794][547]PIE: New page: Sesión SIE (simulación en el editor): TwinStickExampleMap (7 may. 2026 20:26:39)
[2026.05.08-04.26.39:794][547]LogPlayLevel: Creating play world package: /Game/TwinStickCPP/Maps/UEDPIE_0_TwinStickExampleMap
[2026.05.08-04.26.39:803][547]LogPlayLevel: PIE: StaticDuplicateObject took: (0.008346s)
[2026.05.08-04.26.39:804][547]LogAIModule: Creating AISystem for world TwinStickExampleMap
[2026.05.08-04.26.39:804][547]LogPlayLevel: PIE: World Init took: (0.001136s)
[2026.05.08-04.26.39:804][547]LogPlayLevel: PIE: Created PIE world by copying editor world from /Game/TwinStickCPP/Maps/TwinStickExampleMap.TwinStickExampleMap to /Game/TwinStickCPP/Maps/UEDPIE_0_TwinStickExampleMap.TwinStickExampleMap (0.009651s)
[2026.05.08-04.26.39:811][547]LogUObjectHash: Compacting FUObjectHashTables data took   0.65ms
[2026.05.08-04.26.39:813][547]LogAudio: Display: Creating Audio Device:                 Id: 27, Scope: Unique, Realtime: True
[2026.05.08-04.26.39:813][547]LogAudioMixer: Display: Audio Mixer Platform Settings:
[2026.05.08-04.26.39:813][547]LogAudioMixer: Display: 	Sample Rate:						  48000
[2026.05.08-04.26.39:813][547]LogAudioMixer: Display: 	Callback Buffer Frame Size Requested: 1024
[2026.05.08-04.26.39:813][547]LogAudioMixer: Display: 	Callback Buffer Frame Size To Use:	  1024
[2026.05.08-04.26.39:813][547]LogAudioMixer: Display: 	Number of buffers to queue:			  2
[2026.05.08-04.26.39:813][547]LogAudioMixer: Display: 	Max Channels (voices):				  32
[2026.05.08-04.26.39:813][547]LogAudioMixer: Display: 	Number of Async Source Workers:		  0
[2026.05.08-04.26.39:813][547]LogAudio: Display: AudioDevice MaxSources: 32
[2026.05.08-04.26.39:813][547]LogAudio: Display: Audio Spatialization Plugin: None (built-in).
[2026.05.08-04.26.39:813][547]LogAudio: Display: Audio Reverb Plugin: None (built-in).
[2026.05.08-04.26.39:813][547]LogAudio: Display: Audio Occlusion Plugin: None (built-in).
[2026.05.08-04.26.39:813][547]LogAudioMixer: Display: Initializing audio mixer.
[2026.05.08-04.26.39:815][547]LogAudioMixer: Display: 0: FrontLeft
[2026.05.08-04.26.39:815][547]LogAudioMixer: Display: 1: FrontRight
[2026.05.08-04.26.39:854][547]LogAudioMixer: Display: Using Audio Device Speakers (Realtek(R) Audio)
[2026.05.08-04.26.39:854][547]LogAudioMixer: Display: Initializing Sound Submixes...
[2026.05.08-04.26.39:854][547]LogAudioMixer: Display: Creating Master Submix 'MasterSubmixDefault'
[2026.05.08-04.26.39:854][547]LogAudioMixer: Display: Creating Master Submix 'MasterReverbSubmixDefault'
[2026.05.08-04.26.39:855][547]LogAudioMixer: Display: Creating Master Submix 'MasterEQSubmixDefault'
[2026.05.08-04.26.39:855][547]LogAudioMixer: FMixerPlatformXAudio2::StartAudioStream() called
[2026.05.08-04.26.39:855][547]LogAudioMixer: Display: Output buffers initialized: Frames=1024, Channels=2, Samples=2048
[2026.05.08-04.26.39:856][547]LogAudioMixer: Display: Starting AudioMixerPlatformInterface::RunInternal()
[2026.05.08-04.26.39:856][547]LogAudioMixer: Display: FMixerPlatformXAudio2::SubmitBuffer() called for the first time
[2026.05.08-04.26.39:856][547]LogInit: FAudioDevice initialized.
[2026.05.08-04.26.39:856][547]LogAudio: Display: Audio Device (ID: 27) registered with world 'TwinStickExampleMap'.
[2026.05.08-04.26.39:868][547]LogLoad: Game class is 'FacadeGameMode'
[2026.05.08-04.26.39:869][547]LogWorld: Bringing World /Game/TwinStickCPP/Maps/UEDPIE_0_TwinStickExampleMap.TwinStickExampleMap up for play (max tick rate 60) at 2026.05.08-00.26.39
[2026.05.08-04.26.39:869][547]LogWorld: Bringing up level for play took: 0.000778
[2026.05.08-04.26.39:870][547]LogOnline: OSS: Creating online subsystem instance for: :Context_33
[2026.05.08-04.26.39:871][547]LogGameMode: Display: Match State Changed from EnteringMap to WaitingToStart
[2026.05.08-04.26.39:872][547]LogGameState: Match State Changed from EnteringMap to WaitingToStart
[2026.05.08-04.26.39:872][547]PIE: El servidor ha iniciado la sesión
[2026.05.08-04.26.39:872][547]PIE: Play in editor total start time 0,079 seconds.
[2026.05.08-04.26.41:991][672]LogSlate: Updating window title bar state: overlay mode, drag disabled, window buttons hidden, title bar hidden
[2026.05.08-04.26.41:991][672]LogWorld: BeginTearingDown for /Game/TwinStickCPP/Maps/UEDPIE_0_TwinStickExampleMap
[2026.05.08-04.26.41:991][672]LogWorld: UWorld::CleanupWorld for TwinStickExampleMap, bSessionEnded=true, bCleanupResources=true
[2026.05.08-04.26.41:991][672]LogSlate: InvalidateAllWidgets triggered.  All widgets were invalidated
[2026.05.08-04.26.42:001][672]LogPlayLevel: Display: Shutting down PIE online subsystems
[2026.05.08-04.26.42:006][672]LogSlate: InvalidateAllWidgets triggered.  All widgets were invalidated
[2026.05.08-04.26.42:011][672]LogAudio: Display: Audio Device unregistered from world 'None'.
[2026.05.08-04.26.42:011][672]LogAudioMixer: FMixerPlatformXAudio2::StopAudioStream() called
[2026.05.08-04.26.42:012][672]LogAudioMixer: FMixerPlatformXAudio2::StopAudioStream() called
[2026.05.08-04.26.42:016][672]LogSlate: Updating window title bar state: overlay mode, drag disabled, window buttons hidden, title bar hidden
[2026.05.08-04.26.42:017][672]LogUObjectHash: Compacting FUObjectHashTables data took   0.48ms
[2026.05.08-04.26.42:061][675]LogPlayLevel: Display: Destroying online subsystem :Context_33
[2026.05.08-04.27.11:702][845]LogHotReload: New module detected: UE4Editor-Facade-0025.dll
[2026.05.08-04.27.12:056][847]LogHotReload: Starting Hot-Reload from IDE
[2026.05.08-04.27.12:127][847]LogNativeClassHierarchy: Verbose: Native class hierarchy updated for 'Facade' in 0.0003 seconds. Added 6 classes and 2 folders.
[2026.05.08-04.27.12:129][847]Display: HotReload successful (1 functions remapped  0 scriptstructs remapped)
[2026.05.08-04.27.12:164][847]LogNativeClassHierarchy: Verbose: Native class hierarchy populated in 0.0088 seconds. Added 3828 classes and 930 folders.
[2026.05.08-04.27.12:171][847]Display: HotReload took  0.1s.
[2026.05.08-04.27.16:455][914]LogTemp: Repeating last play command: Simulate
[2026.05.08-04.27.16:458][914]LogPlayLevel: PlayLevel: No blueprints needed recompiling
[2026.05.08-04.27.16:458][914]PIE: New page: Sesión SIE (simulación en el editor): TwinStickExampleMap (7 may. 2026 20:27:16)
[2026.05.08-04.27.16:479][914]LogPlayLevel: Creating play world package: /Game/TwinStickCPP/Maps/UEDPIE_0_TwinStickExampleMap
[2026.05.08-04.27.16:488][914]LogPlayLevel: PIE: StaticDuplicateObject took: (0.008771s)
[2026.05.08-04.27.16:489][914]LogAIModule: Creating AISystem for world TwinStickExampleMap
[2026.05.08-04.27.16:489][914]LogPlayLevel: PIE: World Init took: (0.001326s)
[2026.05.08-04.27.16:489][914]LogPlayLevel: PIE: Created PIE world by copying editor world from /Game/TwinStickCPP/Maps/TwinStickExampleMap.TwinStickExampleMap to /Game/TwinStickCPP/Maps/UEDPIE_0_TwinStickExampleMap.TwinStickExampleMap (0.010449s)
[2026.05.08-04.27.16:498][914]LogUObjectHash: Compacting FUObjectHashTables data took   0.46ms
[2026.05.08-04.27.16:499][914]LogAudio: Display: Creating Audio Device:                 Id: 28, Scope: Unique, Realtime: True
[2026.05.08-04.27.16:499][914]LogAudioMixer: Display: Audio Mixer Platform Settings:
[2026.05.08-04.27.16:499][914]LogAudioMixer: Display: 	Sample Rate:						  48000
[2026.05.08-04.27.16:499][914]LogAudioMixer: Display: 	Callback Buffer Frame Size Requested: 1024
[2026.05.08-04.27.16:499][914]LogAudioMixer: Display: 	Callback Buffer Frame Size To Use:	  1024
[2026.05.08-04.27.16:499][914]LogAudioMixer: Display: 	Number of buffers to queue:			  2
[2026.05.08-04.27.16:499][914]LogAudioMixer: Display: 	Max Channels (voices):				  32
[2026.05.08-04.27.16:499][914]LogAudioMixer: Display: 	Number of Async Source Workers:		  0
[2026.05.08-04.27.16:499][914]LogAudio: Display: AudioDevice MaxSources: 32
[2026.05.08-04.27.16:499][914]LogAudio: Display: Audio Spatialization Plugin: None (built-in).
[2026.05.08-04.27.16:499][914]LogAudio: Display: Audio Reverb Plugin: None (built-in).
[2026.05.08-04.27.16:499][914]LogAudio: Display: Audio Occlusion Plugin: None (built-in).
[2026.05.08-04.27.16:499][914]LogAudioMixer: Display: Initializing audio mixer.
[2026.05.08-04.27.16:501][914]LogAudioMixer: Display: 0: FrontLeft
[2026.05.08-04.27.16:501][914]LogAudioMixer: Display: 1: FrontRight
[2026.05.08-04.27.16:536][914]LogAudioMixer: Display: Using Audio Device Speakers (Realtek(R) Audio)
[2026.05.08-04.27.16:536][914]LogAudioMixer: Display: Initializing Sound Submixes...
[2026.05.08-04.27.16:536][914]LogAudioMixer: Display: Creating Master Submix 'MasterSubmixDefault'
[2026.05.08-04.27.16:536][914]LogAudioMixer: Display: Creating Master Submix 'MasterReverbSubmixDefault'
[2026.05.08-04.27.16:536][914]LogAudioMixer: Display: Creating Master Submix 'MasterEQSubmixDefault'
[2026.05.08-04.27.16:538][914]LogAudioMixer: FMixerPlatformXAudio2::StartAudioStream() called
[2026.05.08-04.27.16:538][914]LogAudioMixer: Display: Output buffers initialized: Frames=1024, Channels=2, Samples=2048
[2026.05.08-04.27.16:540][914]LogAudioMixer: Display: Starting AudioMixerPlatformInterface::RunInternal()
[2026.05.08-04.27.16:540][914]LogAudioMixer: Display: FMixerPlatformXAudio2::SubmitBuffer() called for the first time
[2026.05.08-04.27.16:540][914]LogInit: FAudioDevice initialized.
[2026.05.08-04.27.16:540][914]LogAudio: Display: Audio Device (ID: 28) registered with world 'TwinStickExampleMap'.
[2026.05.08-04.27.16:546][914]LogLoad: Game class is 'FacadeGameMode'
[2026.05.08-04.27.16:546][914]LogWorld: Bringing World /Game/TwinStickCPP/Maps/UEDPIE_0_TwinStickExampleMap.TwinStickExampleMap up for play (max tick rate 60) at 2026.05.08-00.27.16
[2026.05.08-04.27.16:546][914]LogWorld: Bringing up level for play took: 0.000776
[2026.05.08-04.27.16:546][914]LogOnline: OSS: Creating online subsystem instance for: :Context_34
[2026.05.08-04.27.16:549][914]LogGameMode: Display: Match State Changed from EnteringMap to WaitingToStart
[2026.05.08-04.27.16:550][914]LogGameState: Match State Changed from EnteringMap to WaitingToStart
[2026.05.08-04.27.16:550][914]PIE: El servidor ha iniciado la sesión
[2026.05.08-04.27.16:551][914]PIE: Play in editor total start time 0,093 seconds.
[2026.05.08-04.27.24:670][399]LogSlate: Updating window title bar state: overlay mode, drag disabled, window buttons hidden, title bar hidden
[2026.05.08-04.27.24:670][399]LogWorld: BeginTearingDown for /Game/TwinStickCPP/Maps/UEDPIE_0_TwinStickExampleMap
[2026.05.08-04.27.24:671][399]LogWorld: UWorld::CleanupWorld for TwinStickExampleMap, bSessionEnded=true, bCleanupResources=true
[2026.05.08-04.27.24:671][399]LogSlate: InvalidateAllWidgets triggered.  All widgets were invalidated
[2026.05.08-04.27.24:682][399]LogPlayLevel: Display: Shutting down PIE online subsystems
[2026.05.08-04.27.24:689][399]LogSlate: InvalidateAllWidgets triggered.  All widgets were invalidated
[2026.05.08-04.27.24:693][399]LogAudio: Display: Audio Device unregistered from world 'None'.
[2026.05.08-04.27.24:694][399]LogAudioMixer: FMixerPlatformXAudio2::StopAudioStream() called
[2026.05.08-04.27.24:695][399]LogAudioMixer: FMixerPlatformXAudio2::StopAudioStream() called
[2026.05.08-04.27.24:698][399]LogSlate: Updating window title bar state: overlay mode, drag disabled, window buttons hidden, title bar hidden
[2026.05.08-04.27.24:700][399]LogUObjectHash: Compacting FUObjectHashTables data took   0.64ms
[2026.05.08-04.27.24:743][402]LogPlayLevel: Display: Destroying online subsystem :Context_34
[2026.05.08-04.28.09:467][730]LogHotReload: New module detected: UE4Editor-Facade-0026.dll
[2026.05.08-04.28.09:816][732]LogHotReload: Starting Hot-Reload from IDE
[2026.05.08-04.28.09:900][732]LogNativeClassHierarchy: Verbose: Native class hierarchy updated for 'Facade' in 0.0003 seconds. Added 6 classes and 2 folders.
[2026.05.08-04.28.09:903][732]Display: HotReload successful (1 functions remapped  0 scriptstructs remapped)
[2026.05.08-04.28.09:940][732]LogNativeClassHierarchy: Verbose: Native class hierarchy populated in 0.0089 seconds. Added 3828 classes and 930 folders.
[2026.05.08-04.28.09:947][732]Display: HotReload took  0.1s.
[2026.05.08-04.28.21:633][825]LogTemp: Repeating last play command: Simulate
[2026.05.08-04.28.21:636][825]LogPlayLevel: PlayLevel: No blueprints needed recompiling
[2026.05.08-04.28.21:636][825]PIE: New page: Sesión SIE (simulación en el editor): TwinStickExampleMap (7 may. 2026 20:28:21)
[2026.05.08-04.28.21:637][825]LogPlayLevel: Creating play world package: /Game/TwinStickCPP/Maps/UEDPIE_0_TwinStickExampleMap
[2026.05.08-04.28.21:643][825]LogPlayLevel: PIE: StaticDuplicateObject took: (0.007338s)
[2026.05.08-04.28.21:643][825]LogAIModule: Creating AISystem for world TwinStickExampleMap
[2026.05.08-04.28.21:645][825]LogPlayLevel: PIE: World Init took: (0.001033s)
[2026.05.08-04.28.21:645][825]LogPlayLevel: PIE: Created PIE world by copying editor world from /Game/TwinStickCPP/Maps/TwinStickExampleMap.TwinStickExampleMap to /Game/TwinStickCPP/Maps/UEDPIE_0_TwinStickExampleMap.TwinStickExampleMap (0.008552s)
[2026.05.08-04.28.21:656][825]LogUObjectHash: Compacting FUObjectHashTables data took   0.53ms
[2026.05.08-04.28.21:658][825]LogAudio: Display: Creating Audio Device:                 Id: 29, Scope: Unique, Realtime: True
[2026.05.08-04.28.21:658][825]LogAudioMixer: Display: Audio Mixer Platform Settings:
[2026.05.08-04.28.21:658][825]LogAudioMixer: Display: 	Sample Rate:						  48000
[2026.05.08-04.28.21:658][825]LogAudioMixer: Display: 	Callback Buffer Frame Size Requested: 1024
[2026.05.08-04.28.21:658][825]LogAudioMixer: Display: 	Callback Buffer Frame Size To Use:	  1024
[2026.05.08-04.28.21:658][825]LogAudioMixer: Display: 	Number of buffers to queue:			  2
[2026.05.08-04.28.21:658][825]LogAudioMixer: Display: 	Max Channels (voices):				  32
[2026.05.08-04.28.21:658][825]LogAudioMixer: Display: 	Number of Async Source Workers:		  0
[2026.05.08-04.28.21:658][825]LogAudio: Display: AudioDevice MaxSources: 32
[2026.05.08-04.28.21:658][825]LogAudio: Display: Audio Spatialization Plugin: None (built-in).
[2026.05.08-04.28.21:658][825]LogAudio: Display: Audio Reverb Plugin: None (built-in).
[2026.05.08-04.28.21:658][825]LogAudio: Display: Audio Occlusion Plugin: None (built-in).
[2026.05.08-04.28.21:658][825]LogAudioMixer: Display: Initializing audio mixer.
[2026.05.08-04.28.21:660][825]LogAudioMixer: Display: 0: FrontLeft
[2026.05.08-04.28.21:660][825]LogAudioMixer: Display: 1: FrontRight
[2026.05.08-04.28.21:701][825]LogAudioMixer: Display: Using Audio Device Speakers (Realtek(R) Audio)
[2026.05.08-04.28.21:701][825]LogAudioMixer: Display: Initializing Sound Submixes...
[2026.05.08-04.28.21:701][825]LogAudioMixer: Display: Creating Master Submix 'MasterSubmixDefault'
[2026.05.08-04.28.21:701][825]LogAudioMixer: Display: Creating Master Submix 'MasterReverbSubmixDefault'
[2026.05.08-04.28.21:702][825]LogAudioMixer: Display: Creating Master Submix 'MasterEQSubmixDefault'
[2026.05.08-04.28.21:702][825]LogAudioMixer: FMixerPlatformXAudio2::StartAudioStream() called
[2026.05.08-04.28.21:702][825]LogAudioMixer: Display: Output buffers initialized: Frames=1024, Channels=2, Samples=2048
[2026.05.08-04.28.21:703][825]LogAudioMixer: Display: Starting AudioMixerPlatformInterface::RunInternal()
[2026.05.08-04.28.21:703][825]LogAudioMixer: Display: FMixerPlatformXAudio2::SubmitBuffer() called for the first time
[2026.05.08-04.28.21:703][825]LogInit: FAudioDevice initialized.
[2026.05.08-04.28.21:703][825]LogAudio: Display: Audio Device (ID: 29) registered with world 'TwinStickExampleMap'.
[2026.05.08-04.28.21:711][825]LogLoad: Game class is 'FacadeGameMode'
[2026.05.08-04.28.21:712][825]LogWorld: Bringing World /Game/TwinStickCPP/Maps/UEDPIE_0_TwinStickExampleMap.TwinStickExampleMap up for play (max tick rate 60) at 2026.05.08-00.28.21
[2026.05.08-04.28.21:712][825]LogWorld: Bringing up level for play took: 0.000943
[2026.05.08-04.28.21:712][825]LogOnline: OSS: Creating online subsystem instance for: :Context_35
[2026.05.08-04.28.21:714][825]LogGameMode: Display: Match State Changed from EnteringMap to WaitingToStart
[2026.05.08-04.28.21:714][825]LogGameState: Match State Changed from EnteringMap to WaitingToStart
[2026.05.08-04.28.21:714][825]PIE: El servidor ha iniciado la sesión
[2026.05.08-04.28.21:715][825]PIE: Play in editor total start time 0,08 seconds.
[2026.05.08-04.28.28:380][223]LogSlate: Updating window title bar state: overlay mode, drag disabled, window buttons hidden, title bar hidden
[2026.05.08-04.28.28:380][223]LogWorld: BeginTearingDown for /Game/TwinStickCPP/Maps/UEDPIE_0_TwinStickExampleMap
[2026.05.08-04.28.28:380][223]LogWorld: UWorld::CleanupWorld for TwinStickExampleMap, bSessionEnded=true, bCleanupResources=true
[2026.05.08-04.28.28:380][223]LogSlate: InvalidateAllWidgets triggered.  All widgets were invalidated
[2026.05.08-04.28.28:391][223]LogPlayLevel: Display: Shutting down PIE online subsystems
[2026.05.08-04.28.28:400][223]LogSlate: InvalidateAllWidgets triggered.  All widgets were invalidated
[2026.05.08-04.28.28:403][223]LogAudio: Display: Audio Device unregistered from world 'None'.
[2026.05.08-04.28.28:405][223]LogAudioMixer: FMixerPlatformXAudio2::StopAudioStream() called
[2026.05.08-04.28.28:406][223]LogAudioMixer: FMixerPlatformXAudio2::StopAudioStream() called
[2026.05.08-04.28.28:408][223]LogSlate: Updating window title bar state: overlay mode, drag disabled, window buttons hidden, title bar hidden
[2026.05.08-04.28.28:410][223]LogUObjectHash: Compacting FUObjectHashTables data took   0.47ms
[2026.05.08-04.28.28:454][226]LogPlayLevel: Display: Destroying online subsystem :Context_35
[2026.05.08-04.31.52:673][936]LogHotReload: New module detected: UE4Editor-Facade-0027.dll
[2026.05.08-04.31.54:030][941]LogHotReload: Starting Hot-Reload from IDE
[2026.05.08-04.31.54:083][941]LogClass: Could not find existing class FacadeGameMode in package /Script/Facade for HotReload, assuming new class
[2026.05.08-04.31.54:089][941]LogHotReload: Re-instancing FacadeGameMode after hot-reload.
[2026.05.08-04.31.54:093][941]LogNativeClassHierarchy: Verbose: Native class hierarchy updated for 'Facade' in 0.0003 seconds. Added 6 classes and 2 folders.
[2026.05.08-04.31.54:097][941]Display: HotReload successful (1 functions remapped  0 scriptstructs remapped)
[2026.05.08-04.31.54:134][941]LogNativeClassHierarchy: Verbose: Native class hierarchy populated in 0.0083 seconds. Added 3828 classes and 930 folders.
[2026.05.08-04.31.54:142][941]Display: HotReload took  0.1s.
[2026.05.08-04.32.00:363][  8]LogTemp: Repeating last play command: Simulate
[2026.05.08-04.32.00:366][  8]LogPlayLevel: PlayLevel: No blueprints needed recompiling
[2026.05.08-04.32.00:366][  8]PIE: New page: Sesión SIE (simulación en el editor): TwinStickExampleMap (7 may. 2026 20:32:00)
[2026.05.08-04.32.00:366][  8]LogPlayLevel: Creating play world package: /Game/TwinStickCPP/Maps/UEDPIE_0_TwinStickExampleMap
[2026.05.08-04.32.00:388][  8]LogPlayLevel: PIE: StaticDuplicateObject took: (0.022372s)
[2026.05.08-04.32.00:390][  8]LogAIModule: Creating AISystem for world TwinStickExampleMap
[2026.05.08-04.32.00:390][  8]LogPlayLevel: PIE: World Init took: (0.001379s)
[2026.05.08-04.32.00:390][  8]LogPlayLevel: PIE: Created PIE world by copying editor world from /Game/TwinStickCPP/Maps/TwinStickExampleMap.TwinStickExampleMap to /Game/TwinStickCPP/Maps/UEDPIE_0_TwinStickExampleMap.TwinStickExampleMap (0.024008s)
[2026.05.08-04.32.00:393][  8]LogUObjectHash: Compacting FUObjectHashTables data took   0.47ms
[2026.05.08-04.32.00:394][  8]LogAudio: Display: Creating Audio Device:                 Id: 30, Scope: Unique, Realtime: True
[2026.05.08-04.32.00:394][  8]LogAudioMixer: Display: Audio Mixer Platform Settings:
[2026.05.08-04.32.00:394][  8]LogAudioMixer: Display: 	Sample Rate:						  48000
[2026.05.08-04.32.00:394][  8]LogAudioMixer: Display: 	Callback Buffer Frame Size Requested: 1024
[2026.05.08-04.32.00:394][  8]LogAudioMixer: Display: 	Callback Buffer Frame Size To Use:	  1024
[2026.05.08-04.32.00:394][  8]LogAudioMixer: Display: 	Number of buffers to queue:			  2
[2026.05.08-04.32.00:396][  8]LogAudioMixer: Display: 	Max Channels (voices):				  32
[2026.05.08-04.32.00:396][  8]LogAudioMixer: Display: 	Number of Async Source Workers:		  0
[2026.05.08-04.32.00:396][  8]LogAudio: Display: AudioDevice MaxSources: 32
[2026.05.08-04.32.00:396][  8]LogAudio: Display: Audio Spatialization Plugin: None (built-in).
[2026.05.08-04.32.00:396][  8]LogAudio: Display: Audio Reverb Plugin: None (built-in).
[2026.05.08-04.32.00:396][  8]LogAudio: Display: Audio Occlusion Plugin: None (built-in).
[2026.05.08-04.32.00:396][  8]LogAudioMixer: Display: Initializing audio mixer.
[2026.05.08-04.32.00:399][  8]LogAudioMixer: Display: 0: FrontLeft
[2026.05.08-04.32.00:399][  8]LogAudioMixer: Display: 1: FrontRight
[2026.05.08-04.32.00:438][  8]LogAudioMixer: Display: Using Audio Device Speakers (Realtek(R) Audio)
[2026.05.08-04.32.00:438][  8]LogAudioMixer: Display: Initializing Sound Submixes...
[2026.05.08-04.32.00:438][  8]LogAudioMixer: Display: Creating Master Submix 'MasterSubmixDefault'
[2026.05.08-04.32.00:438][  8]LogAudioMixer: Display: Creating Master Submix 'MasterReverbSubmixDefault'
[2026.05.08-04.32.00:439][  8]LogAudioMixer: Display: Creating Master Submix 'MasterEQSubmixDefault'
[2026.05.08-04.32.00:439][  8]LogAudioMixer: FMixerPlatformXAudio2::StartAudioStream() called
[2026.05.08-04.32.00:439][  8]LogAudioMixer: Display: Output buffers initialized: Frames=1024, Channels=2, Samples=2048
[2026.05.08-04.32.00:441][  8]LogAudioMixer: Display: Starting AudioMixerPlatformInterface::RunInternal()
[2026.05.08-04.32.00:441][  8]LogAudioMixer: Display: FMixerPlatformXAudio2::SubmitBuffer() called for the first time
[2026.05.08-04.32.00:441][  8]LogInit: FAudioDevice initialized.
[2026.05.08-04.32.00:441][  8]LogAudio: Display: Audio Device (ID: 30) registered with world 'TwinStickExampleMap'.
[2026.05.08-04.32.00:455][  8]LogLoad: Game class is 'FacadeGameMode'
[2026.05.08-04.32.00:456][  8]LogWorld: Bringing World /Game/TwinStickCPP/Maps/UEDPIE_0_TwinStickExampleMap.TwinStickExampleMap up for play (max tick rate 60) at 2026.05.08-00.32.00
[2026.05.08-04.32.00:456][  8]LogWorld: Bringing up level for play took: 0.000697
[2026.05.08-04.32.00:456][  8]LogOnline: OSS: Creating online subsystem instance for: :Context_36
[2026.05.08-04.32.00:458][  8]LogGameMode: Display: Match State Changed from EnteringMap to WaitingToStart
[2026.05.08-04.32.00:459][  8]LogGameState: Match State Changed from EnteringMap to WaitingToStart
[2026.05.08-04.32.00:459][  8]PIE: El servidor ha iniciado la sesión
[2026.05.08-04.32.00:460][  8]PIE: Play in editor total start time 0,095 seconds.
[2026.05.08-04.34.47:669][698]LogHotReload: New module detected: UE4Editor-Facade-0028.dll
[2026.05.08-04.34.51:651][766]LogEditorViewport: Clicking on Actor (LMB): StaticMeshActor (Floor)
[2026.05.08-04.34.52:406][806]LogSlate: Updating window title bar state: overlay mode, drag disabled, window buttons hidden, title bar hidden
[2026.05.08-04.34.52:406][806]LogWorld: BeginTearingDown for /Game/TwinStickCPP/Maps/UEDPIE_0_TwinStickExampleMap
[2026.05.08-04.34.52:406][806]LogWorld: UWorld::CleanupWorld for TwinStickExampleMap, bSessionEnded=true, bCleanupResources=true
[2026.05.08-04.34.52:407][806]LogSlate: InvalidateAllWidgets triggered.  All widgets were invalidated
[2026.05.08-04.34.52:416][806]LogPlayLevel: Display: Shutting down PIE online subsystems
[2026.05.08-04.34.52:427][806]LogSlate: InvalidateAllWidgets triggered.  All widgets were invalidated
[2026.05.08-04.34.52:430][806]LogAudio: Display: Audio Device unregistered from world 'None'.
[2026.05.08-04.34.52:431][806]LogAudioMixer: FMixerPlatformXAudio2::StopAudioStream() called
[2026.05.08-04.34.52:432][806]LogAudioMixer: FMixerPlatformXAudio2::StopAudioStream() called
[2026.05.08-04.34.52:434][806]LogSlate: Updating window title bar state: overlay mode, drag disabled, window buttons hidden, title bar hidden
[2026.05.08-04.34.52:436][806]LogUObjectHash: Compacting FUObjectHashTables data took   0.81ms
[2026.05.08-04.34.52:459][807]LogHotReload: Starting Hot-Reload from IDE
[2026.05.08-04.34.52:508][807]LogClass: Could not find existing class FacadeGameMode in package /Script/Facade for HotReload, assuming new class
[2026.05.08-04.34.52:513][807]LogHotReload: Re-instancing FacadeGameMode after hot-reload.
[2026.05.08-04.34.52:518][807]LogNativeClassHierarchy: Verbose: Native class hierarchy updated for 'Facade' in 0.0003 seconds. Added 6 classes and 2 folders.
[2026.05.08-04.34.52:520][807]Display: HotReload successful (1 functions remapped  0 scriptstructs remapped)
[2026.05.08-04.34.52:552][807]LogNativeClassHierarchy: Verbose: Native class hierarchy populated in 0.0077 seconds. Added 3828 classes and 930 folders.
[2026.05.08-04.34.52:561][807]Display: HotReload took  0.1s.
[2026.05.08-04.34.52:602][807]LogPlayLevel: Display: Destroying online subsystem :Context_36
[2026.05.08-04.34.53:665][864]LogTemp: Repeating last play command: Simulate
[2026.05.08-04.34.53:669][864]LogPlayLevel: PlayLevel: No blueprints needed recompiling
[2026.05.08-04.34.53:669][864]PIE: New page: Sesión SIE (simulación en el editor): TwinStickExampleMap (7 may. 2026 20:34:53)
[2026.05.08-04.34.53:670][864]LogPlayLevel: Creating play world package: /Game/TwinStickCPP/Maps/UEDPIE_0_TwinStickExampleMap
[2026.05.08-04.34.53:678][864]LogPlayLevel: PIE: StaticDuplicateObject took: (0.008881s)
[2026.05.08-04.34.53:679][864]LogAIModule: Creating AISystem for world TwinStickExampleMap
[2026.05.08-04.34.53:679][864]LogPlayLevel: PIE: World Init took: (0.000936s)
[2026.05.08-04.34.53:679][864]LogPlayLevel: PIE: Created PIE world by copying editor world from /Game/TwinStickCPP/Maps/TwinStickExampleMap.TwinStickExampleMap to /Game/TwinStickCPP/Maps/UEDPIE_0_TwinStickExampleMap.TwinStickExampleMap (0.009995s)
[2026.05.08-04.34.53:689][864]LogUObjectHash: Compacting FUObjectHashTables data took   0.46ms
[2026.05.08-04.34.53:692][864]LogAudio: Display: Creating Audio Device:                 Id: 31, Scope: Unique, Realtime: True
[2026.05.08-04.34.53:692][864]LogAudioMixer: Display: Audio Mixer Platform Settings:
[2026.05.08-04.34.53:692][864]LogAudioMixer: Display: 	Sample Rate:						  48000
[2026.05.08-04.34.53:692][864]LogAudioMixer: Display: 	Callback Buffer Frame Size Requested: 1024
[2026.05.08-04.34.53:692][864]LogAudioMixer: Display: 	Callback Buffer Frame Size To Use:	  1024
[2026.05.08-04.34.53:692][864]LogAudioMixer: Display: 	Number of buffers to queue:			  2
[2026.05.08-04.34.53:692][864]LogAudioMixer: Display: 	Max Channels (voices):				  32
[2026.05.08-04.34.53:692][864]LogAudioMixer: Display: 	Number of Async Source Workers:		  0
[2026.05.08-04.34.53:692][864]LogAudio: Display: AudioDevice MaxSources: 32
[2026.05.08-04.34.53:692][864]LogAudio: Display: Audio Spatialization Plugin: None (built-in).
[2026.05.08-04.34.53:692][864]LogAudio: Display: Audio Reverb Plugin: None (built-in).
[2026.05.08-04.34.53:692][864]LogAudio: Display: Audio Occlusion Plugin: None (built-in).
[2026.05.08-04.34.53:692][864]LogAudioMixer: Display: Initializing audio mixer.
[2026.05.08-04.34.53:693][864]LogAudioMixer: Display: 0: FrontLeft
[2026.05.08-04.34.53:694][864]LogAudioMixer: Display: 1: FrontRight
[2026.05.08-04.34.53:731][864]LogAudioMixer: Display: Using Audio Device Speakers (Realtek(R) Audio)
[2026.05.08-04.34.53:731][864]LogAudioMixer: Display: Initializing Sound Submixes...
[2026.05.08-04.34.53:731][864]LogAudioMixer: Display: Creating Master Submix 'MasterSubmixDefault'
[2026.05.08-04.34.53:731][864]LogAudioMixer: Display: Creating Master Submix 'MasterReverbSubmixDefault'
[2026.05.08-04.34.53:732][864]LogAudioMixer: Display: Creating Master Submix 'MasterEQSubmixDefault'
[2026.05.08-04.34.53:732][864]LogAudioMixer: FMixerPlatformXAudio2::StartAudioStream() called
[2026.05.08-04.34.53:732][864]LogAudioMixer: Display: Output buffers initialized: Frames=1024, Channels=2, Samples=2048
[2026.05.08-04.34.53:733][864]LogAudioMixer: Display: Starting AudioMixerPlatformInterface::RunInternal()
[2026.05.08-04.34.53:733][864]LogAudioMixer: Display: FMixerPlatformXAudio2::SubmitBuffer() called for the first time
[2026.05.08-04.34.53:733][864]LogInit: FAudioDevice initialized.
[2026.05.08-04.34.53:733][864]LogAudio: Display: Audio Device (ID: 31) registered with world 'TwinStickExampleMap'.
[2026.05.08-04.34.53:739][864]LogLoad: Game class is 'FacadeGameMode'
[2026.05.08-04.34.53:740][864]LogWorld: Bringing World /Game/TwinStickCPP/Maps/UEDPIE_0_TwinStickExampleMap.TwinStickExampleMap up for play (max tick rate 60) at 2026.05.08-00.34.53
[2026.05.08-04.34.53:740][864]LogWorld: Bringing up level for play took: 0.000710
[2026.05.08-04.34.53:740][864]LogOnline: OSS: Creating online subsystem instance for: :Context_37
[2026.05.08-04.34.53:741][864]LogGameMode: Display: Match State Changed from EnteringMap to WaitingToStart
[2026.05.08-04.34.53:742][864]LogGameState: Match State Changed from EnteringMap to WaitingToStart
[2026.05.08-04.34.53:742][864]PIE: El servidor ha iniciado la sesión
[2026.05.08-04.34.53:742][864]PIE: Play in editor total start time 0,074 seconds.
[2026.05.08-04.34.54:966][935]LogSlate: Updating window title bar state: overlay mode, drag disabled, window buttons hidden, title bar hidden
[2026.05.08-04.34.54:966][935]LogWorld: BeginTearingDown for /Game/TwinStickCPP/Maps/UEDPIE_0_TwinStickExampleMap
[2026.05.08-04.34.54:967][935]LogWorld: UWorld::CleanupWorld for TwinStickExampleMap, bSessionEnded=true, bCleanupResources=true
[2026.05.08-04.34.54:967][935]LogSlate: InvalidateAllWidgets triggered.  All widgets were invalidated
[2026.05.08-04.34.54:977][935]LogPlayLevel: Display: Shutting down PIE online subsystems
[2026.05.08-04.34.54:989][935]LogSlate: InvalidateAllWidgets triggered.  All widgets were invalidated
[2026.05.08-04.34.54:993][935]LogAudio: Display: Audio Device unregistered from world 'None'.
[2026.05.08-04.34.54:993][935]LogAudioMixer: FMixerPlatformXAudio2::StopAudioStream() called
[2026.05.08-04.34.54:994][935]LogAudioMixer: FMixerPlatformXAudio2::StopAudioStream() called
[2026.05.08-04.34.54:999][935]LogSlate: Updating window title bar state: overlay mode, drag disabled, window buttons hidden, title bar hidden
[2026.05.08-04.34.55:001][935]LogUObjectHash: Compacting FUObjectHashTables data took   0.46ms
[2026.05.08-04.34.55:036][937]LogPlayLevel: Display: Destroying online subsystem :Context_37
[2026.05.08-04.35.59:011][297]LogUObjectHash: Compacting FUObjectHashTables data took   0.59ms
[2026.05.08-04.35.59:068][297]LogSavePackage: Moving '../../../../../../Users/2026/Documents/Unreal Projects/Facade/Saved/TwinStickExampleMapF0C382C54EA82275AF022EB1F65ABDEE.tmp' to '../../../../../../Users/2026/Documents/Unreal Projects/Facade/Content/TwinStickCPP/Maps/TwinStickExampleMap.umap'
[2026.05.08-04.35.59:188][297]LogSavePackage: Moving '../../../../../../Users/2026/Documents/Unreal Projects/Facade/Saved/TwinStickExampleMap_BuiltData76AE0AD3487F4355FB9F82A5FE426B10.tmp' to '../../../../../../Users/2026/Documents/Unreal Projects/Facade/Content/TwinStickCPP/Maps/TwinStickExampleMap_BuiltData.uasset'
[2026.05.08-04.35.59:220][297]AssetCheck: New page: Asset Save: multiple assets
[2026.05.08-04.35.59:220][297]LogContentValidation: Display: Validating MapBuildDataRegistry /Game/TwinStickCPP/Maps/TwinStickExampleMap_BuiltData.TwinStickExampleMap_BuiltData
[2026.05.08-04.35.59:220][297]LogContentValidation: Display: Validating World /Game/TwinStickCPP/Maps/TwinStickExampleMap.TwinStickExampleMap
[2026.05.08-04.36.00:432][370]LogUObjectHash: Compacting FUObjectHashTables data took   0.37ms
[2026.05.08-04.36.00:474][370]LogSlate: Window 'Facade - Unreal Editor' being destroyed
[2026.05.08-04.36.00:726][371]Cmd: QUIT_EDITOR
[2026.05.08-04.36.00:726][371]LogCore: Engine exit requested (reason: UUnrealEdEngine::CloseEditor())
[2026.05.08-04.36.00:737][371]LogCore: Engine exit requested (reason: EngineExit() was called; note: exit was already requested)
[2026.05.08-04.36.01:547][371]LogAudio: Display: Beginning Audio Device Manager Shutdown (Module: AudioMixerXAudio2)...
[2026.05.08-04.36.01:547][371]LogAudio: Display: Destroying 1 Remaining Audio Device(s)...
[2026.05.08-04.36.01:547][371]LogAudio: Display: Audio Device unregistered from world 'TwinStickExampleMap'.
[2026.05.08-04.36.01:547][371]LogAudioMixer: FMixerPlatformXAudio2::StopAudioStream() called
[2026.05.08-04.36.01:551][371]LogAudioMixer: FMixerPlatformXAudio2::StopAudioStream() called
[2026.05.08-04.36.01:595][371]LogAudio: Display: Audio Device Manager Shutdown
[2026.05.08-04.36.01:597][371]LogWindowsTextInputMethodSystem: Display: IME system deactivated.
[2026.05.08-04.36.01:612][371]LogExit: Preparing to exit.
[2026.05.08-04.36.01:632][371]LogUObjectHash: Compacting FUObjectHashTables data took   1.45ms
[2026.05.08-04.36.02:447][371]LogWorld: UWorld::CleanupWorld for World_1, bSessionEnded=true, bCleanupResources=true
[2026.05.08-04.36.02:448][371]LogWorld: UWorld::CleanupWorld for World_2, bSessionEnded=true, bCleanupResources=true
[2026.05.08-04.36.02:448][371]LogWorld: UWorld::CleanupWorld for World_4, bSessionEnded=true, bCleanupResources=true
[2026.05.08-04.36.02:448][371]LogWorld: UWorld::CleanupWorld for World_5, bSessionEnded=true, bCleanupResources=true
[2026.05.08-04.36.02:448][371]LogWorld: UWorld::CleanupWorld for World_6, bSessionEnded=true, bCleanupResources=true
[2026.05.08-04.36.02:448][371]LogWorld: UWorld::CleanupWorld for World_3, bSessionEnded=true, bCleanupResources=true
[2026.05.08-04.36.02:448][371]LogWorld: UWorld::CleanupWorld for World_0, bSessionEnded=true, bCleanupResources=true
[2026.05.08-04.36.02:531][371]LogDemo: Cleaned up 0 splitscreen connections with owner deletion
[2026.05.08-04.36.02:557][371]LogWorld: UWorld::CleanupWorld for None, bSessionEnded=true, bCleanupResources=true
[2026.05.08-04.36.02:559][371]LogExit: Editor shut down
[2026.05.08-04.36.02:572][371]LogExit: Transaction tracking system shut down
[2026.05.08-04.36.03:112][371]LogExit: Object subsystem successfully closed.
[2026.05.08-04.36.03:142][371]LogShaderCompilers: Display: === FShaderJobCache stats ===
[2026.05.08-04.36.03:142][371]LogShaderCompilers: Display: Total job queries 0, among them cache hits 0 (0.00%)
[2026.05.08-04.36.03:142][371]LogShaderCompilers: Display: Tracking 0 distinct input hashes that result in 0 distinct outputs (0.00%)
[2026.05.08-04.36.03:143][371]LogShaderCompilers: Display: RAM used: 0.00 MB (0.00 GB) of 819.20 MB (0.80 GB) budget. Usage: 0.00%
[2026.05.08-04.36.03:143][371]LogShaderCompilers: Display: ================================================
[2026.05.08-04.36.03:184][371]LogShaderCompilers: Display: Shaders left to compile 0
[2026.05.08-04.36.03:301][371]LogModuleManager: Shutting down and abandoning module Facade (905)
[2026.05.08-04.36.03:301][371]LogModuleManager: Shutting down and abandoning module MovieSceneCapture (883)
[2026.05.08-04.36.03:301][371]LogModuleManager: Shutting down and abandoning module Voice (881)
[2026.05.08-04.36.03:301][371]LogModuleManager: Shutting down and abandoning module HierarchicalLODOutliner (872)
[2026.05.08-04.36.03:301][371]LogModuleManager: Shutting down and abandoning module SceneOutliner (870)
[2026.05.08-04.36.03:301][371]LogModuleManager: Shutting down and abandoning module AddContentDialog (868)
[2026.05.08-04.36.03:312][371]LogModuleManager: Shutting down and abandoning module WidgetCarousel (867)
[2026.05.08-04.36.03:312][371]LogModuleManager: Shutting down and abandoning module EditorWidgets (864)
[2026.05.08-04.36.03:312][371]LogModuleManager: Shutting down and abandoning module StatsViewer (862)
[2026.05.08-04.36.03:313][371]LogModuleManager: Shutting down and abandoning module PIEPreviewDeviceProfileSelector (860)
[2026.05.08-04.36.03:314][371]LogModuleManager: Shutting down and abandoning module SequenceRecorderSections (858)
[2026.05.08-04.36.03:314][371]LogModuleManager: Shutting down and abandoning module AutomationWorker (856)
[2026.05.08-04.36.03:315][371]LogModuleManager: Shutting down and abandoning module SteamVREditor (854)
[2026.05.08-04.36.03:315][371]LogModuleManager: Shutting down and abandoning module OculusMR (852)
[2026.05.08-04.36.03:315][371]LogModuleManager: Shutting down and abandoning module TakeRecorderSources (850)
[2026.05.08-04.36.03:318][371]LogModuleManager: Shutting down and abandoning module TakeRecorder (849)
[2026.05.08-04.36.03:320][371]LogModuleManager: Shutting down and abandoning module TakeTrackRecorders (846)
[2026.05.08-04.36.03:321][371]LogModuleManager: Shutting down and abandoning module TakesCore (844)
[2026.05.08-04.36.03:321][371]LogModuleManager: Shutting down and abandoning module OpenXRInput (842)
[2026.05.08-04.36.03:321][371]LogModuleManager: Shutting down and abandoning module GooglePADEditor (840)
[2026.05.08-04.36.03:321][371]LogModuleManager: Shutting down and abandoning module AudioCaptureEditor (838)
[2026.05.08-04.36.03:322][371]LogModuleManager: Shutting down and abandoning module ActorSequenceEditor (836)
[2026.05.08-04.36.03:323][371]LogModuleManager: Shutting down and abandoning module TemplateSequenceEditor (834)
[2026.05.08-04.36.03:325][371]LogModuleManager: Shutting down and abandoning module LevelSequenceEditor (832)
[2026.05.08-04.36.03:327][371]LogModuleManager: Shutting down and abandoning module MatineeToLevelSequence (830)
[2026.05.08-04.36.03:328][371]LogModuleManager: Shutting down and abandoning module WmfMediaFactory (828)
[2026.05.08-04.36.03:328][371]LogModuleManager: Shutting down and abandoning module WmfMediaEditor (826)
[2026.05.08-04.36.03:328][371]LogModuleManager: Shutting down and abandoning module WebMMediaFactory (824)
[2026.05.08-04.36.03:328][371]LogModuleManager: Shutting down and abandoning module WebMMediaEditor (822)
[2026.05.08-04.36.03:328][371]LogModuleManager: Shutting down and abandoning module WebMMedia (820)
[2026.05.08-04.36.03:328][371]LogModuleManager: Shutting down and abandoning module MediaPlayerEditor (818)
[2026.05.08-04.36.03:329][371]LogModuleManager: Shutting down and abandoning module MediaCompositingEditor (816)
[2026.05.08-04.36.03:330][371]LogModuleManager: Shutting down and abandoning module SequenceRecorder (815)
[2026.05.08-04.36.03:330][371]LogModuleManager: Shutting down and abandoning module OpenExrWrapper (812)
[2026.05.08-04.36.03:330][371]LogModuleManager: Shutting down and abandoning module ImgMediaFactory (810)
[2026.05.08-04.36.03:330][371]LogModuleManager: Shutting down and abandoning module ImgMediaEditor (808)
[2026.05.08-04.36.03:330][371]LogModuleManager: Shutting down and abandoning module AvfMediaFactory (806)
[2026.05.08-04.36.03:330][371]LogModuleManager: Shutting down and abandoning module AvfMediaEditor (804)
[2026.05.08-04.36.03:330][371]LogModuleManager: Shutting down and abandoning module AndroidMediaFactory (802)
[2026.05.08-04.36.03:330][371]LogModuleManager: Shutting down and abandoning module AndroidMediaEditor (800)
[2026.05.08-04.36.03:330][371]LogModuleManager: Shutting down and abandoning module PlanarCut (798)
[2026.05.08-04.36.03:331][371]LogModuleManager: Shutting down and abandoning module MagicLeapMediaCodecFactory (796)
[2026.05.08-04.36.03:331][371]LogModuleManager: Shutting down and abandoning module MagicLeapMediaFactory (794)
[2026.05.08-04.36.03:331][371]LogModuleManager: Shutting down and abandoning module MagicLeapMediaEditor (792)
[2026.05.08-04.36.03:331][371]LogModuleManager: Shutting down and abandoning module CharacterAI (790)
[2026.05.08-04.36.03:331][371]LogModuleManager: Shutting down and abandoning module TextureAlignMode (788)
[2026.05.08-04.36.03:331][371]LogModuleManager: Shutting down and abandoning module BspMode (786)
[2026.05.08-04.36.03:332][371]LogModuleManager: Shutting down and abandoning module GeometryMode (784)
[2026.05.08-04.36.03:332][371]LogModuleManager: Shutting down and abandoning module CameraShakePreviewer (782)
[2026.05.08-04.36.03:333][371]LogModuleManager: Shutting down and abandoning module SmartSnapping (780)
[2026.05.08-04.36.03:333][371]LogModuleManager: Shutting down and abandoning module SessionServices (778)
[2026.05.08-04.36.03:333][371]LogModuleManager: Shutting down and abandoning module MeshPaint (776)
[2026.05.08-04.36.03:333][371]LogModuleManager: Shutting down and abandoning module VirtualTexturingEditor (774)
[2026.05.08-04.36.03:334][371]LogModuleManager: Shutting down and abandoning module FoliageEdit (772)
[2026.05.08-04.36.03:335][371]LogModuleManager: Shutting down and abandoning module LandscapeEditor (770)
[2026.05.08-04.36.03:337][371]LogModuleManager: Shutting down and abandoning module MeshPaintMode (768)
[2026.05.08-04.36.03:337][371]LogModuleManager: Shutting down and abandoning module SceneDepthPickerMode (766)
[2026.05.08-04.36.03:337][371]LogModuleManager: Shutting down and abandoning module ActorPickerMode (764)
[2026.05.08-04.36.03:337][371]LogModuleManager: Shutting down and abandoning module PlacementMode (762)
[2026.05.08-04.36.03:338][371]LogModuleManager: Shutting down and abandoning module ViewportSnapping (760)
[2026.05.08-04.36.03:338][371]LogModuleManager: Shutting down and abandoning module ViewportInteraction (758)
[2026.05.08-04.36.03:338][371]LogModuleManager: Shutting down and abandoning module ClothPainter (756)
[2026.05.08-04.36.03:340][371]LogModuleManager: Shutting down and abandoning module SkeletalMeshEditor (755)
[2026.05.08-04.36.03:341][371]LogModuleManager: Shutting down and abandoning module LogVisualizer (752)
[2026.05.08-04.36.03:343][371]LogModuleManager: Shutting down and abandoning module IntroTutorials (750)
[2026.05.08-04.36.03:344][371]LogModuleManager: Shutting down and abandoning module GameProjectGeneration (749)
[2026.05.08-04.36.03:344][371]LogModuleManager: Shutting down and abandoning module LuminPlatformEditor (746)
[2026.05.08-04.36.03:344][371]LogModuleManager: Shutting down and abandoning module IOSPlatformEditor (744)
[2026.05.08-04.36.03:345][371]LogModuleManager: Shutting down and abandoning module AndroidPlatformEditor (742)
[2026.05.08-04.36.03:345][371]LogModuleManager: Shutting down and abandoning module AndroidDeviceDetection (741)
[2026.05.08-04.36.04:373][371]LogModuleManager: Shutting down and abandoning module WindowsPlatformEditor (738)
[2026.05.08-04.36.04:373][371]LogModuleManager: Shutting down and abandoning module LuminRuntimeSettings (736)
[2026.05.08-04.36.04:373][371]LogModuleManager: Shutting down and abandoning module IOSRuntimeSettings (734)
[2026.05.08-04.36.04:373][371]LogModuleManager: Shutting down and abandoning module AndroidRuntimeSettings (732)
[2026.05.08-04.36.04:373][371]LogModuleManager: Shutting down and abandoning module TraceInsights (730)
[2026.05.08-04.36.04:377][371]MemoryProfiler: Shutdown
[2026.05.08-04.36.04:378][371]NetworkingProfiler: Shutdown
[2026.05.08-04.36.04:378][371]LoadingProfiler: Shutdown
[2026.05.08-04.36.04:378][371]TimingProfiler: Shutdown
[2026.05.08-04.36.04:382][371]LogModuleManager: Shutting down and abandoning module TraceServices (729)
[2026.05.08-04.36.04:383][371]LogModuleManager: Shutting down and abandoning module EditorInteractiveToolsFramework (726)
[2026.05.08-04.36.04:383][371]LogModuleManager: Shutting down and abandoning module TimeManagementEditor (724)
[2026.05.08-04.36.04:383][371]LogModuleManager: Shutting down and abandoning module InputBindingEditor (722)
[2026.05.08-04.36.04:385][371]LogModuleManager: Shutting down and abandoning module MergeActors (720)
[2026.05.08-04.36.04:386][371]LogModuleManager: Shutting down and abandoning module LocalizationDashboard (718)
[2026.05.08-04.36.04:387][371]LogModuleManager: Shutting down and abandoning module LocalizationService (717)
[2026.05.08-04.36.04:387][371]LogModuleManager: Shutting down and abandoning module HardwareTargeting (714)
[2026.05.08-04.36.04:387][371]LogModuleManager: Shutting down and abandoning module DeviceProfileEditor (712)
[2026.05.08-04.36.04:388][371]LogModuleManager: Shutting down and abandoning module UndoHistory (710)
[2026.05.08-04.36.04:388][371]LogModuleManager: Shutting down and abandoning module XmlParser (708)
[2026.05.08-04.36.04:388][371]LogModuleManager: Shutting down and abandoning module Blutility (706)
[2026.05.08-04.36.04:388][371]LogModuleManager: Shutting down and abandoning module ProjectSettingsViewer (704)
[2026.05.08-04.36.04:388][371]LogModuleManager: Shutting down and abandoning module ProjectTargetPlatformEditor (703)
[2026.05.08-04.36.04:389][371]LogModuleManager: Shutting down and abandoning module EditorSettingsViewer (700)
[2026.05.08-04.36.04:389][371]LogModuleManager: Shutting down and abandoning module InternationalizationSettings (699)
[2026.05.08-04.36.04:389][371]LogModuleManager: Shutting down and abandoning module SettingsEditor (696)
[2026.05.08-04.36.04:390][371]LogModuleManager: Shutting down and abandoning module ProjectLauncher (694)
[2026.05.08-04.36.04:391][371]LogModuleManager: Shutting down and abandoning module SessionFrontend (692)
[2026.05.08-04.36.04:391][371]LogModuleManager: Shutting down and abandoning module ProfilerClient (690)
[2026.05.08-04.36.04:391][371]LogModuleManager: Shutting down and abandoning module DeviceManager (688)
[2026.05.08-04.36.04:392][371]LogModuleManager: Shutting down and abandoning module TargetDeviceServices (687)
[2026.05.08-04.36.04:424][371]LogModuleManager: Shutting down and abandoning module AutomationController (684)
[2026.05.08-04.36.04:425][371]LogModuleManager: Shutting down and abandoning module AutomationWindow (682)
[2026.05.08-04.36.04:426][371]LogModuleManager: Shutting down and abandoning module Layers (680)
[2026.05.08-04.36.04:427][371]LogModuleManager: Shutting down and abandoning module ComponentVisualizers (678)
[2026.05.08-04.36.04:427][371]LogModuleManager: Shutting down and abandoning module DetailCustomizations (676)
[2026.05.08-04.36.04:428][371]LogModuleManager: Shutting down and abandoning module PackagesDialog (674)
[2026.05.08-04.36.04:428][371]LogModuleManager: Shutting down and abandoning module AnimationBlueprintEditor (672)
[2026.05.08-04.36.04:429][371]LogModuleManager: Shutting down and abandoning module Persona (670)
[2026.05.08-04.36.04:430][371]LogModuleManager: Shutting down and abandoning module AdvancedPreviewScene (669)
[2026.05.08-04.36.04:430][371]LogModuleManager: Shutting down and abandoning module AnimGraph (667)
[2026.05.08-04.36.04:431][371]LogModuleManager: Shutting down and abandoning module Kismet (664)
[2026.05.08-04.36.04:433][371]LogModuleManager: Shutting down and abandoning module KismetWidgets (663)
[2026.05.08-04.36.04:433][371]LogModuleManager: Shutting down and abandoning module GraphEditor (660)
[2026.05.08-04.36.04:435][371]LogModuleManager: Shutting down and abandoning module StructViewer (658)
[2026.05.08-04.36.04:436][371]LogModuleManager: Shutting down and abandoning module ClassViewer (656)
[2026.05.08-04.36.04:442][371]LogModuleManager: Shutting down and abandoning module Toolbox (654)
[2026.05.08-04.36.04:443][371]LogModuleManager: Shutting down and abandoning module ModuleUI (652)
[2026.05.08-04.36.04:443][371]LogModuleManager: Shutting down and abandoning module OutputLog (650)
[2026.05.08-04.36.04:446][371]LogModuleManager: Shutting down and abandoning module GammaUI (648)
[2026.05.08-04.36.04:446][371]LogModuleManager: Shutting down and abandoning module Documentation (646)
[2026.05.08-04.36.04:446][371]LogModuleManager: Shutting down and abandoning module LiveCoding (644)
[2026.05.08-04.36.04:447][371]LogModuleManager: Shutting down and abandoning module LevelSequence (642)
[2026.05.08-04.36.04:447][371]LogModuleManager: Shutting down and abandoning module MovieSceneTracks (640)
[2026.05.08-04.36.04:448][371]LogModuleManager: Shutting down and abandoning module MovieScene (638)
[2026.05.08-04.36.04:449][371]LogModuleManager: Shutting down and abandoning module StreamingPauseRendering (636)
[2026.05.08-04.36.04:449][371]LogModuleManager: Shutting down and abandoning module LauncherPlatform (634)
[2026.05.08-04.36.04:449][371]LogModuleManager: Shutting down and abandoning module AnalyticsET (632)
[2026.05.08-04.36.04:449][371]LogModuleManager: Shutting down and abandoning module PortalServices (630)
[2026.05.08-04.36.04:449][371]LogModuleManager: Shutting down and abandoning module PortalRpc (628)
[2026.05.08-04.36.04:449][371]LogModuleManager: Shutting down and abandoning module MessagingRpc (626)
[2026.05.08-04.36.04:449][371]LogModuleManager: Shutting down and abandoning module AudioMixerXAudio2 (624)
[2026.05.08-04.36.04:449][371]LogModuleManager: Shutting down and abandoning module AudioMixerCore (623)
[2026.05.08-04.36.04:449][371]LogModuleManager: Shutting down and abandoning module AIModule (620)
[2026.05.08-04.36.04:450][371]LogModuleManager: Shutting down and abandoning module GameplayDebugger (619)
[2026.05.08-04.36.04:450][371]LogModuleManager: Shutting down and abandoning module AITestSuite (617)
[2026.05.08-04.36.04:450][371]LogModuleManager: Shutting down and abandoning module NavigationSystem (615)
[2026.05.08-04.36.04:450][371]LogModuleManager: Shutting down and abandoning module ImageWriteQueue (612)
[2026.05.08-04.36.04:456][371]LogModuleManager: Shutting down and abandoning module ProfilerService (610)
[2026.05.08-04.36.04:563][371]LogModuleManager: Shutting down and abandoning module TaskGraph (608)
[2026.05.08-04.36.04:565][371]LogModuleManager: Shutting down and abandoning module AudioSynesthesiaEditor (606)
[2026.05.08-04.36.04:565][371]LogModuleManager: Shutting down and abandoning module OculusEditor (604)
[2026.05.08-04.36.04:568][371]LogModuleManager: Shutting down and abandoning module OculusInput (602)
[2026.05.08-04.36.04:568][371]LogModuleManager: Shutting down and abandoning module ContentBrowserClassDataSource (600)
[2026.05.08-04.36.04:568][371]LogModuleManager: Shutting down and abandoning module ContentBrowserFileDataSource (598)
[2026.05.08-04.36.04:568][371]LogModuleManager: Shutting down and abandoning module ContentBrowserAssetDataSource (596)
[2026.05.08-04.36.04:568][371]LogModuleManager: Shutting down and abandoning module CollectionManager (595)
[2026.05.08-04.36.04:569][371]LogModuleManager: Shutting down and abandoning module SynthesisEditor (592)
[2026.05.08-04.36.04:569][371]LogModuleManager: Shutting down and abandoning module Synthesis (590)
[2026.05.08-04.36.04:571][371]LogModuleManager: Shutting down and abandoning module ProceduralMeshComponentEditor (588)
[2026.05.08-04.36.04:571][371]LogModuleManager: Shutting down and abandoning module ProceduralMeshComponent (586)
[2026.05.08-04.36.04:571][371]LogModuleManager: Shutting down and abandoning module TakeSequencer (584)
[2026.05.08-04.36.04:571][371]LogModuleManager: Shutting down and abandoning module TakeMovieScene (582)
[2026.05.08-04.36.04:571][371]LogModuleManager: Shutting down and abandoning module OpenXREditor (580)
[2026.05.08-04.36.04:571][371]LogModuleManager: Shutting down and abandoning module MobilePatchingUtils (578)
[2026.05.08-04.36.04:571][371]LogModuleManager: Shutting down and abandoning module ScreenshotTools (576)
[2026.05.08-04.36.04:571][371]LogModuleManager: Shutting down and abandoning module GooglePAD (574)
[2026.05.08-04.36.04:571][371]LogModuleManager: Shutting down and abandoning module EditableMesh (572)
[2026.05.08-04.36.04:571][371]LogModuleManager: Shutting down and abandoning module CustomMeshComponent (570)
[2026.05.08-04.36.04:571][371]LogModuleManager: Shutting down and abandoning module AssetTags (568)
[2026.05.08-04.36.04:571][371]LogModuleManager: Shutting down and abandoning module CableComponent (566)
[2026.05.08-04.36.04:571][371]LogModuleManager: Shutting down and abandoning module AudioCapture (564)
[2026.05.08-04.36.04:571][371]LogModuleManager: Shutting down and abandoning module AudioCaptureRtAudio (563)
[2026.05.08-04.36.04:573][371]LogModuleManager: Shutting down and abandoning module ArchVisCharacter (560)
[2026.05.08-04.36.04:573][371]LogModuleManager: Shutting down and abandoning module AppleImageUtilsBlueprintSupport (558)
[2026.05.08-04.36.04:573][371]LogModuleManager: Shutting down and abandoning module AppleImageUtils (556)
[2026.05.08-04.36.04:573][371]LogModuleManager: Shutting down and abandoning module AndroidPermission (554)
[2026.05.08-04.36.04:573][371]LogModuleManager: Shutting down and abandoning module ActorLayerUtilitiesEditor (552)
[2026.05.08-04.36.04:573][371]LogModuleManager: Shutting down and abandoning module ActorLayerUtilities (550)
[2026.05.08-04.36.04:573][371]LogModuleManager: Shutting down and abandoning module TemplateSequence (548)
[2026.05.08-04.36.04:573][371]LogModuleManager: Shutting down and abandoning module MediaCompositing (546)
[2026.05.08-04.36.04:573][371]LogModuleManager: Shutting down and abandoning module ImgMedia (544)
[2026.05.08-04.36.04:573][371]LogModuleManager: Shutting down and abandoning module OpenImageDenoise (542)
[2026.05.08-04.36.04:573][371]LogOpenImageDenoise: OIDN shutting down
[2026.05.08-04.36.04:573][371]LogModuleManager: Shutting down and abandoning module MotoSynthEditor (540)
[2026.05.08-04.36.04:573][371]LogModuleManager: Shutting down and abandoning module MotoSynth (538)
[2026.05.08-04.36.04:573][371]LogModuleManager: Shutting down and abandoning module MagicLeapSharedWorld (536)
[2026.05.08-04.36.04:573][371]LogModuleManager: Shutting down and abandoning module MagicLeapLightEstimation (534)
[2026.05.08-04.36.04:573][371]LogModuleManager: Shutting down and abandoning module ChaosClothEditor (532)
[2026.05.08-04.36.04:573][371]LogModuleManager: Shutting down and abandoning module MeshConversion (530)
[2026.05.08-04.36.04:573][371]LogModuleManager: Shutting down and abandoning module DynamicMesh (528)
[2026.05.08-04.36.04:573][371]LogModuleManager: Shutting down and abandoning module GeometryAlgorithms (526)
[2026.05.08-04.36.04:573][371]LogModuleManager: Shutting down and abandoning module GeometricObjects (524)
[2026.05.08-04.36.04:575][371]LogModuleManager: Shutting down and abandoning module MagicLeapHelperVulkan (522)
[2026.05.08-04.36.04:575][371]LogModuleManager: Shutting down and abandoning module MagicLeapHelperOpenGL (520)
[2026.05.08-04.36.04:575][371]LogModuleManager: Shutting down and abandoning module MagicLeapAudio (518)
[2026.05.08-04.36.04:575][371]LogModuleManager: Shutting down and abandoning module NiagaraEditorWidgets (516)
[2026.05.08-04.36.04:577][371]LogModuleManager: Shutting down and abandoning module GeometryCollectionTracks (514)
[2026.05.08-04.36.04:577][371]LogModuleManager: Shutting down and abandoning module GeometryCollectionSequencer (513)
[2026.05.08-04.36.04:577][371]LogModuleManager: Shutting down and abandoning module GeometryCollectionEditor (510)
[2026.05.08-04.36.04:577][371]LogModuleManager: Shutting down and abandoning module GeometryCacheTracks (508)
[2026.05.08-04.36.04:577][371]LogModuleManager: Shutting down and abandoning module GeometryCacheStreamer (506)
[2026.05.08-04.36.04:577][371]LogModuleManager: Shutting down and abandoning module GeometryCacheSequencer (504)
[2026.05.08-04.36.04:577][371]LogModuleManager: Shutting down and abandoning module ChaosNiagara (502)
[2026.05.08-04.36.04:577][371]LogModuleManager: Shutting down and abandoning module ChaosSolverEditor (500)
[2026.05.08-04.36.04:577][371]LogModuleManager: Shutting down and abandoning module FractureEditor (498)
[2026.05.08-04.36.04:578][371]LogModuleManager: Shutting down and abandoning module FieldSystemEngine (497)
[2026.05.08-04.36.04:578][371]LogModuleManager: Shutting down and abandoning module BackChannel (494)
[2026.05.08-04.36.04:578][371]LogModuleManager: Shutting down and abandoning module AutomationUtilsEditor (492)
[2026.05.08-04.36.04:578][371]LogModuleManager: Shutting down and abandoning module AutomationUtils (490)
[2026.05.08-04.36.04:578][371]LogModuleManager: Shutting down and abandoning module AlembicImporter (488)
[2026.05.08-04.36.04:578][371]LogModuleManager: Shutting down and abandoning module AlembicLibrary (487)
[2026.05.08-04.36.04:578][371]LogModuleManager: Shutting down and abandoning module GeometryCache (486)
[2026.05.08-04.36.04:578][371]LogModuleManager: Shutting down and abandoning module GeometryCacheEd (485)
[2026.05.08-04.36.04:578][371]LogModuleManager: Shutting down and abandoning module OodleNetworkHandlerComponent (480)
[2026.05.08-04.36.04:578][371]LogModuleManager: Shutting down and abandoning module VisualStudioCodeSourceCodeAccess (478)
[2026.05.08-04.36.04:578][371]LogModuleManager: Shutting down and abandoning module VisualStudioSourceCodeAccess (476)
[2026.05.08-04.36.04:578][371]LogModuleManager: Shutting down and abandoning module UObjectPlugin (474)
[2026.05.08-04.36.04:578][371]LogModuleManager: Shutting down and abandoning module SubversionSourceControl (472)
[2026.05.08-04.36.04:579][371]LogModuleManager: Shutting down and abandoning module RiderSourceCodeAccess (470)
[2026.05.08-04.36.04:579][371]LogModuleManager: Shutting down and abandoning module PluginUtils (468)
[2026.05.08-04.36.04:580][371]LogModuleManager: Shutting down and abandoning module PlasticSourceControl (466)
[2026.05.08-04.36.04:581][371]LogModuleManager: Shutting down and abandoning module PerforceSourceControl (464)
[2026.05.08-04.36.04:582][371]LogModuleManager: Shutting down and abandoning module GitSourceControl (462)
[2026.05.08-04.36.04:583][371]LogModuleManager: Shutting down and abandoning module SourceControl (461)
[2026.05.08-04.36.04:584][371]LogModuleManager: Shutting down and abandoning module CLionSourceCodeAccess (458)
[2026.05.08-04.36.04:584][371]LogModuleManager: Shutting down and abandoning module VariantManagerContentEditor (456)
[2026.05.08-04.36.04:585][371]LogModuleManager: Shutting down and abandoning module AnimationSharingEd (454)
[2026.05.08-04.36.04:585][371]LogModuleManager: Shutting down and abandoning module DatasmithContentEditor (452)
[2026.05.08-04.36.04:585][371]LogModuleManager: Shutting down and abandoning module MaterialAnalyzer (450)
[2026.05.08-04.36.04:586][371]LogModuleManager: Shutting down and abandoning module SpeedTreeImporter (448)
[2026.05.08-04.36.04:586][371]LogModuleManager: Shutting down and abandoning module PluginBrowser (446)
[2026.05.08-04.36.04:588][371]LogModuleManager: Shutting down and abandoning module MobileLauncherProfileWizard (444)
[2026.05.08-04.36.04:588][371]LogModuleManager: Shutting down and abandoning module CurveEditorTools (442)
[2026.05.08-04.36.04:589][371]LogModuleManager: Shutting down and abandoning module CryptoKeysOpenSSL (440)
[2026.05.08-04.36.04:589][371]LogModuleManager: Shutting down and abandoning module CryptoKeys (438)
[2026.05.08-04.36.04:589][371]LogModuleManager: Shutting down and abandoning module LightPropagationVolumeEditor (436)
[2026.05.08-04.36.04:589][371]LogModuleManager: Shutting down and abandoning module LiveLinkSequencer (434)
[2026.05.08-04.36.04:589][371]LogModuleManager: Shutting down and abandoning module LiveLinkMovieScene (432)
[2026.05.08-04.36.04:589][371]LogModuleManager: Shutting down and abandoning module LiveLinkGraphNode (430)
[2026.05.08-04.36.04:589][371]LogModuleManager: Shutting down and abandoning module LiveLinkEditor (428)
[2026.05.08-04.36.04:590][371]LogModuleManager: Shutting down and abandoning module LiveLinkComponents (426)
[2026.05.08-04.36.04:590][371]LogModuleManager: Shutting down and abandoning module LiveLink (424)
[2026.05.08-04.36.04:857][371]LogModuleManager: Shutting down and abandoning module PaperTiledImporter (422)
[2026.05.08-04.36.04:857][371]LogModuleManager: Shutting down and abandoning module PaperSpriteSheetImporter (420)
[2026.05.08-04.36.04:859][371]LogModuleManager: Shutting down and abandoning module Paper2DEditor (418)
[2026.05.08-04.36.04:860][371]LogModuleManager: Shutting down and abandoning module MeshPaintingToolset (416)
[2026.05.08-04.36.04:860][371]LogModuleManager: Shutting down and abandoning module MeshPaintEditorMode (414)
[2026.05.08-04.36.04:861][371]LogModuleManager: Shutting down and abandoning module SoundFields (410)
[2026.05.08-04.36.04:861][371]LogModuleManager: Shutting down and abandoning module SignificanceManager (408)
[2026.05.08-04.36.04:861][371]LogModuleManager: Shutting down and abandoning module RuntimePhysXCooking (406)
[2026.05.08-04.36.04:861][371]LogModuleManager: Shutting down and abandoning module PropertyAccessEditor (404)
[2026.05.08-04.36.04:862][371]LogModuleManager: Shutting down and abandoning module PhysXVehiclesEditor (402)
[2026.05.08-04.36.04:862][371]LogModuleManager: Shutting down and abandoning module LocationServicesBPLibrary (398)
[2026.05.08-04.36.04:862][371]LogModuleManager: Shutting down and abandoning module AudioSynesthesia (396)
[2026.05.08-04.36.04:862][371]LogModuleManager: Shutting down and abandoning module AudioSynesthesiaCore (394)
[2026.05.08-04.36.04:862][371]LogModuleManager: Shutting down and abandoning module ActorSequence (392)
[2026.05.08-04.36.04:862][371]LogModuleManager: Shutting down and abandoning module ImgMediaEngine (390)
[2026.05.08-04.36.04:862][371]LogModuleManager: Shutting down and abandoning module PythonScriptPlugin (388)
[2026.05.08-04.36.04:862][371]LogModuleManager: Shutting down and abandoning module UdpMessaging (386)
[2026.05.08-04.36.04:963][371]LogModuleManager: Shutting down and abandoning module TcpMessaging (384)
[2026.05.08-04.36.05:064][371]LogModuleManager: Shutting down and abandoning module MagicLeapARPin (382)
[2026.05.08-04.36.05:064][371]LogModuleManager: Shutting down and abandoning module MagicLeapHandMeshing (380)
[2026.05.08-04.36.05:065][371]LogModuleManager: Shutting down and abandoning module MagicLeapSecureStorage (378)
[2026.05.08-04.36.05:065][371]LogModuleManager: Shutting down and abandoning module MagicLeapPrivileges (376)
[2026.05.08-04.36.05:065][371]LogModuleManager: Shutting down and abandoning module MagicLeapPlanes (374)
[2026.05.08-04.36.05:065][371]LogMagicLeapPlanes: Planes tracker already destroyed.
[2026.05.08-04.36.05:065][371]LogModuleManager: Shutting down and abandoning module MagicLeapImageTracker (372)
[2026.05.08-04.36.05:065][371]LogModuleManager: Shutting down and abandoning module MagicLeapIdentity (370)
[2026.05.08-04.36.05:065][371]LogModuleManager: Shutting down and abandoning module MagicLeapHandTracking (368)
[2026.05.08-04.36.05:066][371]LogModuleManager: Shutting down and abandoning module MagicLeapEyeTracker (366)
[2026.05.08-04.36.05:066][371]LogModuleManager: Shutting down and abandoning module MagicLeapController (364)
[2026.05.08-04.36.05:066][371]LogModuleManager: Shutting down and abandoning module MagicLeapARPinImpl (362)
[2026.05.08-04.36.05:066][371]LogModuleManager: Shutting down and abandoning module MagicLeapAR (360)
[2026.05.08-04.36.05:066][371]LogModuleManager: Shutting down and abandoning module NiagaraAnimNotifies (358)
[2026.05.08-04.36.05:066][371]LogModuleManager: Shutting down and abandoning module Niagara (356)
[2026.05.08-04.36.05:068][371]LogModuleManager: Shutting down and abandoning module SignalProcessing (355)
[2026.05.08-04.36.05:068][371]LogModuleManager: Shutting down and abandoning module NiagaraEditor (353)
[2026.05.08-04.36.05:069][371]LogModuleManager: Shutting down and abandoning module NiagaraCore (350)
[2026.05.08-04.36.05:069][371]LogModuleManager: Shutting down and abandoning module PropertyAccessNode (348)
[2026.05.08-04.36.05:069][371]LogModuleManager: Shutting down and abandoning module AnimationSharing (346)
[2026.05.08-04.36.05:070][371]LogModuleManager: Shutting down and abandoning module GameplayTagsEditor (344)
[2026.05.08-04.36.05:070][371]LogModuleManager: Shutting down and abandoning module FacialAnimationEditor (342)
[2026.05.08-04.36.05:070][371]LogModuleManager: Shutting down and abandoning module FacialAnimation (340)
[2026.05.08-04.36.05:070][371]LogModuleManager: Shutting down and abandoning module DataValidation (338)
[2026.05.08-04.36.05:070][371]LogModuleManager: Shutting down and abandoning module AssetManagerEditor (336)
[2026.05.08-04.36.05:071][371]LogModuleManager: Shutting down and abandoning module LevelEditor (335)
[2026.05.08-04.36.05:077][371]LogModuleManager: Shutting down and abandoning module PixelInspectorModule (334)
[2026.05.08-04.36.05:078][371]LogModuleManager: Shutting down and abandoning module CommonMenuExtensions (332)
[2026.05.08-04.36.05:078][371]LogModuleManager: Shutting down and abandoning module MainFrame (330)
[2026.05.08-04.36.05:079][371]LogModuleManager: Shutting down and abandoning module HotReload (329)
[2026.05.08-04.36.05:079][371]LogModuleManager: Shutting down and abandoning module ToolMenus (325)
[2026.05.08-04.36.05:079][371]LogModuleManager: Shutting down and abandoning module ContentBrowser (323)
[2026.05.08-04.36.05:079][371]LogModuleManager: Shutting down and abandoning module ContentBrowserData (322)
[2026.05.08-04.36.05:079][371]LogModuleManager: Shutting down and abandoning module TreeMap (319)
[2026.05.08-04.36.05:081][371]LogModuleManager: Shutting down and abandoning module GameplayCameras (316)
[2026.05.08-04.36.05:081][371]LogModuleManager: Shutting down and abandoning module EnvironmentQueryEditor (314)
[2026.05.08-04.36.05:082][371]LogModuleManager: Shutting down and abandoning module LightPropagationVolumeRuntime (312)
[2026.05.08-04.36.05:082][371]LogModuleManager: Shutting down and abandoning module Paper2D (310)
[2026.05.08-04.36.05:082][371]LogModuleManager: Shutting down and abandoning module WindowsMoviePlayer (308)
[2026.05.08-04.36.05:100][371]LogModuleManager: Shutting down and abandoning module WebMMoviePlayer (306)
[2026.05.08-04.36.05:101][371]LogModuleManager: Shutting down and abandoning module NetworkReplayStreaming (304)
[2026.05.08-04.36.05:101][371]LogModuleManager: Shutting down and abandoning module PacketHandler (302)
[2026.05.08-04.36.05:101][371]LogModuleManager: Shutting down and abandoning module ClothingSystemEditor (300)
[2026.05.08-04.36.05:101][371]LogModuleManager: Shutting down and abandoning module ClothingSystemRuntimeNv (298)
[2026.05.08-04.36.05:102][371]LogModuleManager: Shutting down and abandoning module MediaAssets (296)
[2026.05.08-04.36.05:102][371]LogModuleManager: Shutting down and abandoning module Overlay (294)
[2026.05.08-04.36.05:102][371]LogModuleManager: Shutting down and abandoning module OverlayEditor (293)
[2026.05.08-04.36.05:102][371]LogModuleManager: Shutting down and abandoning module VREditor (290)
[2026.05.08-04.36.05:103][371]LogModuleManager: Shutting down and abandoning module StringTableEditor (288)
[2026.05.08-04.36.05:104][371]LogModuleManager: Shutting down and abandoning module GameplayTasksEditor (286)
[2026.05.08-04.36.05:104][371]LogModuleManager: Shutting down and abandoning module BehaviorTreeEditor (284)
[2026.05.08-04.36.05:105][371]LogModuleManager: Shutting down and abandoning module FunctionalTesting (282)
[2026.05.08-04.36.05:105][371]LogModuleManager: Shutting down and abandoning module CollisionAnalyzer (280)
[2026.05.08-04.36.05:106][371]LogModuleManager: Shutting down and abandoning module WorkspaceMenuStructure (279)
[2026.05.08-04.36.05:108][371]LogModuleManager: Shutting down and abandoning module UMG (276)
[2026.05.08-04.36.05:108][371]LogModuleManager: Shutting down and abandoning module UMGEditor (275)
[2026.05.08-04.36.05:110][371]LogModuleManager: Shutting down and abandoning module MessageLog (273)
[2026.05.08-04.36.05:110][371]LogModuleManager: Shutting down and abandoning module SlateReflector (268)
[2026.05.08-04.36.05:113][371]LogModuleManager: Shutting down and abandoning module Slate (266)
[2026.05.08-04.36.05:113][371]LogModuleManager: Shutting down and abandoning module SlateCore (264)
[2026.05.08-04.36.05:114][371]LogModuleManager: Shutting down and abandoning module LandscapeEditorUtilities (262)
[2026.05.08-04.36.05:114][371]LogModuleManager: Shutting down and abandoning module UnrealEd (260)
[2026.05.08-04.36.05:115][371]LogModuleManager: Shutting down and abandoning module MRMesh (258)
[2026.05.08-04.36.05:115][371]LogModuleManager: Shutting down and abandoning module SourceCodeAccess (256)
[2026.05.08-04.36.05:115][371]LogModuleManager: Shutting down and abandoning module HeadMountedDisplay (254)
[2026.05.08-04.36.05:115][371]LogModuleManager: Shutting down and abandoning module XAudio2 (252)
[2026.05.08-04.36.05:115][371]LogModuleManager: Shutting down and abandoning module Networking (250)
[2026.05.08-04.36.05:115][371]LogModuleManager: Shutting down and abandoning module Core (248)
[2026.05.08-04.36.05:115][371]LogModuleManager: Shutting down and abandoning module MaterialEditor (246)
[2026.05.08-04.36.05:115][371]LogModuleManager: Shutting down and abandoning module MovieSceneTools (244)
[2026.05.08-04.36.05:117][371]LogModuleManager: Shutting down and abandoning module CurveEditor (243)
[2026.05.08-04.36.05:118][371]LogModuleManager: Shutting down and abandoning module Sequencer (241)
[2026.05.08-04.36.05:119][371]LogModuleManager: Shutting down and abandoning module EditorStyle (240)
[2026.05.08-04.36.05:124][371]LogModuleManager: Shutting down and abandoning module KismetCompiler (236)
[2026.05.08-04.36.05:124][371]LogModuleManager: Shutting down and abandoning module MeshBuilder (234)
[2026.05.08-04.36.05:125][371]LogModuleManager: Shutting down and abandoning module MeshUtilities (232)
[2026.05.08-04.36.05:125][371]LogModuleManager: Shutting down and abandoning module MeshMergeUtilities (231)
[2026.05.08-04.36.05:126][371]LogModuleManager: Shutting down and abandoning module MeshReductionInterface (230)
[2026.05.08-04.36.05:126][371]LogModuleManager: Shutting down and abandoning module MeshBoneReduction (229)
[2026.05.08-04.36.05:126][371]LogModuleManager: Shutting down and abandoning module SkeletalMeshReduction (227)
[2026.05.08-04.36.05:126][371]LogModuleManager: Shutting down and abandoning module ProxyLODMeshReduction (225)
[2026.05.08-04.36.05:128][371]LogModuleManager: Shutting down and abandoning module QuadricMeshReduction (223)
[2026.05.08-04.36.05:129][371]LogModuleManager: Shutting down and abandoning module MaterialBaking (219)
[2026.05.08-04.36.05:129][371]LogModuleManager: Shutting down and abandoning module NullInstallBundleManager (214)
[2026.05.08-04.36.05:129][371]LogModuleManager: Shutting down and abandoning module DerivedDataCache (212)
[2026.05.08-04.36.05:129][371]LogModuleManager: Shutting down and abandoning module TargetPlatform (210)
[2026.05.08-04.36.05:131][371]LogModuleManager: Shutting down and abandoning module VulkanShaderFormat (209)
[2026.05.08-04.36.05:133][371]LogModuleManager: Shutting down and abandoning module ShaderFormatVectorVM (207)
[2026.05.08-04.36.05:133][371]LogModuleManager: Shutting down and abandoning module ShaderFormatOpenGL (205)
[2026.05.08-04.36.05:134][371]LogModuleManager: Shutting down and abandoning module ShaderFormatD3D (203)
[2026.05.08-04.36.05:134][371]LogModuleManager: Shutting down and abandoning module MetalShaderFormat (201)
[2026.05.08-04.36.05:135][371]LogModuleManager: Shutting down and abandoning module TextureFormatOodle (199)
[2026.05.08-04.36.05:135][371]LogModuleManager: Shutting down and abandoning module TextureFormatUncompressed (197)
[2026.05.08-04.36.05:135][371]LogModuleManager: Shutting down and abandoning module TextureFormatPVR (195)
[2026.05.08-04.36.05:135][371]LogModuleManager: Shutting down and abandoning module TextureFormatETC2 (193)
[2026.05.08-04.36.05:135][371]LogModuleManager: Shutting down and abandoning module TextureFormatDXT (191)
[2026.05.08-04.36.05:135][371]LogModuleManager: Shutting down and abandoning module TextureFormatIntelISPCTexComp (189)
[2026.05.08-04.36.05:136][371]LogModuleManager: Shutting down and abandoning module TextureFormatASTC (187)
[2026.05.08-04.36.05:136][371]LogModuleManager: Shutting down and abandoning module ImageWrapper (186)
[2026.05.08-04.36.05:136][371]LogModuleManager: Shutting down and abandoning module AudioFormatOpus (183)
[2026.05.08-04.36.05:137][371]LogModuleManager: Shutting down and abandoning module AudioFormatOgg (181)
[2026.05.08-04.36.05:137][371]LogModuleManager: Shutting down and abandoning module AudioFormatADPCM (179)
[2026.05.08-04.36.05:137][371]LogModuleManager: Shutting down and abandoning module WindowsServerTargetPlatform (177)
[2026.05.08-04.36.05:137][371]LogModuleManager: Shutting down and abandoning module WindowsClientTargetPlatform (175)
[2026.05.08-04.36.05:138][371]LogModuleManager: Shutting down and abandoning module WindowsTargetPlatform (173)
[2026.05.08-04.36.05:138][371]LogModuleManager: Shutting down and abandoning module WindowsNoEditorTargetPlatform (171)
[2026.05.08-04.36.05:138][371]LogModuleManager: Shutting down and abandoning module TVOSTargetPlatform (169)
[2026.05.08-04.36.05:151][371]LogModuleManager: Shutting down and abandoning module MacServerTargetPlatform (167)
[2026.05.08-04.36.05:151][371]LogModuleManager: Shutting down and abandoning module MacClientTargetPlatform (165)
[2026.05.08-04.36.05:152][371]LogModuleManager: Shutting down and abandoning module MacTargetPlatform (163)
[2026.05.08-04.36.05:152][371]LogModuleManager: Shutting down and abandoning module MacNoEditorTargetPlatform (161)
[2026.05.08-04.36.05:152][371]LogModuleManager: Shutting down and abandoning module LuminTargetPlatform (159)
[2026.05.08-04.36.05:169][371]LogModuleManager: Shutting down and abandoning module LinuxAArch64ServerTargetPlatform (157)
[2026.05.08-04.36.05:169][371]LogModuleManager: Shutting down and abandoning module LinuxAArch64ClientTargetPlatform (155)
[2026.05.08-04.36.05:169][371]LogModuleManager: Shutting down and abandoning module LinuxAArch64NoEditorTargetPlatform (153)
[2026.05.08-04.36.05:169][371]LogModuleManager: Shutting down and abandoning module LinuxServerTargetPlatform (151)
[2026.05.08-04.36.05:170][371]LogModuleManager: Shutting down and abandoning module LinuxClientTargetPlatform (149)
[2026.05.08-04.36.05:170][371]LogModuleManager: Shutting down and abandoning module LinuxNoEditorTargetPlatform (147)
[2026.05.08-04.36.05:170][371]LogModuleManager: Shutting down and abandoning module LinuxTargetPlatform (145)
[2026.05.08-04.36.05:170][371]LogModuleManager: Shutting down and abandoning module Messaging (143)
[2026.05.08-04.36.05:170][371]LogModuleManager: Shutting down and abandoning module IOSTargetPlatform (141)
[2026.05.08-04.36.05:176][371]LogModuleManager: Shutting down and abandoning module AndroidTargetPlatform (139)
[2026.05.08-04.36.05:198][371]LogModuleManager: Shutting down and abandoning module AllDesktopTargetPlatform (137)
[2026.05.08-04.36.05:198][371]LogModuleManager: Shutting down and abandoning module D3D11RHI (134)
[2026.05.08-04.36.05:198][371]LogModuleManager: Shutting down and abandoning module InputCore (132)
[2026.05.08-04.36.05:198][371]LogModuleManager: Shutting down and abandoning module Settings (130)
[2026.05.08-04.36.05:198][371]LogModuleManager: Shutting down and abandoning module DirectoryWatcher (128)
[2026.05.08-04.36.05:199][371]LogModuleManager: Shutting down and abandoning module PhysXCooking (126)
[2026.05.08-04.36.05:199][371]LogModuleManager: Shutting down and abandoning module Chaos (124)
[2026.05.08-04.36.05:200][371]LogModuleManager: Shutting down and abandoning module WindowsPlatformFeatures (122)
[2026.05.08-04.36.05:200][371]LogModuleManager: Shutting down and abandoning module GameplayMediaEncoder (121)
[2026.05.08-04.36.05:200][371]LogModuleManager: Shutting down and abandoning module AVEncoder (120)
[2026.05.08-04.36.05:200][371]LogModuleManager: Shutting down and abandoning module SteamVRInputDevice (116)
[2026.05.08-04.36.05:201][371]LogModuleManager: Shutting down and abandoning module SteamVRInput (114)
[2026.05.08-04.36.05:201][371]LogModuleManager: Shutting down and abandoning module SteamVR (112)
[2026.05.08-04.36.05:201][371]LogHMD: Freeing OpenVRDLLHandle.
[2026.05.08-04.36.05:201][371]LogModuleManager: Shutting down and abandoning module OculusHMD (110)
[2026.05.08-04.36.05:201][371]LogModuleManager: Shutting down and abandoning module OpenXRHandTracking (108)
[2026.05.08-04.36.05:202][371]LogSlate: Slate User Destroyed.  User Index 0, Is Virtual User: 0
[2026.05.08-04.36.05:202][371]LogModuleManager: Shutting down and abandoning module OpenXREyeTracker (106)
[2026.05.08-04.36.05:202][371]LogModuleManager: Shutting down and abandoning module OpenXRAR (104)
[2026.05.08-04.36.05:202][371]LogModuleManager: Shutting down and abandoning module AugmentedReality (103)
[2026.05.08-04.36.05:202][371]LogModuleManager: Shutting down and abandoning module OpenXRHMD (100)
[2026.05.08-04.36.05:207][371]LogModuleManager: Shutting down and abandoning module ExampleDeviceProfileSelector (98)
[2026.05.08-04.36.05:207][371]LogModuleManager: Shutting down and abandoning module ChunkDownloader (96)
[2026.05.08-04.36.05:207][371]LogModuleManager: Shutting down and abandoning module LauncherChunkInstaller (94)
[2026.05.08-04.36.05:207][371]LogModuleManager: Shutting down and abandoning module OnlineBlueprintSupport (92)
[2026.05.08-04.36.05:207][371]LogModuleManager: Shutting down and abandoning module WmfMedia (88)
[2026.05.08-04.36.05:212][371]LogModuleManager: Shutting down and abandoning module Media (87)
[2026.05.08-04.36.05:213][371]LogModuleManager: Shutting down and abandoning module MediaInfo (86)
[2026.05.08-04.36.05:213][371]LogModuleManager: Shutting down and abandoning module ExrReaderGpu (82)
[2026.05.08-04.36.05:214][371]LogModuleManager: Shutting down and abandoning module OnlineSubsystem (80)
[2026.05.08-04.36.05:215][371]LogModuleManager: Shutting down and abandoning module XMPP (75)
[2026.05.08-04.36.05:217][371]LogModuleManager: Shutting down and abandoning module WebSockets (74)
[2026.05.08-04.36.05:228][371]LogModuleManager: Shutting down and abandoning module HTTP (71)
[2026.05.08-04.36.05:228][371]LogHttp: Display: Http module shutting down, but needs to wait on 1 outstanding Http requests:
[2026.05.08-04.36.05:228][371]LogHttp: Display: 	verb=[POST] url=[https://datarouter.ol.epicgames.com/datarouter/api/v1/public/data?SessionID=%7B84BCC64C-473E-994E-F920-1FAC91CAF5A3%7D&AppID=UEEditor.Rocket.Release&AppVersion=4.27.2-18319896%2B%2B%2BUE4%2BRelease-4.27&UserID=d975ae6d41715b51fd3ecba185d3fc09%7C8a858a74adcc4c86aa7ca686176ab5bb%7C90f712fe-2f61-4f5c-8f94-fd0757457318&AppEnvironment=datacollector-binary&UploadType=eteventstream] refs=[1] status=Processing
[2026.05.08-04.36.05:228][371]LogHttp: Display: cleaning up 1 outstanding Http requests.
[2026.05.08-04.36.05:244][371]LogModuleManager: Shutting down and abandoning module SSL (70)
[2026.05.08-04.36.05:253][371]LogModuleManager: Shutting down and abandoning module MLSDK (66)
[2026.05.08-04.36.05:253][371]LogModuleManager: Shutting down and abandoning module MagicLeap (64)
[2026.05.08-04.36.05:253][371]LogModuleManager: Shutting down and abandoning module NiagaraVertexFactories (62)
[2026.05.08-04.36.05:253][371]LogModuleManager: Shutting down and abandoning module NiagaraShader (60)
[2026.05.08-04.36.05:253][371]LogModuleManager: Shutting down and abandoning module ChaosCloth (58)
[2026.05.08-04.36.05:253][371]LogModuleManager: Shutting down and abandoning module PixWinPlugin (56)
[2026.05.08-04.36.05:253][371]LogModuleManager: Shutting down and abandoning module VariantManagerContent (54)
[2026.05.08-04.36.05:253][371]LogModuleManager: Shutting down and abandoning module DatasmithContent (52)
[2026.05.08-04.36.05:254][371]LogModuleManager: Shutting down and abandoning module AISupportModule (50)
[2026.05.08-04.36.05:254][371]LogModuleManager: Shutting down and abandoning module DesktopPlatform (48)
[2026.05.08-04.36.05:255][371]LogModuleManager: Shutting down and abandoning module PythonScriptPluginPreload (46)
[2026.05.08-04.36.05:255][371]LogModuleManager: Shutting down and abandoning module PlatformCryptoOpenSSL (44)
[2026.05.08-04.36.05:255][371]LogModuleManager: Shutting down and abandoning module PlatformCryptoTypes (42)
[2026.05.08-04.36.05:255][371]LogModuleManager: Shutting down and abandoning module PlatformCrypto (40)
[2026.05.08-04.36.05:255][371]LogModuleManager: Shutting down and abandoning module OodleDataCompressionFormat (38)
[2026.05.08-04.36.05:256][371]LogModuleManager: Shutting down and abandoning module XGEController (36)
[2026.05.08-04.36.05:256][371]LogModuleManager: Shutting down and abandoning module AnimationModifiers (34)
[2026.05.08-04.36.05:257][371]LogModuleManager: Shutting down and abandoning module AudioEditor (32)
[2026.05.08-04.36.05:259][371]LogModuleManager: Shutting down and abandoning module PropertyEditor (31)
[2026.05.08-04.36.05:261][371]LogModuleManager: Shutting down and abandoning module TextureCompressor (28)
[2026.05.08-04.36.05:262][371]LogModuleManager: Shutting down and abandoning module RenderCore (26)
[2026.05.08-04.36.05:262][371]LogModuleManager: Shutting down and abandoning module Landscape (24)
[2026.05.08-04.36.05:262][371]LogModuleManager: Shutting down and abandoning module SlateRHIRenderer (22)
[2026.05.08-04.36.05:266][371]LogModuleManager: Shutting down and abandoning module AnimGraphRuntime (20)
[2026.05.08-04.36.05:266][371]LogModuleManager: Shutting down and abandoning module Renderer (18)
[2026.05.08-04.36.05:267][371]LogModuleManager: Shutting down and abandoning module Engine (16)
[2026.05.08-04.36.05:267][371]LogModuleManager: Shutting down and abandoning module CoreUObject (14)
[2026.05.08-04.36.05:267][371]LogModuleManager: Shutting down and abandoning module NetworkFile (12)
[2026.05.08-04.36.05:267][371]LogModuleManager: Shutting down and abandoning module CookedIterativeFile (10)
[2026.05.08-04.36.05:267][371]LogModuleManager: Shutting down and abandoning module StreamingFile (8)
[2026.05.08-04.36.05:267][371]LogModuleManager: Shutting down and abandoning module SandboxFile (6)
[2026.05.08-04.36.05:268][371]LogModuleManager: Shutting down and abandoning module PakFile (4)
[2026.05.08-04.36.05:269][371]LogModuleManager: Shutting down and abandoning module RSA (3)
[2026.05.08-04.36.05:269][371]LogContentStreaming: Display: There are 1 unreleased StreamingManagers
[2026.05.08-04.36.05:299][371]LogD3D11RHI: Shutdown
[2026.05.08-04.36.05:299][371]LogD3D11RHI: CleanupD3DDevice
[2026.05.08-04.36.05:331][371]LogExit: Exiting.
[2026.05.08-04.36.05:345][371]Log file closed, 05/08/26 00:36:05
