Log file open, 05/08/26 11:25:43
LogWindows: Failed to load 'aqProf.dll' (GetLastError=126)
LogWindows: File 'aqProf.dll' does not exist
LogWindows: Failed to load 'VtuneApi.dll' (GetLastError=126)
LogWindows: File 'VtuneApi.dll' does not exist
LogWindows: Failed to load 'VtuneApi32e.dll' (GetLastError=126)
LogWindows: File 'VtuneApi32e.dll' does not exist
LogConsoleResponse: Display: Failed to find resolution value strings in scalability ini. Falling back to default.
LogConsoleResponse: Display: Failed to find resolution value strings in scalability ini. Falling back to default.
LogInit: Display: Running engine for game: Facade
LogPlatformFile: Not using cached read wrapper
LogTaskGraph: Started task graph with 5 named threads and 35 total threads with 3 sets of task threads.
LogStats: Stats thread started at 0.265050
LogICUInternationalization: ICU TimeZone Detection - Raw Offset: -4:00, Platform Override: ''
LogInit: Display: Loading text-based GConfig....
LogPluginManager: Mounting plugin MeshPainting
LogPluginManager: Mounting plugin XGEController
LogPluginManager: Mounting plugin Paper2D
LogPluginManager: Mounting plugin AISupport
LogPluginManager: Mounting plugin EnvironmentQueryEditor
LogPluginManager: Mounting plugin LiveLink
LogPluginManager: Mounting plugin LightPropagationVolume
LogPluginManager: Mounting plugin CameraShakePreviewer
LogPluginManager: Mounting plugin GameplayCameras
LogPluginManager: Mounting plugin OodleData
LogPluginManager: Mounting plugin OodleNetwork
LogPluginManager: Mounting plugin AnimationSharing
LogPluginManager: Mounting plugin CLionSourceCodeAccess
LogPluginManager: Mounting plugin CodeLiteSourceCodeAccess
LogPluginManager: Mounting plugin GitSourceControl
LogPluginManager: Mounting plugin NullSourceCodeAccess
LogPluginManager: Mounting plugin KDevelopSourceCodeAccess
LogPluginManager: Mounting plugin PerforceSourceControl
LogPluginManager: Mounting plugin PixWinPlugin
LogPluginManager: Mounting plugin PropertyAccessNode
LogPluginManager: Mounting plugin PluginUtils
LogPluginManager: Mounting plugin RiderSourceCodeAccess
LogPluginManager: Mounting plugin PlasticSourceControl
LogPluginManager: Mounting plugin SubversionSourceControl
LogPluginManager: Mounting plugin TextureFormatOodle
LogPluginManager: Mounting plugin UObjectPlugin
LogPluginManager: Mounting plugin VisualStudioCodeSourceCodeAccess
LogPluginManager: Mounting plugin VisualStudioSourceCodeAccess
LogPluginManager: Mounting plugin XCodeSourceCodeAccess
LogPluginManager: Mounting plugin Niagara
LogPluginManager: Mounting plugin DatasmithContent
LogPluginManager: Mounting plugin AlembicImporter
LogPluginManager: Mounting plugin VariantManagerContent
LogPluginManager: Mounting plugin AutomationUtils
LogPluginManager: Mounting plugin BackChannel
LogPluginManager: Mounting plugin ChaosCloth
LogPluginManager: Mounting plugin ChaosClothEditor
LogPluginManager: Mounting plugin ChaosEditor
LogPluginManager: Mounting plugin ChaosNiagara
LogPluginManager: Mounting plugin CharacterAI
LogPluginManager: Mounting plugin AssetManagerEditor
LogPluginManager: Mounting plugin CryptoKeys
LogPluginManager: Mounting plugin CurveEditorTools
LogPluginManager: Mounting plugin DataValidation
LogPluginManager: Mounting plugin GeometryMode
LogPluginManager: Mounting plugin MacGraphicsSwitching
LogPluginManager: Mounting plugin GeometryCache
LogPluginManager: Mounting plugin MaterialAnalyzer
LogPluginManager: Mounting plugin PluginBrowser
LogPluginManager: Mounting plugin ChaosSolverPlugin
LogPluginManager: Mounting plugin MobileLauncherProfileWizard
LogPluginManager: Mounting plugin GeometryCollectionPlugin
LogPluginManager: Mounting plugin SpeedTreeImporter
LogPluginManager: Mounting plugin LuminPlatformFeatures
LogPluginManager: Mounting plugin MagicLeap
LogPluginManager: Mounting plugin GeometryProcessing
LogPluginManager: Mounting plugin MagicLeapLightEstimation
LogPluginManager: Mounting plugin MagicLeapMedia
LogPluginManager: Mounting plugin GameplayTagsEditor
LogPluginManager: Mounting plugin MLSDK
LogPluginManager: Mounting plugin MotoSynth
LogPluginManager: Mounting plugin OpenImageDenoise
LogPluginManager: Mounting plugin PlanarCut
LogPluginManager: Mounting plugin PlatformCrypto
LogPluginManager: Mounting plugin ProxyLODPlugin
LogPluginManager: Mounting plugin PythonScriptPlugin
LogPluginManager: Mounting plugin SkeletalReduction
LogPluginManager: Mounting plugin MagicLeapPassableWorld
LogPluginManager: Mounting plugin AndroidMedia
LogPluginManager: Mounting plugin AvfMedia
LogPluginManager: Mounting plugin ImgMedia
LogPluginManager: Mounting plugin MediaCompositing
LogPluginManager: Mounting plugin MediaPlayerEditor
LogPluginManager: Mounting plugin WebMMedia
LogPluginManager: Mounting plugin ActorSequence
LogPluginManager: Mounting plugin WmfMedia
LogPluginManager: Mounting plugin LevelSequenceEditor
LogPluginManager: Mounting plugin TemplateSequence
LogPluginManager: Mounting plugin TcpMessaging
LogPluginManager: Mounting plugin MatineeToLevelSequence
LogPluginManager: Mounting plugin OnlineSubsystem
LogPluginManager: Mounting plugin OnlineSubsystemNull
LogPluginManager: Mounting plugin OnlineSubsystemUtils
LogPluginManager: Mounting plugin LauncherChunkInstaller
LogPluginManager: Mounting plugin ActorLayerUtilities
LogPluginManager: Mounting plugin AndroidMoviePlayer
LogPluginManager: Mounting plugin AndroidPermission
LogPluginManager: Mounting plugin AppleImageUtils
LogPluginManager: Mounting plugin AppleMoviePlayer
LogPluginManager: Mounting plugin ArchVisCharacter
LogPluginManager: Mounting plugin AssetTags
LogPluginManager: Mounting plugin AudioCapture
LogPluginManager: Mounting plugin AudioSynesthesia
LogPluginManager: Mounting plugin CableComponent
LogPluginManager: Mounting plugin ChunkDownloader
LogPluginManager: Mounting plugin EditableMesh
LogPluginManager: Mounting plugin ExampleDeviceProfileSelector
LogPluginManager: Mounting plugin GoogleCloudMessaging
LogPluginManager: Mounting plugin GooglePAD
LogPluginManager: Mounting plugin AndroidDeviceProfileSelector
LogPluginManager: Mounting plugin UdpMessaging
LogPluginManager: Mounting plugin IOSDeviceProfileSelector
LogPluginManager: Mounting plugin LinuxDeviceProfileSelector
LogPluginManager: Mounting plugin LocationServicesBPLibrary
LogPluginManager: Mounting plugin MobilePatchingUtils
LogPluginManager: Mounting plugin OpenXR
LogPluginManager: Mounting plugin OpenXREyeTracker
LogPluginManager: Mounting plugin OpenXRHandTracking
LogPluginManager: Mounting plugin CustomMeshComponent
LogPluginManager: Mounting plugin PhysXVehicles
LogPluginManager: Mounting plugin ScreenshotTools
LogPluginManager: Mounting plugin PostSplashScreen
LogPluginManager: Mounting plugin ProceduralMeshComponent
LogPluginManager: Mounting plugin PropertyAccessEditor
LogPluginManager: Mounting plugin SignificanceManager
LogPluginManager: Mounting plugin RuntimePhysXCooking
LogPluginManager: Mounting plugin SoundFields
LogPluginManager: Mounting plugin Takes
LogPluginManager: Mounting plugin Synthesis
LogPluginManager: Mounting plugin WebMMoviePlayer
LogPluginManager: Mounting plugin WindowsMoviePlayer
LogPluginManager: Mounting plugin FacialAnimation
LogPluginManager: Mounting plugin ContentBrowserAssetDataSource
LogPluginManager: Mounting plugin ContentBrowserClassDataSource
LogPluginManager: Mounting plugin ContentBrowserFileDataSource
LogPluginManager: Mounting plugin OnlineSubsystemGooglePlay
LogPluginManager: Mounting plugin OnlineSubsystemIOS
LogPluginManager: Mounting plugin OculusVR
LogPluginManager: Mounting plugin SteamVR
PixWinPlugin: PIX capture plugin failed to initialize! Check that the process is launched from PIX.
LogInit: Using libcurl 7.55.1-DEV
LogInit:  - built for x86_64-pc-win32
LogInit:  - supports SSL with OpenSSL/1.1.1
LogInit:  - supports HTTP deflate (compression) using libz 1.2.8
LogInit:  - other features:
LogInit:      CURL_VERSION_SSL
LogInit:      CURL_VERSION_LIBZ
LogInit:      CURL_VERSION_IPV6
LogInit:      CURL_VERSION_ASYNCHDNS
LogInit:      CURL_VERSION_LARGEFILE
LogInit:      CURL_VERSION_IDN
LogInit:  CurlRequestOptions (configurable via config and command line):
LogInit:  - bVerifyPeer = true  - Libcurl will verify peer certificate
LogInit:  - bUseHttpProxy = false  - Libcurl will NOT use HTTP proxy
LogInit:  - bDontReuseConnections = false  - Libcurl will reuse connections
LogInit:  - MaxHostConnections = 16  - Libcurl will limit the number of connections to a host
LogInit:  - LocalHostAddr = Default
LogInit:  - BufferSize = 65536
LogOnline: OSS: Creating online subsystem instance for: NULL
LogInit: WinSock: version 1.1 (2.2), MaxSocks=32767, MaxUdp=65467
LogOnline: OSS: TryLoadSubsystemAndSetDefault: Loaded subsystem for module [NULL]
LogOculusPluginWrapper: OculusPlugin initialized successfully
LogHMD: Failed initializing OVRPlugin 1.59.0
LogInit: Build: ++UE4+Release-4.27-CL-18319896
LogInit: Engine Version: 4.27.2-18319896+++UE4+Release-4.27
LogInit: Compatible Engine Version: 4.27.0-17155196+++UE4+Release-4.27
LogInit: Net CL: 17155196
LogInit: OS: Windows 10 (Release 2009) (), CPU: AMD Ryzen 7 7445HS w/ Radeon 740M Graphics     , GPU: AMD Radeon 740M Graphics
LogInit: Compiled (64-bit): Nov 30 2021 07:12:08
LogInit: Compiled with Visual C++: 19.24.28315.00
LogInit: Build Configuration: Development
LogInit: Branch Name: ++UE4+Release-4.27
LogInit: Command Line: 
LogInit: Base Directory: C:/Program Files/Epic Games/UE_4.27/Engine/Binaries/Win64/
LogInit: Allocator: TBB
LogInit: Installed Engine Build: 1
LogDevObjectVersion: Number of dev versions registered: 29
LogDevObjectVersion:   Dev-Blueprints (B0D832E4-1F89-4F0D-ACCF-7EB736FD4AA2): 10
LogDevObjectVersion:   Dev-Build (E1C64328-A22C-4D53-A36C-8E866417BD8C): 0
LogDevObjectVersion:   Dev-Core (375EC13C-06E4-48FB-B500-84F0262A717E): 4
LogDevObjectVersion:   Dev-Editor (E4B068ED-F494-42E9-A231-DA0B2E46BB41): 40
LogDevObjectVersion:   Dev-Framework (CFFC743F-43B0-4480-9391-14DF171D2073): 37
LogDevObjectVersion:   Dev-Mobile (B02B49B5-BB20-44E9-A304-32B752E40360): 3
LogDevObjectVersion:   Dev-Networking (A4E4105C-59A1-49B5-A7C5-40C4547EDFEE): 0
LogDevObjectVersion:   Dev-Online (39C831C9-5AE6-47DC-9A44-9C173E1C8E7C): 0
LogDevObjectVersion:   Dev-Physics (78F01B33-EBEA-4F98-B9B4-84EACCB95AA2): 14
LogDevObjectVersion:   Dev-Platform (6631380F-2D4D-43E0-8009-CF276956A95A): 0
LogDevObjectVersion:   Dev-Rendering (12F88B9F-8875-4AFC-A67C-D90C383ABD29): 45
LogDevObjectVersion:   Dev-Sequencer (7B5AE74C-D270-4C10-A958-57980B212A5A): 13
LogDevObjectVersion:   Dev-VR (D7296918-1DD6-4BDD-9DE2-64A83CC13884): 3
LogDevObjectVersion:   Dev-LoadTimes (C2A15278-BFE7-4AFE-6C17-90FF531DF755): 1
LogDevObjectVersion:   Private-Geometry (6EACA3D4-40EC-4CC1-B786-8BED09428FC5): 3
LogDevObjectVersion:   Dev-AnimPhys (29E575DD-E0A3-4627-9D10-D276232CDCEA): 17
LogDevObjectVersion:   Dev-Anim (AF43A65D-7FD3-4947-9873-3E8ED9C1BB05): 15
LogDevObjectVersion:   Dev-ReflectionCapture (6B266CEC-1EC7-4B8F-A30B-E4D90942FC07): 1
LogDevObjectVersion:   Dev-Automation (0DF73D61-A23F-47EA-B727-89E90C41499A): 1
LogDevObjectVersion:   FortniteMain (601D1886-AC64-4F84-AA16-D3DE0DEAC7D6): 47
LogDevObjectVersion:   FortniteRelease (E7086368-6B23-4C58-8439-1B7016265E91): 1
LogDevObjectVersion:   Dev-Enterprise (9DFFBCD6-494F-0158-E221-12823C92A888): 10
LogDevObjectVersion:   Dev-Niagara (F2AED0AC-9AFE-416F-8664-AA7FFA26D6FC): 1
LogDevObjectVersion:   Dev-Destruction (174F1F0B-B4C6-45A5-B13F-2EE8D0FB917D): 10
LogDevObjectVersion:   Dev-Physics-Ext (35F94A83-E258-406C-A318-09F59610247C): 41
LogDevObjectVersion:   Dev-PhysicsMaterial-Chaos (B68FC16E-8B1B-42E2-B453-215C058844FE): 1
LogDevObjectVersion:   Dev-CineCamera (B2E18506-4273-CFC2-A54E-F4BB758BBA07): 1
LogDevObjectVersion:   Dev-VirtualProduction (64F58936-FD1B-42BA-BA96-7289D5D0FA4E): 1
LogDevObjectVersion:   Dev-MediaFramework (6F0ED827-A609-4895-9C91-998D90180EA4): 2
LogInit: Presizing for max 25165824 objects, including 0 objects not considered by GC, pre-allocating 0 bytes for permanent pool.
LogConfig: Applying CVar settings from Section [/Script/Engine.StreamingSettings] File [C:/Users/2026/Documents/Unreal Projects/Facade/Saved/Config/Windows/Engine.ini]
LogConfig: Setting CVar [[s.MinBulkDataSizeForAsyncLoading:131072]]
LogConfig: Setting CVar [[s.AsyncLoadingThreadEnabled:0]]
LogConfig: Setting CVar [[s.EventDrivenLoaderEnabled:1]]
LogConfig: Setting CVar [[s.WarnIfTimeLimitExceeded:0]]
LogConfig: Setting CVar [[s.TimeLimitExceededMultiplier:1.5]]
LogConfig: Setting CVar [[s.TimeLimitExceededMinTime:0.005]]
LogConfig: Setting CVar [[s.UseBackgroundLevelStreaming:1]]
LogConfig: Setting CVar [[s.PriorityAsyncLoadingExtraTime:15.0]]
LogConfig: Setting CVar [[s.LevelStreamingActorsUpdateTimeLimit:5.0]]
LogConfig: Setting CVar [[s.PriorityLevelStreamingActorsUpdateExtraTime:5.0]]
LogConfig: Setting CVar [[s.LevelStreamingComponentsRegistrationGranularity:10]]
LogConfig: Setting CVar [[s.UnregisterComponentsTimeLimit:1.0]]
LogConfig: Setting CVar [[s.LevelStreamingComponentsUnregistrationGranularity:5]]
LogConfig: Setting CVar [[s.FlushStreamingOnExit:1]]
LogInit: Object subsystem initialized
LogConfig: Setting CVar [[con.DebugEarlyDefault:1]]
LogConfig: Setting CVar [[r.setres:1280x720]]
[2026.05.08-15.25.44:516][  0]LogConfig: Setting CVar [[r.VSync:0]]
[2026.05.08-15.25.44:516][  0]LogConfig: Setting CVar [[r.RHICmdBypass:0]]
[2026.05.08-15.25.44:516][  0]LogConfig: Applying CVar settings from Section [/Script/Engine.RendererSettings] File [C:/Users/2026/Documents/Unreal Projects/Facade/Saved/Config/Windows/Engine.ini]
[2026.05.08-15.25.44:516][  0]LogConfig: Setting CVar [[r.GPUCrashDebugging:0]]
[2026.05.08-15.25.44:516][  0]LogConfig: Setting CVar [[r.Mobile.DisableVertexFog:1]]
[2026.05.08-15.25.44:516][  0]LogConfig: Setting CVar [[r.Shadow.CSM.MaxMobileCascades:2]]
[2026.05.08-15.25.44:516][  0]LogConfig: Setting CVar [[r.MobileMSAA:1]]
[2026.05.08-15.25.44:516][  0]LogConfig: Setting CVar [[r.Mobile.AllowDitheredLODTransition:0]]
[2026.05.08-15.25.44:516][  0]LogConfig: Setting CVar [[r.Mobile.AllowSoftwareOcclusion:0]]
[2026.05.08-15.25.44:516][  0]LogConfig: Setting CVar [[r.Mobile.VirtualTextures:0]]
[2026.05.08-15.25.44:516][  0]LogConfig: Setting CVar [[r.DiscardUnusedQuality:0]]
[2026.05.08-15.25.44:516][  0]LogConfig: Setting CVar [[r.AllowOcclusionQueries:1]]
[2026.05.08-15.25.44:516][  0]LogConfig: Setting CVar [[r.MinScreenRadiusForLights:0.030000]]
[2026.05.08-15.25.44:516][  0]LogConfig: Setting CVar [[r.MinScreenRadiusForDepthPrepass:0.030000]]
[2026.05.08-15.25.44:516][  0]LogConfig: Setting CVar [[r.MinScreenRadiusForCSMDepth:0.010000]]
[2026.05.08-15.25.44:516][  0]LogConfig: Setting CVar [[r.PrecomputedVisibilityWarning:0]]
[2026.05.08-15.25.44:516][  0]LogConfig: Setting CVar [[r.TextureStreaming:1]]
[2026.05.08-15.25.44:516][  0]LogConfig: Setting CVar [[Compat.UseDXT5NormalMaps:0]]
[2026.05.08-15.25.44:516][  0]LogConfig: Setting CVar [[r.VirtualTextures:0]]
[2026.05.08-15.25.44:516][  0]LogConfig: Setting CVar [[r.VT.EnableAutoImport:1]]
[2026.05.08-15.25.44:516][  0]LogConfig: Setting CVar [[r.VirtualTexturedLightmaps:0]]
[2026.05.08-15.25.44:516][  0]LogConfig: Setting CVar [[r.VT.TileSize:128]]
[2026.05.08-15.25.44:516][  0]LogConfig: Setting CVar [[r.VT.TileBorderSize:4]]
[2026.05.08-15.25.44:516][  0]LogConfig: Setting CVar [[r.vt.FeedbackFactor:16]]
[2026.05.08-15.25.44:516][  0]LogConfig: Setting CVar [[r.VT.EnableCompressZlib:1]]
[2026.05.08-15.25.44:516][  0]LogConfig: Setting CVar [[r.VT.EnableCompressCrunch:0]]
[2026.05.08-15.25.44:516][  0]LogConfig: Setting CVar [[r.ClearCoatNormal:0]]
[2026.05.08-15.25.44:516][  0]LogConfig: Setting CVar [[r.ReflectionCaptureResolution:128]]
[2026.05.08-15.25.44:516][  0]LogConfig: Setting CVar [[r.Mobile.ReflectionCaptureCompression:0]]
[2026.05.08-15.25.44:516][  0]LogConfig: Setting CVar [[r.ReflectionEnvironmentLightmapMixBasedOnRoughness:1]]
[2026.05.08-15.25.44:516][  0]LogConfig: Setting CVar [[r.ForwardShading:0]]
[2026.05.08-15.25.44:516][  0]LogConfig: Setting CVar [[r.VertexFoggingForOpaque:1]]
[2026.05.08-15.25.44:516][  0]LogConfig: Setting CVar [[r.AllowStaticLighting:1]]
[2026.05.08-15.25.44:516][  0]LogConfig: Setting CVar [[r.NormalMapsForStaticLighting:0]]
[2026.05.08-15.25.44:516][  0]LogConfig: Setting CVar [[r.GenerateMeshDistanceFields:0]]
[2026.05.08-15.25.44:516][  0]LogConfig: Setting CVar [[r.DistanceFieldBuild.EightBit:0]]
[2026.05.08-15.25.44:516][  0]LogConfig: Setting CVar [[r.GenerateLandscapeGIData:0]]
[2026.05.08-15.25.44:516][  0]LogConfig: Setting CVar [[r.DistanceFieldBuild.Compress:0]]
[2026.05.08-15.25.44:516][  0]LogConfig: Setting CVar [[r.TessellationAdaptivePixelsPerTriangle:48.000000]]
[2026.05.08-15.25.44:516][  0]LogConfig: Setting CVar [[r.SeparateTranslucency:1]]
[2026.05.08-15.25.44:516][  0]LogConfig: Setting CVar [[r.TranslucentSortPolicy:0]]
[2026.05.08-15.25.44:516][  0]LogConfig: Setting CVar [[vr.VRS.HMDFixedFoveationLevel:0]]
[2026.05.08-15.25.44:516][  0]LogConfig: Setting CVar [[r.CustomDepth:1]]
[2026.05.08-15.25.44:516][  0]LogConfig: Setting CVar [[r.CustomDepthTemporalAAJitter:1]]
[2026.05.08-15.25.44:516][  0]LogConfig: Setting CVar [[r.PostProcessing.PropagateAlpha:0]]
[2026.05.08-15.25.44:516][  0]LogConfig: Setting CVar [[r.DefaultFeature.Bloom:1]]
[2026.05.08-15.25.44:516][  0]LogConfig: Setting CVar [[r.DefaultFeature.AmbientOcclusion:1]]
[2026.05.08-15.25.44:516][  0]LogConfig: Setting CVar [[r.DefaultFeature.AmbientOcclusionStaticFraction:1]]
[2026.05.08-15.25.44:516][  0]LogConfig: Setting CVar [[r.DefaultFeature.AutoExposure:0]]
[2026.05.08-15.25.44:517][  0]LogConfig: Setting CVar [[r.DefaultFeature.AutoExposure.Method:0]]
[2026.05.08-15.25.44:517][  0]LogConfig: Setting CVar [[r.DefaultFeature.AutoExposure.Bias:1.000000]]
[2026.05.08-15.25.44:517][  0]LogConfig: Setting CVar [[r.DefaultFeature.AutoExposure.ExtendDefaultLuminanceRange:0]]
[2026.05.08-15.25.44:517][  0]LogConfig: Setting CVar [[r.UsePreExposure:1]]
[2026.05.08-15.25.44:517][  0]LogConfig: Setting CVar [[r.EyeAdaptation.EditorOnly:0]]
[2026.05.08-15.25.44:517][  0]LogConfig: Setting CVar [[r.DefaultFeature.MotionBlur:0]]
[2026.05.08-15.25.44:517][  0]LogConfig: Setting CVar [[r.DefaultFeature.LensFlare:0]]
[2026.05.08-15.25.44:517][  0]LogConfig: Setting CVar [[r.TemporalAA.Upsampling:0]]
[2026.05.08-15.25.44:517][  0]LogConfig: Setting CVar [[r.SSGI.Enable:0]]
[2026.05.08-15.25.44:517][  0]LogConfig: Setting CVar [[r.DefaultFeature.AntiAliasing:0]]
[2026.05.08-15.25.44:517][  0]LogConfig: Setting CVar [[r.DefaultFeature.LightUnits:1]]
[2026.05.08-15.25.44:517][  0]LogConfig: Setting CVar [[r.DefaultBackBufferPixelFormat:4]]
[2026.05.08-15.25.44:517][  0]LogConfig: Setting CVar [[r.Shadow.UnbuiltPreviewInGame:1]]
[2026.05.08-15.25.44:517][  0]LogConfig: Setting CVar [[r.StencilForLODDither:0]]
[2026.05.08-15.25.44:517][  0]LogConfig: Setting CVar [[r.EarlyZPass:3]]
[2026.05.08-15.25.44:517][  0]LogConfig: Setting CVar [[r.EarlyZPassOnlyMaterialMasking:0]]
[2026.05.08-15.25.44:517][  0]LogConfig: Setting CVar [[r.DBuffer:1]]
[2026.05.08-15.25.44:517][  0]LogConfig: Setting CVar [[r.ClearSceneMethod:1]]
[2026.05.08-15.25.44:517][  0]LogConfig: Setting CVar [[r.BasePassOutputsVelocity:0]]
[2026.05.08-15.25.44:517][  0]LogConfig: Setting CVar [[r.VertexDeformationOutputsVelocity:0]]
[2026.05.08-15.25.44:517][  0]LogConfig: Setting CVar [[r.SelectiveBasePassOutputs:0]]
[2026.05.08-15.25.44:517][  0]LogConfig: Setting CVar [[fx.GPUSimulationTextureSizeX:1024]]
[2026.05.08-15.25.44:517][  0]LogConfig: Setting CVar [[fx.GPUSimulationTextureSizeY:1024]]
[2026.05.08-15.25.44:517][  0]LogConfig: Setting CVar [[r.AllowGlobalClipPlane:0]]
[2026.05.08-15.25.44:517][  0]LogConfig: Setting CVar [[r.GBufferFormat:1]]
[2026.05.08-15.25.44:517][  0]LogConfig: Setting CVar [[r.MorphTarget.Mode:1]]
[2026.05.08-15.25.44:517][  0]LogConfig: Setting CVar [[vr.InstancedStereo:0]]
[2026.05.08-15.25.44:517][  0]LogConfig: Setting CVar [[r.MobileHDR:1]]
[2026.05.08-15.25.44:517][  0]LogConfig: Setting CVar [[vr.MobileMultiView:0]]
[2026.05.08-15.25.44:517][  0]LogConfig: Setting CVar [[r.Mobile.UseHWsRGBEncoding:0]]
[2026.05.08-15.25.44:517][  0]LogConfig: Setting CVar [[vr.RoundRobinOcclusion:0]]
[2026.05.08-15.25.44:517][  0]LogConfig: Setting CVar [[vr.ODSCapture:0]]
[2026.05.08-15.25.44:517][  0]LogConfig: Setting CVar [[r.MeshStreaming:0]]
[2026.05.08-15.25.44:517][  0]LogConfig: Setting CVar [[r.WireframeCullThreshold:5.000000]]
[2026.05.08-15.25.44:517][  0]LogConfig: Setting CVar [[r.RayTracing:0]]
[2026.05.08-15.25.44:517][  0]LogConfig: Setting CVar [[r.RayTracing.UseTextureLod:0]]
[2026.05.08-15.25.44:517][  0]LogConfig: Setting CVar [[r.SupportStationarySkylight:1]]
[2026.05.08-15.25.44:517][  0]LogConfig: Setting CVar [[r.SupportLowQualityLightmaps:1]]
[2026.05.08-15.25.44:517][  0]LogConfig: Setting CVar [[r.SupportPointLightWholeSceneShadows:1]]
[2026.05.08-15.25.44:517][  0]LogConfig: Setting CVar [[r.SupportAtmosphericFog:1]]
[2026.05.08-15.25.44:517][  0]LogConfig: Setting CVar [[r.SupportSkyAtmosphere:1]]
[2026.05.08-15.25.44:517][  0]LogConfig: Setting CVar [[r.SupportSkyAtmosphereAffectsHeightFog:0]]
[2026.05.08-15.25.44:517][  0]LogConfig: Setting CVar [[r.SkinCache.CompileShaders:0]]
[2026.05.08-15.25.44:517][  0]LogConfig: Setting CVar [[r.SkinCache.DefaultBehavior:1]]
[2026.05.08-15.25.44:517][  0]LogConfig: Setting CVar [[r.SkinCache.SceneMemoryLimitInMB:128.000000]]
[2026.05.08-15.25.44:517][  0]LogConfig: Setting CVar [[r.Mobile.EnableStaticAndCSMShadowReceivers:1]]
[2026.05.08-15.25.44:517][  0]LogConfig: Setting CVar [[r.Mobile.EnableMovableLightCSMShaderCulling:1]]
[2026.05.08-15.25.44:517][  0]LogConfig: Setting CVar [[r.Mobile.AllowDistanceFieldShadows:1]]
[2026.05.08-15.25.44:517][  0]LogConfig: Setting CVar [[r.Mobile.AllowMovableDirectionalLights:1]]
[2026.05.08-15.25.44:517][  0]LogConfig: Setting CVar [[r.MobileNumDynamicPointLights:4]]
[2026.05.08-15.25.44:517][  0]LogConfig: Setting CVar [[r.MobileDynamicPointLightsUseStaticBranch:1]]
[2026.05.08-15.25.44:517][  0]LogConfig: Setting CVar [[r.Mobile.EnableMovableSpotlights:0]]
[2026.05.08-15.25.44:517][  0]LogConfig: Setting CVar [[r.Mobile.EnableMovableSpotlightsShadow:0]]
[2026.05.08-15.25.44:517][  0]LogConfig: Setting CVar [[r.GPUSkin.Support16BitBoneIndex:0]]
[2026.05.08-15.25.44:517][  0]LogConfig: Setting CVar [[r.GPUSkin.Limit2BoneInfluences:0]]
[2026.05.08-15.25.44:517][  0]LogConfig: Setting CVar [[r.SupportDepthOnlyIndexBuffers:1]]
[2026.05.08-15.25.44:517][  0]LogConfig: Setting CVar [[r.SupportReversedIndexBuffers:1]]
[2026.05.08-15.25.44:517][  0]LogConfig: Setting CVar [[r.LightPropagationVolume:0]]
[2026.05.08-15.25.44:517][  0]LogConfig: Setting CVar [[r.Mobile.AmbientOcclusion:0]]
[2026.05.08-15.25.44:517][  0]LogConfig: Setting CVar [[r.GPUSkin.UnlimitedBoneInfluences:0]]
[2026.05.08-15.25.44:517][  0]LogConfig: Setting CVar [[r.GPUSkin.UnlimitedBoneInfluencesThreshold:8]]
[2026.05.08-15.25.44:517][  0]LogConfig: Setting CVar [[r.Mobile.PlanarReflectionMode:0]]
[2026.05.08-15.25.44:517][  0]LogConfig: Setting CVar [[r.Mobile.SupportsGen4TAA:0]]
[2026.05.08-15.25.44:517][  0]LogConfig: Applying CVar settings from Section [/Script/Engine.RendererOverrideSettings] File [C:/Users/2026/Documents/Unreal Projects/Facade/Saved/Config/Windows/Engine.ini]
[2026.05.08-15.25.44:517][  0]LogConfig: Applying CVar settings from Section [/Script/Engine.StreamingSettings] File [C:/Users/2026/Documents/Unreal Projects/Facade/Saved/Config/Windows/Engine.ini]
[2026.05.08-15.25.44:517][  0]LogConfig: Setting CVar [[s.MinBulkDataSizeForAsyncLoading:131072]]
[2026.05.08-15.25.44:517][  0]LogConfig: Setting CVar [[s.AsyncLoadingThreadEnabled:0]]
[2026.05.08-15.25.44:517][  0]LogConfig: Setting CVar [[s.EventDrivenLoaderEnabled:1]]
[2026.05.08-15.25.44:517][  0]LogConfig: Setting CVar [[s.WarnIfTimeLimitExceeded:0]]
[2026.05.08-15.25.44:517][  0]LogConfig: Setting CVar [[s.TimeLimitExceededMultiplier:1.5]]
[2026.05.08-15.25.44:517][  0]LogConfig: Setting CVar [[s.TimeLimitExceededMinTime:0.005]]
[2026.05.08-15.25.44:517][  0]LogConfig: Setting CVar [[s.UseBackgroundLevelStreaming:1]]
[2026.05.08-15.25.44:517][  0]LogConfig: Setting CVar [[s.PriorityAsyncLoadingExtraTime:15.0]]
[2026.05.08-15.25.44:517][  0]LogConfig: Setting CVar [[s.LevelStreamingActorsUpdateTimeLimit:5.0]]
[2026.05.08-15.25.44:517][  0]LogConfig: Setting CVar [[s.PriorityLevelStreamingActorsUpdateExtraTime:5.0]]
[2026.05.08-15.25.44:517][  0]LogConfig: Setting CVar [[s.LevelStreamingComponentsRegistrationGranularity:10]]
[2026.05.08-15.25.44:517][  0]LogConfig: Setting CVar [[s.UnregisterComponentsTimeLimit:1.0]]
[2026.05.08-15.25.44:517][  0]LogConfig: Setting CVar [[s.LevelStreamingComponentsUnregistrationGranularity:5]]
[2026.05.08-15.25.44:517][  0]LogConfig: Setting CVar [[s.FlushStreamingOnExit:1]]
[2026.05.08-15.25.44:517][  0]LogConfig: Applying CVar settings from Section [/Script/Engine.GarbageCollectionSettings] File [C:/Users/2026/Documents/Unreal Projects/Facade/Saved/Config/Windows/Engine.ini]
[2026.05.08-15.25.44:517][  0]LogConfig: Setting CVar [[gc.MaxObjectsNotConsideredByGC:1]]
[2026.05.08-15.25.44:517][  0]LogConfig: Setting CVar [[gc.SizeOfPermanentObjectPool:0]]
[2026.05.08-15.25.44:517][  0]LogConfig: Setting CVar [[gc.FlushStreamingOnGC:0]]
[2026.05.08-15.25.44:517][  0]LogConfig: Setting CVar [[gc.NumRetriesBeforeForcingGC:10]]
[2026.05.08-15.25.44:517][  0]LogConfig: Setting CVar [[gc.AllowParallelGC:1]]
[2026.05.08-15.25.44:517][  0]LogConfig: Setting CVar [[gc.TimeBetweenPurgingPendingKillObjects:61.1]]
[2026.05.08-15.25.44:517][  0]LogConfig: Setting CVar [[gc.MaxObjectsInEditor:25165824]]
[2026.05.08-15.25.44:517][  0]LogConfig: Setting CVar [[gc.IncrementalBeginDestroyEnabled:1]]
[2026.05.08-15.25.44:517][  0]LogConfig: Setting CVar [[gc.CreateGCClusters:1]]
[2026.05.08-15.25.44:517][  0]LogConfig: Setting CVar [[gc.MinGCClusterSize:5]]
[2026.05.08-15.25.44:518][  0]LogConfig: Setting CVar [[gc.ActorClusteringEnabled:0]]
[2026.05.08-15.25.44:518][  0]LogConfig: Setting CVar [[gc.BlueprintClusteringEnabled:0]]
[2026.05.08-15.25.44:518][  0]LogConfig: Setting CVar [[gc.UseDisregardForGCOnDedicatedServers:0]]
[2026.05.08-15.25.44:518][  0]LogConfig: Setting CVar [[gc.MultithreadedDestructionEnabled:1]]
[2026.05.08-15.25.44:518][  0]LogConfig: Applying CVar settings from Section [/Script/Engine.NetworkSettings] File [C:/Users/2026/Documents/Unreal Projects/Facade/Saved/Config/Windows/Engine.ini]
[2026.05.08-15.25.44:518][  0]LogConfig: Applying CVar settings from Section [/Script/UnrealEd.CookerSettings] File [C:/Users/2026/Documents/Unreal Projects/Facade/Saved/Config/Windows/Engine.ini]
[2026.05.08-15.25.44:523][  0]LogConfig: Applying CVar settings from Section [ViewDistanceQuality@3] File [C:/Users/2026/Documents/Unreal Projects/Facade/Saved/Config/Windows/Scalability.ini]
[2026.05.08-15.25.44:523][  0]LogConfig: Setting CVar [[r.SkeletalMeshLODBias:0]]
[2026.05.08-15.25.44:523][  0]LogConfig: Setting CVar [[r.ViewDistanceScale:1.0]]
[2026.05.08-15.25.44:523][  0]LogConfig: Applying CVar settings from Section [AntiAliasingQuality@3] File [C:/Users/2026/Documents/Unreal Projects/Facade/Saved/Config/Windows/Scalability.ini]
[2026.05.08-15.25.44:523][  0]LogConfig: Setting CVar [[r.PostProcessAAQuality:4]]
[2026.05.08-15.25.44:523][  0]LogConfig: Applying CVar settings from Section [ShadowQuality@3] File [C:/Users/2026/Documents/Unreal Projects/Facade/Saved/Config/Windows/Scalability.ini]
[2026.05.08-15.25.44:523][  0]LogConfig: Setting CVar [[r.LightFunctionQuality:1]]
[2026.05.08-15.25.44:523][  0]LogConfig: Setting CVar [[r.ShadowQuality:5]]
[2026.05.08-15.25.44:523][  0]LogConfig: Setting CVar [[r.Shadow.CSM.MaxCascades:10]]
[2026.05.08-15.25.44:523][  0]LogConfig: Setting CVar [[r.Shadow.MaxResolution:2048]]
[2026.05.08-15.25.44:523][  0]LogConfig: Setting CVar [[r.Shadow.MaxCSMResolution:2048]]
[2026.05.08-15.25.44:523][  0]LogConfig: Setting CVar [[r.Shadow.RadiusThreshold:0.01]]
[2026.05.08-15.25.44:523][  0]LogConfig: Setting CVar [[r.Shadow.DistanceScale:1.0]]
[2026.05.08-15.25.44:523][  0]LogConfig: Setting CVar [[r.Shadow.CSM.TransitionScale:1.0]]
[2026.05.08-15.25.44:523][  0]LogConfig: Setting CVar [[r.Shadow.PreShadowResolutionFactor:1.0]]
[2026.05.08-15.25.44:523][  0]LogConfig: Setting CVar [[r.DistanceFieldShadowing:1]]
[2026.05.08-15.25.44:523][  0]LogConfig: Setting CVar [[r.DistanceFieldAO:1]]
[2026.05.08-15.25.44:524][  0]LogConfig: Setting CVar [[r.AOQuality:2]]
[2026.05.08-15.25.44:524][  0]LogConfig: Setting CVar [[r.VolumetricFog:1]]
[2026.05.08-15.25.44:524][  0]LogConfig: Setting CVar [[r.VolumetricFog.GridPixelSize:8]]
[2026.05.08-15.25.44:524][  0]LogConfig: Setting CVar [[r.VolumetricFog.GridSizeZ:128]]
[2026.05.08-15.25.44:524][  0]LogConfig: Setting CVar [[r.VolumetricFog.HistoryMissSupersampleCount:4]]
[2026.05.08-15.25.44:524][  0]LogConfig: Setting CVar [[r.LightMaxDrawDistanceScale:1]]
[2026.05.08-15.25.44:524][  0]LogConfig: Setting CVar [[r.CapsuleShadows:1]]
[2026.05.08-15.25.44:524][  0]LogConfig: Applying CVar settings from Section [PostProcessQuality@3] File [C:/Users/2026/Documents/Unreal Projects/Facade/Saved/Config/Windows/Scalability.ini]
[2026.05.08-15.25.44:524][  0]LogConfig: Setting CVar [[r.MotionBlurQuality:4]]
[2026.05.08-15.25.44:524][  0]LogConfig: Setting CVar [[r.AmbientOcclusionMipLevelFactor:0.4]]
[2026.05.08-15.25.44:524][  0]LogConfig: Setting CVar [[r.AmbientOcclusionMaxQuality:100]]
[2026.05.08-15.25.44:524][  0]LogConfig: Setting CVar [[r.AmbientOcclusionLevels:-1]]
[2026.05.08-15.25.44:524][  0]LogConfig: Setting CVar [[r.AmbientOcclusionRadiusScale:1.0]]
[2026.05.08-15.25.44:524][  0]LogConfig: Setting CVar [[r.DepthOfFieldQuality:2]]
[2026.05.08-15.25.44:524][  0]LogConfig: Setting CVar [[r.RenderTargetPoolMin:400]]
[2026.05.08-15.25.44:524][  0]LogConfig: Setting CVar [[r.LensFlareQuality:2]]
[2026.05.08-15.25.44:524][  0]LogConfig: Setting CVar [[r.SceneColorFringeQuality:1]]
[2026.05.08-15.25.44:524][  0]LogConfig: Setting CVar [[r.EyeAdaptationQuality:2]]
[2026.05.08-15.25.44:524][  0]LogConfig: Setting CVar [[r.BloomQuality:5]]
[2026.05.08-15.25.44:524][  0]LogConfig: Setting CVar [[r.FastBlurThreshold:100]]
[2026.05.08-15.25.44:524][  0]LogConfig: Setting CVar [[r.Upscale.Quality:3]]
[2026.05.08-15.25.44:524][  0]LogConfig: Setting CVar [[r.Tonemapper.GrainQuantization:1]]
[2026.05.08-15.25.44:524][  0]LogConfig: Setting CVar [[r.LightShaftQuality:1]]
[2026.05.08-15.25.44:524][  0]LogConfig: Setting CVar [[r.Filter.SizeScale:1]]
[2026.05.08-15.25.44:524][  0]LogConfig: Setting CVar [[r.Tonemapper.Quality:5]]
[2026.05.08-15.25.44:524][  0]LogConfig: Setting CVar [[r.DOF.Gather.AccumulatorQuality:1        ; higher gathering accumulator quality]]
[2026.05.08-15.25.44:524][  0]LogConfig: Setting CVar [[r.DOF.Gather.PostfilterMethod:1          ; Median3x3 postfilering method]]
[2026.05.08-15.25.44:524][  0]LogConfig: Setting CVar [[r.DOF.Gather.EnableBokehSettings:0       ; no bokeh simulation when gathering]]
[2026.05.08-15.25.44:524][  0]LogConfig: Setting CVar [[r.DOF.Gather.RingCount:4                 ; medium number of samples when gathering]]
[2026.05.08-15.25.44:524][  0]LogConfig: Setting CVar [[r.DOF.Scatter.ForegroundCompositing:1    ; additive foreground scattering]]
[2026.05.08-15.25.44:524][  0]LogConfig: Setting CVar [[r.DOF.Scatter.BackgroundCompositing:2    ; additive background scattering]]
[2026.05.08-15.25.44:524][  0]LogConfig: Setting CVar [[r.DOF.Scatter.EnableBokehSettings:1      ; bokeh simulation when scattering]]
[2026.05.08-15.25.44:524][  0]LogConfig: Setting CVar [[r.DOF.Scatter.MaxSpriteRatio:0.1         ; only a maximum of 10% of scattered bokeh]]
[2026.05.08-15.25.44:524][  0]LogConfig: Setting CVar [[r.DOF.Recombine.Quality:1                ; cheap slight out of focus]]
[2026.05.08-15.25.44:524][  0]LogConfig: Setting CVar [[r.DOF.Recombine.EnableBokehSettings:0    ; no bokeh simulation on slight out of focus]]
[2026.05.08-15.25.44:524][  0]LogConfig: Setting CVar [[r.DOF.TemporalAAQuality:1                ; more stable temporal accumulation]]
[2026.05.08-15.25.44:524][  0]LogConfig: Setting CVar [[r.DOF.Kernel.MaxForegroundRadius:0.025]]
[2026.05.08-15.25.44:524][  0]LogConfig: Setting CVar [[r.DOF.Kernel.MaxBackgroundRadius:0.025]]
[2026.05.08-15.25.44:524][  0]LogConfig: Applying CVar settings from Section [TextureQuality@3] File [C:/Users/2026/Documents/Unreal Projects/Facade/Saved/Config/Windows/Scalability.ini]
[2026.05.08-15.25.44:524][  0]LogConfig: Setting CVar [[r.Streaming.MipBias:0]]
[2026.05.08-15.25.44:524][  0]LogConfig: Setting CVar [[r.Streaming.AmortizeCPUToGPUCopy:0]]
[2026.05.08-15.25.44:524][  0]LogConfig: Setting CVar [[r.Streaming.MaxNumTexturesToStreamPerFrame:0]]
[2026.05.08-15.25.44:524][  0]LogConfig: Setting CVar [[r.Streaming.Boost:1]]
[2026.05.08-15.25.44:524][  0]LogConfig: Setting CVar [[r.MaxAnisotropy:8]]
[2026.05.08-15.25.44:524][  0]LogConfig: Setting CVar [[r.VT.MaxAnisotropy:8]]
[2026.05.08-15.25.44:524][  0]LogConfig: Setting CVar [[r.Streaming.LimitPoolSizeToVRAM:0]]
[2026.05.08-15.25.44:524][  0]LogConfig: Setting CVar [[r.Streaming.PoolSize:1000]]
[2026.05.08-15.25.44:524][  0]LogConfig: Setting CVar [[r.Streaming.MaxEffectiveScreenSize:0]]
[2026.05.08-15.25.44:524][  0]LogConfig: Applying CVar settings from Section [EffectsQuality@3] File [C:/Users/2026/Documents/Unreal Projects/Facade/Saved/Config/Windows/Scalability.ini]
[2026.05.08-15.25.44:524][  0]LogConfig: Setting CVar [[r.TranslucencyLightingVolumeDim:64]]
[2026.05.08-15.25.44:524][  0]LogConfig: Setting CVar [[r.RefractionQuality:2]]
[2026.05.08-15.25.44:524][  0]LogConfig: Setting CVar [[r.SSR.Quality:3]]
[2026.05.08-15.25.44:524][  0]LogConfig: Setting CVar [[r.SSR.HalfResSceneColor:0]]
[2026.05.08-15.25.44:524][  0]LogConfig: Setting CVar [[r.SceneColorFormat:4]]
[2026.05.08-15.25.44:524][  0]LogConfig: Setting CVar [[r.DetailMode:2]]
[2026.05.08-15.25.44:524][  0]LogConfig: Setting CVar [[r.TranslucencyVolumeBlur:1]]
[2026.05.08-15.25.44:524][  0]LogConfig: Setting CVar [[r.MaterialQualityLevel:1 ; High quality]]
[2026.05.08-15.25.44:524][  0]LogConfig: Setting CVar [[r.AnisotropicMaterials:1]]
[2026.05.08-15.25.44:524][  0]LogConfig: Setting CVar [[r.SSS.Scale:1]]
[2026.05.08-15.25.44:524][  0]LogConfig: Setting CVar [[r.SSS.SampleSet:2]]
[2026.05.08-15.25.44:524][  0]LogConfig: Setting CVar [[r.SSS.Quality:1]]
[2026.05.08-15.25.44:524][  0]LogConfig: Setting CVar [[r.SSS.HalfRes:0]]
[2026.05.08-15.25.44:524][  0]LogConfig: Setting CVar [[r.SSGI.Quality:3]]
[2026.05.08-15.25.44:524][  0]LogConfig: Setting CVar [[r.EmitterSpawnRateScale:1.0]]
[2026.05.08-15.25.44:524][  0]LogConfig: Setting CVar [[r.ParticleLightQuality:2]]
[2026.05.08-15.25.44:524][  0]LogConfig: Setting CVar [[r.SkyAtmosphere.AerialPerspectiveLUT.FastApplyOnOpaque:1 ; Always have FastSkyLUT 1 in this case to avoid wrong sky]]
[2026.05.08-15.25.44:524][  0]LogConfig: Setting CVar [[r.SkyAtmosphere.AerialPerspectiveLUT.SampleCountMaxPerSlice:4]]
[2026.05.08-15.25.44:524][  0]LogConfig: Setting CVar [[r.SkyAtmosphere.AerialPerspectiveLUT.DepthResolution:16.0]]
[2026.05.08-15.25.44:524][  0]LogConfig: Setting CVar [[r.SkyAtmosphere.FastSkyLUT:1]]
[2026.05.08-15.25.44:524][  0]LogConfig: Setting CVar [[r.SkyAtmosphere.FastSkyLUT.SampleCountMin:4.0]]
[2026.05.08-15.25.44:524][  0]LogConfig: Setting CVar [[r.SkyAtmosphere.FastSkyLUT.SampleCountMax:128.0]]
[2026.05.08-15.25.44:524][  0]LogConfig: Setting CVar [[r.SkyAtmosphere.SampleCountMin:4.0]]
[2026.05.08-15.25.44:524][  0]LogConfig: Setting CVar [[r.SkyAtmosphere.SampleCountMax:128.0]]
[2026.05.08-15.25.44:524][  0]LogConfig: Setting CVar [[r.SkyAtmosphere.TransmittanceLUT.UseSmallFormat:0]]
[2026.05.08-15.25.44:524][  0]LogConfig: Setting CVar [[r.SkyAtmosphere.TransmittanceLUT.SampleCount:10.0]]
[2026.05.08-15.25.44:524][  0]LogConfig: Setting CVar [[r.SkyAtmosphere.MultiScatteringLUT.SampleCount:15.0]]
[2026.05.08-15.25.44:524][  0]LogConfig: Setting CVar [[r.SkyLight.RealTimeReflectionCapture:1]]
[2026.05.08-15.25.44:524][  0]LogConfig: Applying CVar settings from Section [FoliageQuality@3] File [C:/Users/2026/Documents/Unreal Projects/Facade/Saved/Config/Windows/Scalability.ini]
[2026.05.08-15.25.44:524][  0]LogConfig: Setting CVar [[foliage.DensityScale:1.0]]
[2026.05.08-15.25.44:524][  0]LogConfig: Setting CVar [[grass.DensityScale:1.0]]
[2026.05.08-15.25.44:524][  0]LogConfig: Applying CVar settings from Section [ShadingQuality@3] File [C:/Users/2026/Documents/Unreal Projects/Facade/Saved/Config/Windows/Scalability.ini]
[2026.05.08-15.25.44:524][  0]LogConfig: Setting CVar [[r.HairStrands.SkyLighting.IntegrationType:2]]
[2026.05.08-15.25.44:524][  0]LogConfig: Setting CVar [[r.HairStrands.SkyAO.SampleCount:4]]
[2026.05.08-15.25.44:524][  0]LogConfig: Setting CVar [[r.HairStrands.Visibility.MSAA.SamplePerPixel:4]]
[2026.05.08-15.25.44:524][  0]LogInit: Selected Device Profile: [Windows]
[2026.05.08-15.25.44:524][  0]LogInit: Applying CVar settings loaded from the selected device profile: [Windows]
[2026.05.08-15.25.44:524][  0]LogHAL: Display: Platform has ~ 16 GB [16396115968 / 17179869184 / 16], which maps to Larger [LargestMinGB=32, LargerMinGB=12, DefaultMinGB=8, SmallerMinGB=6, SmallestMinGB=0)
[2026.05.08-15.25.44:524][  0]LogInit: Going up to parent DeviceProfile []
[2026.05.08-15.25.44:524][  0]LogConfig: Applying CVar settings from Section [ViewDistanceQuality@3] File [C:/Users/2026/Documents/Unreal Projects/Facade/Saved/Config/Windows/Scalability.ini]
[2026.05.08-15.25.44:524][  0]LogConfig: Setting CVar [[r.SkeletalMeshLODBias:0]]
[2026.05.08-15.25.44:524][  0]LogConfig: Setting CVar [[r.ViewDistanceScale:1.0]]
[2026.05.08-15.25.44:524][  0]LogConfig: Applying CVar settings from Section [AntiAliasingQuality@3] File [C:/Users/2026/Documents/Unreal Projects/Facade/Saved/Config/Windows/Scalability.ini]
[2026.05.08-15.25.44:524][  0]LogConfig: Setting CVar [[r.PostProcessAAQuality:4]]
[2026.05.08-15.25.44:525][  0]LogConfig: Applying CVar settings from Section [ShadowQuality@3] File [C:/Users/2026/Documents/Unreal Projects/Facade/Saved/Config/Windows/Scalability.ini]
[2026.05.08-15.25.44:525][  0]LogConfig: Setting CVar [[r.LightFunctionQuality:1]]
[2026.05.08-15.25.44:525][  0]LogConfig: Setting CVar [[r.ShadowQuality:5]]
[2026.05.08-15.25.44:525][  0]LogConfig: Setting CVar [[r.Shadow.CSM.MaxCascades:10]]
[2026.05.08-15.25.44:525][  0]LogConfig: Setting CVar [[r.Shadow.MaxResolution:2048]]
[2026.05.08-15.25.44:525][  0]LogConfig: Setting CVar [[r.Shadow.MaxCSMResolution:2048]]
[2026.05.08-15.25.44:525][  0]LogConfig: Setting CVar [[r.Shadow.RadiusThreshold:0.01]]
[2026.05.08-15.25.44:525][  0]LogConfig: Setting CVar [[r.Shadow.DistanceScale:1.0]]
[2026.05.08-15.25.44:525][  0]LogConfig: Setting CVar [[r.Shadow.CSM.TransitionScale:1.0]]
[2026.05.08-15.25.44:525][  0]LogConfig: Setting CVar [[r.Shadow.PreShadowResolutionFactor:1.0]]
[2026.05.08-15.25.44:525][  0]LogConfig: Setting CVar [[r.DistanceFieldShadowing:1]]
[2026.05.08-15.25.44:525][  0]LogConfig: Setting CVar [[r.DistanceFieldAO:1]]
[2026.05.08-15.25.44:525][  0]LogConfig: Setting CVar [[r.AOQuality:2]]
[2026.05.08-15.25.44:525][  0]LogConfig: Setting CVar [[r.VolumetricFog:1]]
[2026.05.08-15.25.44:525][  0]LogConfig: Setting CVar [[r.VolumetricFog.GridPixelSize:8]]
[2026.05.08-15.25.44:525][  0]LogConfig: Setting CVar [[r.VolumetricFog.GridSizeZ:128]]
[2026.05.08-15.25.44:525][  0]LogConfig: Setting CVar [[r.VolumetricFog.HistoryMissSupersampleCount:4]]
[2026.05.08-15.25.44:525][  0]LogConfig: Setting CVar [[r.LightMaxDrawDistanceScale:1]]
[2026.05.08-15.25.44:525][  0]LogConfig: Setting CVar [[r.CapsuleShadows:1]]
[2026.05.08-15.25.44:525][  0]LogConfig: Applying CVar settings from Section [PostProcessQuality@3] File [C:/Users/2026/Documents/Unreal Projects/Facade/Saved/Config/Windows/Scalability.ini]
[2026.05.08-15.25.44:525][  0]LogConfig: Setting CVar [[r.MotionBlurQuality:4]]
[2026.05.08-15.25.44:525][  0]LogConfig: Setting CVar [[r.AmbientOcclusionMipLevelFactor:0.4]]
[2026.05.08-15.25.44:525][  0]LogConfig: Setting CVar [[r.AmbientOcclusionMaxQuality:100]]
[2026.05.08-15.25.44:525][  0]LogConfig: Setting CVar [[r.AmbientOcclusionLevels:-1]]
[2026.05.08-15.25.44:525][  0]LogConfig: Setting CVar [[r.AmbientOcclusionRadiusScale:1.0]]
[2026.05.08-15.25.44:525][  0]LogConfig: Setting CVar [[r.DepthOfFieldQuality:2]]
[2026.05.08-15.25.44:525][  0]LogConfig: Setting CVar [[r.RenderTargetPoolMin:400]]
[2026.05.08-15.25.44:525][  0]LogConfig: Setting CVar [[r.LensFlareQuality:2]]
[2026.05.08-15.25.44:525][  0]LogConfig: Setting CVar [[r.SceneColorFringeQuality:1]]
[2026.05.08-15.25.44:525][  0]LogConfig: Setting CVar [[r.EyeAdaptationQuality:2]]
[2026.05.08-15.25.44:525][  0]LogConfig: Setting CVar [[r.BloomQuality:5]]
[2026.05.08-15.25.44:525][  0]LogConfig: Setting CVar [[r.FastBlurThreshold:100]]
[2026.05.08-15.25.44:525][  0]LogConfig: Setting CVar [[r.Upscale.Quality:3]]
[2026.05.08-15.25.44:525][  0]LogConfig: Setting CVar [[r.Tonemapper.GrainQuantization:1]]
[2026.05.08-15.25.44:525][  0]LogConfig: Setting CVar [[r.LightShaftQuality:1]]
[2026.05.08-15.25.44:525][  0]LogConfig: Setting CVar [[r.Filter.SizeScale:1]]
[2026.05.08-15.25.44:525][  0]LogConfig: Setting CVar [[r.Tonemapper.Quality:5]]
[2026.05.08-15.25.44:525][  0]LogConfig: Setting CVar [[r.DOF.Gather.AccumulatorQuality:1        ; higher gathering accumulator quality]]
[2026.05.08-15.25.44:525][  0]LogConfig: Setting CVar [[r.DOF.Gather.PostfilterMethod:1          ; Median3x3 postfilering method]]
[2026.05.08-15.25.44:525][  0]LogConfig: Setting CVar [[r.DOF.Gather.EnableBokehSettings:0       ; no bokeh simulation when gathering]]
[2026.05.08-15.25.44:525][  0]LogConfig: Setting CVar [[r.DOF.Gather.RingCount:4                 ; medium number of samples when gathering]]
[2026.05.08-15.25.44:525][  0]LogConfig: Setting CVar [[r.DOF.Scatter.ForegroundCompositing:1    ; additive foreground scattering]]
[2026.05.08-15.25.44:525][  0]LogConfig: Setting CVar [[r.DOF.Scatter.BackgroundCompositing:2    ; additive background scattering]]
[2026.05.08-15.25.44:525][  0]LogConfig: Setting CVar [[r.DOF.Scatter.EnableBokehSettings:1      ; bokeh simulation when scattering]]
[2026.05.08-15.25.44:525][  0]LogConfig: Setting CVar [[r.DOF.Scatter.MaxSpriteRatio:0.1         ; only a maximum of 10% of scattered bokeh]]
[2026.05.08-15.25.44:525][  0]LogConfig: Setting CVar [[r.DOF.Recombine.Quality:1                ; cheap slight out of focus]]
[2026.05.08-15.25.44:525][  0]LogConfig: Setting CVar [[r.DOF.Recombine.EnableBokehSettings:0    ; no bokeh simulation on slight out of focus]]
[2026.05.08-15.25.44:525][  0]LogConfig: Setting CVar [[r.DOF.TemporalAAQuality:1                ; more stable temporal accumulation]]
[2026.05.08-15.25.44:525][  0]LogConfig: Setting CVar [[r.DOF.Kernel.MaxForegroundRadius:0.025]]
[2026.05.08-15.25.44:525][  0]LogConfig: Setting CVar [[r.DOF.Kernel.MaxBackgroundRadius:0.025]]
[2026.05.08-15.25.44:525][  0]LogConfig: Applying CVar settings from Section [TextureQuality@3] File [C:/Users/2026/Documents/Unreal Projects/Facade/Saved/Config/Windows/Scalability.ini]
[2026.05.08-15.25.44:525][  0]LogConfig: Setting CVar [[r.Streaming.MipBias:0]]
[2026.05.08-15.25.44:525][  0]LogConfig: Setting CVar [[r.Streaming.AmortizeCPUToGPUCopy:0]]
[2026.05.08-15.25.44:525][  0]LogConfig: Setting CVar [[r.Streaming.MaxNumTexturesToStreamPerFrame:0]]
[2026.05.08-15.25.44:525][  0]LogConfig: Setting CVar [[r.Streaming.Boost:1]]
[2026.05.08-15.25.44:525][  0]LogConfig: Setting CVar [[r.MaxAnisotropy:8]]
[2026.05.08-15.25.44:525][  0]LogConfig: Setting CVar [[r.VT.MaxAnisotropy:8]]
[2026.05.08-15.25.44:525][  0]LogConfig: Setting CVar [[r.Streaming.LimitPoolSizeToVRAM:0]]
[2026.05.08-15.25.44:525][  0]LogConfig: Setting CVar [[r.Streaming.PoolSize:1000]]
[2026.05.08-15.25.44:525][  0]LogConfig: Setting CVar [[r.Streaming.MaxEffectiveScreenSize:0]]
[2026.05.08-15.25.44:525][  0]LogConfig: Applying CVar settings from Section [EffectsQuality@3] File [C:/Users/2026/Documents/Unreal Projects/Facade/Saved/Config/Windows/Scalability.ini]
[2026.05.08-15.25.44:525][  0]LogConfig: Setting CVar [[r.TranslucencyLightingVolumeDim:64]]
[2026.05.08-15.25.44:525][  0]LogConfig: Setting CVar [[r.RefractionQuality:2]]
[2026.05.08-15.25.44:525][  0]LogConfig: Setting CVar [[r.SSR.Quality:3]]
[2026.05.08-15.25.44:525][  0]LogConfig: Setting CVar [[r.SSR.HalfResSceneColor:0]]
[2026.05.08-15.25.44:525][  0]LogConfig: Setting CVar [[r.SceneColorFormat:4]]
[2026.05.08-15.25.44:525][  0]LogConfig: Setting CVar [[r.DetailMode:2]]
[2026.05.08-15.25.44:525][  0]LogConfig: Setting CVar [[r.TranslucencyVolumeBlur:1]]
[2026.05.08-15.25.44:525][  0]LogConfig: Setting CVar [[r.MaterialQualityLevel:1 ; High quality]]
[2026.05.08-15.25.44:525][  0]LogConfig: Setting CVar [[r.AnisotropicMaterials:1]]
[2026.05.08-15.25.44:525][  0]LogConfig: Setting CVar [[r.SSS.Scale:1]]
[2026.05.08-15.25.44:525][  0]LogConfig: Setting CVar [[r.SSS.SampleSet:2]]
[2026.05.08-15.25.44:525][  0]LogConfig: Setting CVar [[r.SSS.Quality:1]]
[2026.05.08-15.25.44:525][  0]LogConfig: Setting CVar [[r.SSS.HalfRes:0]]
[2026.05.08-15.25.44:525][  0]LogConfig: Setting CVar [[r.SSGI.Quality:3]]
[2026.05.08-15.25.44:525][  0]LogConfig: Setting CVar [[r.EmitterSpawnRateScale:1.0]]
[2026.05.08-15.25.44:525][  0]LogConfig: Setting CVar [[r.ParticleLightQuality:2]]
[2026.05.08-15.25.44:525][  0]LogConfig: Setting CVar [[r.SkyAtmosphere.AerialPerspectiveLUT.FastApplyOnOpaque:1 ; Always have FastSkyLUT 1 in this case to avoid wrong sky]]
[2026.05.08-15.25.44:525][  0]LogConfig: Setting CVar [[r.SkyAtmosphere.AerialPerspectiveLUT.SampleCountMaxPerSlice:4]]
[2026.05.08-15.25.44:525][  0]LogConfig: Setting CVar [[r.SkyAtmosphere.AerialPerspectiveLUT.DepthResolution:16.0]]
[2026.05.08-15.25.44:525][  0]LogConfig: Setting CVar [[r.SkyAtmosphere.FastSkyLUT:1]]
[2026.05.08-15.25.44:525][  0]LogConfig: Setting CVar [[r.SkyAtmosphere.FastSkyLUT.SampleCountMin:4.0]]
[2026.05.08-15.25.44:525][  0]LogConfig: Setting CVar [[r.SkyAtmosphere.FastSkyLUT.SampleCountMax:128.0]]
[2026.05.08-15.25.44:525][  0]LogConfig: Setting CVar [[r.SkyAtmosphere.SampleCountMin:4.0]]
[2026.05.08-15.25.44:525][  0]LogConfig: Setting CVar [[r.SkyAtmosphere.SampleCountMax:128.0]]
[2026.05.08-15.25.44:525][  0]LogConfig: Setting CVar [[r.SkyAtmosphere.TransmittanceLUT.UseSmallFormat:0]]
[2026.05.08-15.25.44:525][  0]LogConfig: Setting CVar [[r.SkyAtmosphere.TransmittanceLUT.SampleCount:10.0]]
[2026.05.08-15.25.44:525][  0]LogConfig: Setting CVar [[r.SkyAtmosphere.MultiScatteringLUT.SampleCount:15.0]]
[2026.05.08-15.25.44:525][  0]LogConfig: Setting CVar [[r.SkyLight.RealTimeReflectionCapture:1]]
[2026.05.08-15.25.44:525][  0]LogConfig: Applying CVar settings from Section [FoliageQuality@3] File [C:/Users/2026/Documents/Unreal Projects/Facade/Saved/Config/Windows/Scalability.ini]
[2026.05.08-15.25.44:525][  0]LogConfig: Setting CVar [[foliage.DensityScale:1.0]]
[2026.05.08-15.25.44:525][  0]LogConfig: Setting CVar [[grass.DensityScale:1.0]]
[2026.05.08-15.25.44:525][  0]LogConfig: Applying CVar settings from Section [ShadingQuality@3] File [C:/Users/2026/Documents/Unreal Projects/Facade/Saved/Config/Windows/Scalability.ini]
[2026.05.08-15.25.44:525][  0]LogConfig: Setting CVar [[r.HairStrands.SkyLighting.IntegrationType:2]]
[2026.05.08-15.25.44:525][  0]LogConfig: Setting CVar [[r.HairStrands.SkyAO.SampleCount:4]]
[2026.05.08-15.25.44:525][  0]LogConfig: Setting CVar [[r.HairStrands.Visibility.MSAA.SamplePerPixel:4]]
[2026.05.08-15.25.44:525][  0]LogConfig: Applying CVar settings from Section [Startup] File [../../../Engine/Config/ConsoleVariables.ini]
[2026.05.08-15.25.44:526][  0]LogConfig: Setting CVar [[net.UseAdaptiveNetUpdateFrequency:0]]
[2026.05.08-15.25.44:526][  0]LogConfig: Setting CVar [[p.chaos.AllowCreatePhysxBodies:1]]
[2026.05.08-15.25.44:526][  0]LogConfig: Setting CVar [[fx.SkipVectorVMBackendOptimizations:1]]
[2026.05.08-15.25.44:526][  0]LogConfig: Applying CVar settings from Section [ConsoleVariables] File [C:/Users/2026/Documents/Unreal Projects/Facade/Saved/Config/Windows/Engine.ini]
[2026.05.08-15.25.44:526][  0]LogConfig: Applying CVar settings from Section [ConsoleVariables] File [C:/Users/2026/Documents/Unreal Projects/Facade/Saved/Config/Windows/Editor.ini]
[2026.05.08-15.25.44:526][  0]LogInit: Computer: LAPTOP-590ECT4E
[2026.05.08-15.25.44:526][  0]LogInit: User: 2026
[2026.05.08-15.25.44:526][  0]LogInit: CPU Page size=4096, Cores=6
[2026.05.08-15.25.44:526][  0]LogInit: High frequency timer resolution =10.000000 MHz
[2026.05.08-15.25.44:526][  0]LogMemory: Memory total: Physical=15.3GB (16GB approx)
[2026.05.08-15.25.44:526][  0]LogMemory: Platform Memory Stats for Windows
[2026.05.08-15.25.44:526][  0]LogMemory: Process Physical Memory: 149.00 MB used, 149.00 MB peak
[2026.05.08-15.25.44:526][  0]LogMemory: Process Virtual Memory: 128.55 MB used, 128.55 MB peak
[2026.05.08-15.25.44:526][  0]LogMemory: Physical Memory: 7886.54 MB used,  7750.01 MB free, 15636.55 MB total
[2026.05.08-15.25.44:526][  0]LogMemory: Virtual Memory: 134197072.00 MB used,  20652.47 MB free, 134217728.00 MB total
[2026.05.08-15.25.44:533][  0]LogWindows: WindowsPlatformFeatures enabled
[2026.05.08-15.25.44:578][  0]LogInit: Physics initialised using underlying interface: PhysX
[2026.05.08-15.25.44:579][  0]LogInit: Using OS detected language (es-ES).
[2026.05.08-15.25.44:579][  0]LogInit: Using OS detected locale (es-ES).
[2026.05.08-15.25.44:581][  0]LogTextLocalizationManager: No specific localization for 'es-ES' exists, so the 'es' localization will be used.
[2026.05.08-15.25.44:624][  0]LogInit: Setting process to per monitor DPI aware
[2026.05.08-15.25.44:640][  0]LogWindowsTextInputMethodSystem: Display: IME system deactivated.
[2026.05.08-15.25.44:663][  0]LogSlate: New Slate User Created.  User Index 0, Is Virtual User: 0
[2026.05.08-15.25.44:663][  0]LogSlate: Slate User Registered.  User Index 0, Is Virtual User: 0
[2026.05.08-15.25.44:813][  0]LogD3D11RHI: Loaded GFSDK_Aftermath_Lib.x64.dll
[2026.05.08-15.25.44:885][  0]LogHMD: Failed to initialize OpenVR with code 110
[2026.05.08-15.25.44:885][  0]LogD3D11RHI: D3D11 min allowed feature level: 11_0
[2026.05.08-15.25.44:885][  0]LogD3D11RHI: D3D11 max allowed feature level: 11_0
[2026.05.08-15.25.44:885][  0]LogD3D11RHI: D3D11 adapters:
[2026.05.08-15.25.45:111][  0]LogD3D11RHI:    0. 'NVIDIA GeForce RTX 4050 Laptop GPU' (Feature Level 11_0)
[2026.05.08-15.25.45:111][  0]LogD3D11RHI:       5921/0/7818 MB DedicatedVideo/DedicatedSystem/SharedSystem, Outputs:1, VendorId:0x10de
[2026.05.08-15.25.45:209][  0]LogD3D11RHI:    1. 'AMD Radeon 740M Graphics' (Feature Level 11_0)
[2026.05.08-15.25.45:210][  0]LogD3D11RHI:       420/0/7818 MB DedicatedVideo/DedicatedSystem/SharedSystem, Outputs:0, VendorId:0x1002
[2026.05.08-15.25.45:213][  0]LogD3D11RHI:    2. 'Microsoft Basic Render Driver' (Feature Level 11_0)
[2026.05.08-15.25.45:213][  0]LogD3D11RHI:       0/0/7818 MB DedicatedVideo/DedicatedSystem/SharedSystem, Outputs:0, VendorId:0x1414
[2026.05.08-15.25.45:213][  0]LogD3D11RHI: Chosen D3D11 Adapter:
[2026.05.08-15.25.45:213][  0]LogD3D11RHI:     Description : NVIDIA GeForce RTX 4050 Laptop GPU
[2026.05.08-15.25.45:213][  0]LogD3D11RHI:     VendorId    : 10de
[2026.05.08-15.25.45:213][  0]LogD3D11RHI:     DeviceId    : 28e1
[2026.05.08-15.25.45:213][  0]LogD3D11RHI:     SubSysId    : 14f41043
[2026.05.08-15.25.45:213][  0]LogD3D11RHI:     Revision    : 00a1
[2026.05.08-15.25.45:213][  0]LogD3D11RHI:     DedicatedVideoMemory : 6208618496 bytes
[2026.05.08-15.25.45:214][  0]LogD3D11RHI:     DedicatedSystemMemory : 0 bytes
[2026.05.08-15.25.45:214][  0]LogD3D11RHI:     SharedSystemMemory : 8198057984 bytes
[2026.05.08-15.25.45:214][  0]LogD3D11RHI:     AdapterLuid : 0 75372
[2026.05.08-15.25.45:223][  0]LogD3D11RHI: Creating new Direct3DDevice
[2026.05.08-15.25.45:223][  0]LogD3D11RHI:     GPU DeviceId: 0x28e1 (for the marketing name, search the web for "GPU Device Id")
[2026.05.08-15.25.45:223][  0]LogWindows: EnumDisplayDevices:
[2026.05.08-15.25.45:223][  0]LogWindows:    0. 'AMD Radeon 740M Graphics' (P:1 D:1)
[2026.05.08-15.25.45:223][  0]LogWindows:    1. 'AMD Radeon 740M Graphics' (P:0 D:0)
[2026.05.08-15.25.45:223][  0]LogWindows:    2. 'AMD Radeon 740M Graphics' (P:0 D:0)
[2026.05.08-15.25.45:224][  0]LogWindows:    3. 'AMD Radeon 740M Graphics' (P:0 D:0)
[2026.05.08-15.25.45:224][  0]LogWindows:    4. 'AMD Radeon 740M Graphics' (P:0 D:0)
[2026.05.08-15.25.45:224][  0]LogWindows:    5. 'NVIDIA GeForce RTX 4050 Laptop GPU' (P:0 D:0)
[2026.05.08-15.25.45:224][  0]LogWindows:    6. 'NVIDIA GeForce RTX 4050 Laptop GPU' (P:0 D:0)
[2026.05.08-15.25.45:224][  0]LogWindows:    7. 'NVIDIA GeForce RTX 4050 Laptop GPU' (P:0 D:0)
[2026.05.08-15.25.45:224][  0]LogWindows:    8. 'NVIDIA GeForce RTX 4050 Laptop GPU' (P:0 D:0)
[2026.05.08-15.25.45:224][  0]LogWindows: DebugString: PrimaryIsNotTheChoosenAdapter PrimaryIsNotTheChoosenAdapter PrimaryIsNotTheChoosenAdapter PrimaryIsNotTheChoosenAdapter PrimaryIsNotTheChoosenAdapter FoundDriverCount:4 
[2026.05.08-15.25.45:225][  0]LogD3D11RHI:     Adapter Name: NVIDIA GeForce RTX 4050 Laptop GPU
[2026.05.08-15.25.45:225][  0]LogD3D11RHI:   Driver Version: 573.05 (internal:32.0.15.7305, unified:573.05)
[2026.05.08-15.25.45:225][  0]LogD3D11RHI:      Driver Date: 4-20-2025
[2026.05.08-15.25.45:225][  0]LogRHI: Texture pool is 4144 MB (70% of 5921 MB)
[2026.05.08-15.25.45:225][  0]LogD3D11RHI: Creating D3DDevice using adapter:
[2026.05.08-15.25.45:225][  0]LogD3D11RHI:     Description : NVIDIA GeForce RTX 4050 Laptop GPU
[2026.05.08-15.25.45:225][  0]LogD3D11RHI:     VendorId    : 10de
[2026.05.08-15.25.45:225][  0]LogD3D11RHI:     DeviceId    : 28e1
[2026.05.08-15.25.45:225][  0]LogD3D11RHI:     SubSysId    : 14f41043
[2026.05.08-15.25.45:225][  0]LogD3D11RHI:     Revision    : 00a1
[2026.05.08-15.25.45:225][  0]LogD3D11RHI:     DedicatedVideoMemory : 6208618496 bytes
[2026.05.08-15.25.45:225][  0]LogD3D11RHI:     DedicatedSystemMemory : 0 bytes
[2026.05.08-15.25.45:225][  0]LogD3D11RHI:     SharedSystemMemory : 8198057984 bytes
[2026.05.08-15.25.45:225][  0]LogD3D11RHI:     AdapterLuid : 0 75372
[2026.05.08-15.25.45:352][  0]LogD3D11RHI: RHI has support for 64 bit atomics
[2026.05.08-15.25.45:353][  0]LogD3D11RHI: Async texture creation enabled
[2026.05.08-15.25.45:353][  0]LogD3D11RHI: Array index from any shader is supported
[2026.05.08-15.25.45:375][  0]LogD3D11RHI: GPU Timing Frequency: 1000.000000 (Debug: 2 2)
[2026.05.08-15.25.45:412][  0]LogRHI: GeForceNow SDK initialized: 1
[2026.05.08-15.25.45:671][  0]LogTargetPlatformManager: Display: Loaded TargetPlatform 'AllDesktop'
[2026.05.08-15.25.45:692][  0]LogTargetPlatformManager: Display: Loaded TargetPlatform 'Android'
[2026.05.08-15.25.45:692][  0]LogTargetPlatformManager: Display: Loaded TargetPlatform 'Android_ASTC'
[2026.05.08-15.25.45:692][  0]LogTargetPlatformManager: Display: Loaded TargetPlatform 'Android_DXT'
[2026.05.08-15.25.45:692][  0]LogTargetPlatformManager: Display: Loaded TargetPlatform 'Android_ETC2'
[2026.05.08-15.25.45:692][  0]LogTargetPlatformManager: Display: Loaded TargetPlatform 'AndroidClient'
[2026.05.08-15.25.45:692][  0]LogTargetPlatformManager: Display: Loaded TargetPlatform 'Android_ASTCClient'
[2026.05.08-15.25.45:692][  0]LogTargetPlatformManager: Display: Loaded TargetPlatform 'Android_DXTClient'
[2026.05.08-15.25.45:692][  0]LogTargetPlatformManager: Display: Loaded TargetPlatform 'Android_ETC2Client'
[2026.05.08-15.25.45:692][  0]LogTargetPlatformManager: Display: Loaded TargetPlatform 'Android_Multi'
[2026.05.08-15.25.45:692][  0]LogTargetPlatformManager: Display: Loaded TargetPlatform 'Android_MultiClient'
[2026.05.08-15.25.45:710][  0]LogTargetPlatformManager: Display: Loaded TargetPlatform 'IOSClient'
[2026.05.08-15.25.45:710][  0]LogTargetPlatformManager: Display: Loaded TargetPlatform 'IOS'
[2026.05.08-15.25.45:718][  0]LogTargetPlatformManager: Display: Loaded TargetPlatform 'Linux'
[2026.05.08-15.25.45:723][  0]LogTargetPlatformManager: Display: Loaded TargetPlatform 'LinuxNoEditor'
[2026.05.08-15.25.45:727][  0]LogTargetPlatformManager: Display: Loaded TargetPlatform 'LinuxClient'
[2026.05.08-15.25.45:731][  0]LogTargetPlatformManager: Display: Loaded TargetPlatform 'LinuxServer'
[2026.05.08-15.25.45:740][  0]LogTargetPlatformManager: Display: Loaded TargetPlatform 'LinuxAArch64NoEditor'
[2026.05.08-15.25.45:745][  0]LogTargetPlatformManager: Display: Loaded TargetPlatform 'LinuxAArch64Client'
[2026.05.08-15.25.45:750][  0]LogTargetPlatformManager: Display: Loaded TargetPlatform 'LinuxAArch64Server'
[2026.05.08-15.25.45:769][  0]LogTargetPlatformManager: Display: Loaded TargetPlatform 'Lumin'
[2026.05.08-15.25.45:769][  0]LogTargetPlatformManager: Display: Loaded TargetPlatform 'LuminClient'
[2026.05.08-15.25.45:777][  0]LogTargetPlatformManager: Display: Loaded TargetPlatform 'MacNoEditor'
[2026.05.08-15.25.45:781][  0]LogTargetPlatformManager: Display: Loaded TargetPlatform 'Mac'
[2026.05.08-15.25.45:786][  0]LogTargetPlatformManager: Display: Loaded TargetPlatform 'MacClient'
[2026.05.08-15.25.45:790][  0]LogTargetPlatformManager: Display: Loaded TargetPlatform 'MacServer'
[2026.05.08-15.25.45:800][  0]LogTargetPlatformManager: Display: Loaded TargetPlatform 'TVOSClient'
[2026.05.08-15.25.45:800][  0]LogTargetPlatformManager: Display: Loaded TargetPlatform 'TVOS'
[2026.05.08-15.25.45:808][  0]LogTargetPlatformManager: Display: Loaded TargetPlatform 'WindowsNoEditor'
[2026.05.08-15.25.45:814][  0]LogTargetPlatformManager: Display: Loaded TargetPlatform 'Windows'
[2026.05.08-15.25.45:819][  0]LogTargetPlatformManager: Display: Loaded TargetPlatform 'WindowsClient'
[2026.05.08-15.25.45:824][  0]LogTargetPlatformManager: Display: Loaded TargetPlatform 'WindowsServer'
[2026.05.08-15.25.45:824][  0]LogTargetPlatformManager: Display: Building Assets For Windows
[2026.05.08-15.25.45:831][  0]LogAudioDebug: Display: Lib vorbis DLL was dynamically loaded.
[2026.05.08-15.25.45:859][  0]LogTextureFormatOodle: Display: Oodle Texture 2.9.0 init RDO Off
[2026.05.08-15.25.45:893][  0]LogRendererCore: Ray tracing is disabled. Reason: r.RayTracing=0.
[2026.05.08-15.25.45:893][  0]LogShaderCompilers: Guid format shader working directory is -16 characters bigger than the processId version (../../../../../../Users/2026/Documents/Unreal Projects/Facade/Intermediate/Shaders/WorkingDirectory/8980/).
[2026.05.08-15.25.45:893][  0]LogShaderCompilers: Cleaned the shader compiler working directory 'C:/Users/2026/AppData/Local/Temp/UnrealShaderWorkingDir/5E35719F4AED5942B45C2B8DAD36F191/'.
[2026.05.08-15.25.45:893][  0]LogXGEController: Cannot use XGE Controller as Incredibuild is not installed on this machine.
[2026.05.08-15.25.45:893][  0]LogShaderCompilers: Cannot use XGE Shader Compiler as Incredibuild is not installed on this machine.
[2026.05.08-15.25.45:893][  0]LogShaderCompilers: Display: Using Local Shader Compiler.
[2026.05.08-15.25.46:542][  0]LogDerivedDataCache: Display: Max Cache Size: 512 MB
[2026.05.08-15.25.46:616][  0]LogDerivedDataCache: Loaded boot cache 0.07s 95MB C:/Users/2026/AppData/Local/UnrealEngine/4.27/DerivedDataCache/Boot.ddc.
[2026.05.08-15.25.46:616][  0]LogDerivedDataCache: Display: Loaded Boot cache: C:/Users/2026/AppData/Local/UnrealEngine/4.27/DerivedDataCache/Boot.ddc
[2026.05.08-15.25.46:625][  0]LogDerivedDataCache: FDerivedDataBackendGraph:  Pak pak cache file ../../../../../../Users/2026/Documents/Unreal Projects/Facade/DerivedDataCache/DDC.ddp not found, will not use a pak cache.
[2026.05.08-15.25.46:625][  0]LogDerivedDataCache: Unable to find inner node Pak for hierarchical cache Hierarchy.
[2026.05.08-15.25.46:625][  0]LogDerivedDataCache: FDerivedDataBackendGraph:  CompressedPak pak cache file ../../../../../../Users/2026/Documents/Unreal Projects/Facade/DerivedDataCache/Compressed.ddp not found, will not use a pak cache.
[2026.05.08-15.25.46:625][  0]LogDerivedDataCache: Unable to find inner node CompressedPak for hierarchical cache Hierarchy.
[2026.05.08-15.25.46:643][  0]LogDerivedDataCache: Display: Pak cache opened for reading ../../../Engine/DerivedDataCache/Compressed.ddp.
[2026.05.08-15.25.46:643][  0]LogDerivedDataCache: FDerivedDataBackendGraph:  EnterprisePak pak cache file ../../../Enterprise/DerivedDataCache/Compressed.ddp not found, will not use a pak cache.
[2026.05.08-15.25.46:643][  0]LogDerivedDataCache: Unable to find inner node EnterprisePak for hierarchical cache Hierarchy.
[2026.05.08-15.25.46:659][  0]LogDerivedDataCache: Speed tests for C:/Users/2026/AppData/Local/UnrealEngine/Common/DerivedDataCache took 0.02 seconds
[2026.05.08-15.25.46:659][  0]LogDerivedDataCache: Display: Performance to C:/Users/2026/AppData/Local/UnrealEngine/Common/DerivedDataCache: Latency=0.02ms. RandomReadSpeed=935.49MBs, RandomWriteSpeed=63.64MBs. Assigned SpeedClass 'Local'
[2026.05.08-15.25.46:661][  0]LogDerivedDataCache: Using Local data cache path C:/Users/2026/AppData/Local/UnrealEngine/Common/DerivedDataCache: Writable
[2026.05.08-15.25.46:661][  0]LogDerivedDataCache: Shared data cache path not found in *engine.ini, will not use an Shared cache.
[2026.05.08-15.25.46:661][  0]LogDerivedDataCache: Unable to find inner node Shared for hierarchical cache Hierarchy.
[2026.05.08-15.25.46:701][  0]LogSlate: Using FreeType 2.10.0
[2026.05.08-15.25.46:702][  0]LogSlate: SlateFontServices - WITH_FREETYPE: 1, WITH_HARFBUZZ: 1
[2026.05.08-15.25.46:733][  0]LogAssetRegistry: FAssetRegistry took 0.0054 seconds to start up
[2026.05.08-15.25.46:992][  0]LogInit: Selected Device Profile: [Windows]
[2026.05.08-15.25.46:992][  0]LogInit: Active device profile: [0000025116115400][000002510F661640 49] Windows
[2026.05.08-15.25.46:992][  0]LogInit: Profiles: [0000025116115400][000002510F661640 49] Windows, [00000251160C3300][000002510AB4D7C0 49] WindowsNoEditor, [0000025116114E00][0000025115495940 49] WindowsServer, [00000251160C0F00][0000025115491AC0 49] WindowsClient, [0000025116116700][00000251154A20C0 49] IOS, [00000251160B3F00][00000251154A6240 49] iPadAir, [00000251160C0300][00000251154AA3C0 49] iPadAir2, [0000025116064800][00000251154B2680 49] IPadPro, [0000025116064900][00000251154AE6C0 49] iPadAir3, [00000251160B0100][00000251154B6840 49] iPadAir4, [0000025116066F00][0000025106FBE980 49] iPadMini2, [00000251160B2600][00000251154BAAC0 49] iPadMini3, [0000025116067800][00000251154BEC00 49] iPadMini4, [00000251160B0A00][00000251154C2D40 49] iPadMini5, [0000025116115D00][00000251156B1000 49] iPhone6, [0000025116115F00][00000251156AD040 49] iPodTouch6, [0000025116063E00][00000251156B9300 49] iPhone7, [0000025116063F00][00000251156B5340 49] iPodTouch7, [0000025116067D00][00000251156BD4C0 49] iPhone5S, [0000025116061800][00000251156C1640 49] iPhone6Plus, [0000025116064700][00000251156C57C0 49] iPhone6S, [0000025116063200][00000251156C9940 49] iPhone6SPlus, [0000025116117C00][00000251156CDAC0 49] iPhone7Plus, [0000025116060600][00000251156D00C0 49] iPhoneSE, [0000025116116500][00000251156D4240 49] iPhone8, [0000025116061D00][00000251156D83C0 49] iPhone8Plus, [0000025116116900][00000251156DC540 49] iPhoneX, [0000025116062B00][00000251156E06C0 49] iPhoneXS, [0000025116114C00][00000251156E4840 49] iPhoneXSMax, [0000025116060900][00000251156E89C0 49] iPhoneXR, [0000025116117500][0000025115CB8B40 49] iPhone11, [0000025116063D00][00000251154C6C80 49] iPhone11Pro, [0000025116117300][0000025115CBCDC0 49] iPhone11ProMax, [0000025116062000][0000025115CC0F00 49] iPhoneSE2, [0000025116116D00][0000025115CC9080 49] iPhone12Mini, [0000025116061300][0000025115CCD200 49] iPhone12, [0000025116117600][0000025115CD1380 49] iPhone12Pro, [0000025116063000][0000025115CD5500 49] iPhone12ProMax, [0000025116117200][0000025115CD9680 49] iPadPro105, [0000025116060700][0000025115CDD800 49] iPadPro129, [0000025116117100][0000025115CE1980 49] iPadPro97, [0000025116063300][0000025115CE5B00 49] iPadPro2_129, [0000025116115B00][0000025115CE8100 49] iPad5, [0000025116060200][0000025115CEC280 49] iPad6, [0000025116114400][0000025115CF0400 49] iPad7, [0000025116062300][0000025115CF4580 49] iPad8, [0000025116115C00][0000025115CF8700 49] iPadPro11, [0000025116062600][0000025115CFC880 49] iPadPro2_11, [0000025116117700][0000025115D00A00 49] iPadPro3_129, [0000025116062400][0000025115D04B80 49] iPadPro4_129, [0000025116114500][0000025115D08D00 49] AppleTV, [0000025116062500][0000025115CC4E40 49] AppleTV4K, [0000025116114200][0000025115D0CF80 49] TVOS, [0000025116062200][00000251159110C0 49] Mac, [0000025116116400][0000025115919240 49] MacClient, [0000025116061000][000002511591D3C0 49] MacNoEditor, [0000025116116E00][0000025115921540 49] MacServer, [0000025116062100][00000251159256C0 49] Linux, [0000025116115300][0000025115929840 49] LinuxAArch64, [0000025116060D00][000002511592D9C0 49] LinuxNoEditor, [0000025116117400][0000025115931B40 49] LinuxAArch64NoEditor, [0000025116062800][0000025115934140 49] LinuxClient, [0000025116115600][00000251159382C0 49] LinuxAArch64Client, [0000025116062900][000002511593C440 49] LinuxServer, [0000025116114F00][00000251159405C0 49] LinuxAArch64Server, [0000025116060B00][0000025115944740 49] Android, [0000025116114100][00000251159488C0 49] Android_Low, [00000251160C1700][000002511594CA40 49] Android_Mid, [0000025116065E00][0000025115950BC0 49] Android_High, [00000251160C2100][0000025115954D40 49] Android_Default, [0000025116067C00][0000025115958EC0 49] Android_Adreno4xx, [00000251160C3C00][0000025115915000 49] Android_Adreno5xx_Low, [0000025116065A00][000002511595D140 49] Android_Adreno5xx, [00000251160C1600][0000025115961280 49] Android_Adreno6xx, [0000025116065900][00000251159653C0 49] Android_Adreno6xx_Vulkan, [00000251160C3B00][000002511596D540 49] Android_Mali_T6xx, [0000025116067400][00000251159716C0 49] Android_Mali_T7xx, [00000251160C3A00][0000025115975840 49] Android_Mali_T8xx, [0000025116067900][00000251159799C0 49] Android_Mali_G71, [00000251160C2000][000002511597DB40 49] Android_Mali_G72, [0000025116065400][0000025115500140 49] Android_Mali_G72_Vulkan, [00000251160C2E00][00000251155042C0 49] Android_Mali_G76, [0000025116064500][0000025115508440 49] Android_Mali_G76_Vulkan, [00000251160C1300][000002511550C5C0 49] Android_Mali_G77, [0000025116066100][0000025115510740 49] Android_Mali_G77_Vulkan, [00000251160C2A00][00000251155148C0 49] Android_Mali_G78, [0000025116066C00][0000025115518A40 49] Android_Mali_G78_Vulkan, [00000251160C1D00][000002511551CBC0 49] Android_Mali_G710, [0000025116066500][0000025115520D40 49] Android_Mali_G710_Vulkan, [00000251160C1200][0000025115524EC0 49] Android_Vulkan_SM5, [0000025116065700][0000025115529040 49] Android_PowerVR_G6xxx, [00000251160C2800][0000025115969180 49] Android_PowerVR_GT7xxx, [0000025116064C00][000002511552D2C0 49] Android_PowerVR_GE8xxx, [00000251160C2200][0000025115531400 49] Android_PowerVR_GM9xxx, [0000025116066600][0000025115535540 49] Android_PowerVR_GM9xxx_Vulkan, [00000251160C0100][000002511553D6C0 49] Android_TegraK1, [0000025116064D00][0000025115541840 49] Android_Unknown_Vulkan, [00000251160C3500][00000251155459C0 49] Lumin, [0000025116067A00][0000025115549B40 49] Lumin_Desktop, [0000025116116100][000002511554C140 49] HoloLens, 
[2026.05.08-15.25.47:110][  0]LogMeshReduction: Using QuadricMeshReduction for automatic static mesh reduction
[2026.05.08-15.25.47:110][  0]LogMeshReduction: Using SimplygonMeshReduction for automatic skeletal mesh reduction
[2026.05.08-15.25.47:110][  0]LogMeshReduction: Using ProxyLODMeshReduction for automatic mesh merging
[2026.05.08-15.25.47:110][  0]LogMeshReduction: No distributed automatic mesh merging module available
[2026.05.08-15.25.47:110][  0]LogMeshMerging: No distributed automatic mesh merging module available
[2026.05.08-15.25.47:126][  0]LogNetVersion: Facade 1.0.0, NetCL: 17155196, EngineNetVer: 17, GameNetVer: 0 (Checksum: 3346877052)
[2026.05.08-15.25.47:511][  0]LogTexture: Default maximum texture size for cubemaps generated from long-lat sources has been changed from 512 to unlimited. In order to preserve old behaiour for '/Engine/MapTemplates/Sky/DaylightAmbientCubemap.DaylightAmbientCubemap', its maximum texture size has been explicitly set to 512.
[2026.05.08-15.25.47:575][  0]LogHMD: PokeAHoleMaterial loaded successfully
[2026.05.08-15.25.47:583][  0]LogUObjectArray: 17178 objects as part of root set at end of initial load.
[2026.05.08-15.25.47:583][  0]LogUObjectAllocator: 4302048 out of 0 bytes used by permanent object pool.
[2026.05.08-15.25.47:583][  0]LogUObjectArray: CloseDisregardForGC: 0/0 objects in disregard for GC pool
[2026.05.08-15.25.47:776][  0]LogNiagaraDebuggerClient: Niagara Debugger Client Initialized | Session: F36879094BBE7CD47B59ECA8E822D9F6 | Instance: E85A126342E3A6EC5C9C4E9DF18C446A (LAPTOP-590ECT4E-8980).
[2026.05.08-15.25.48:011][  0]LogPython: Using Python 3.7.7
[2026.05.08-15.25.48:501][  0]LogTcpMessaging: Initializing TcpMessaging bridge
[2026.05.08-15.25.48:517][  0]LogUdpMessaging: Initializing bridge on interface 0.0.0.0:0 to multicast group 230.0.0.1:6666.
[2026.05.08-15.25.48:707][  0]SourceControl: El control de código fuente está desactivado
[2026.05.08-15.25.48:707][  0]SourceControl: El control de código fuente está desactivado
[2026.05.08-15.25.48:711][  0]SourceControl: El control de código fuente está desactivado
[2026.05.08-15.25.48:721][  0]SourceControl: El control de código fuente está desactivado
[2026.05.08-15.25.48:723][  0]SourceControl: El control de código fuente está desactivado
[2026.05.08-15.25.48:729][  0]LogUProjectInfo: Found projects:
[2026.05.08-15.25.48:978][  0]LogOpenImageDenoise: OIDN starting up
[2026.05.08-15.25.49:021][  0]LogAndroidPermission: UAndroidPermissionCallbackProxy::GetInstance
[2026.05.08-15.25.49:048][  0]LogAudioCaptureCore: Display: No Audio Capture implementations found. Audio input will be silent.
[2026.05.08-15.25.49:048][  0]LogAudioCaptureCore: Display: No Audio Capture implementations found. Audio input will be silent.
[2026.05.08-15.25.49:191][  0]LogCollectionManager: Loaded 0 collections in 0.002232 seconds
[2026.05.08-15.25.49:223][  0]LogFileCache: Scanning file cache for directory 'C:/Users/2026/Documents/Unreal Projects/Facade/Saved/Collections/' took 0.00s
[2026.05.08-15.25.49:223][  0]LogFileCache: Scanning file cache for directory 'C:/Users/2026/Documents/Unreal Projects/Facade/Content/Developers/2026/Collections/' took 0.00s
[2026.05.08-15.25.49:223][  0]LogFileCache: Scanning file cache for directory 'C:/Users/2026/Documents/Unreal Projects/Facade/Content/Collections/' took 0.00s
[2026.05.08-15.25.49:223][  0]LogOcInput: OculusInput pre-init called
[2026.05.08-15.25.49:491][  0]LogEngine: Initializing Engine...
[2026.05.08-15.25.49:504][  0]LogHMD: Failed to enumerate extensions. Please check that you have a valid OpenXR runtime installed.
[2026.05.08-15.25.49:505][  0]LogHMD: Failed to initialize OpenVR with code 110
[2026.05.08-15.25.49:505][  0]LogMagicLeap: Warning: VR disabled because ZI is not enabled.  To enable, in the editor, Edit -> Project Settings -> Plugins -> Magic Leap Plugin -> Enable Zero Iteration
[2026.05.08-15.25.49:506][  0]LogStats: UGameplayTagsManager::InitializeManager -  0.000 s
[2026.05.08-15.25.49:631][  0]LogInit: Initializing FReadOnlyCVARCache
[2026.05.08-15.25.49:645][  0]LogAIModule: Creating AISystem for world Untitled
[2026.05.08-15.25.49:647][  0]LogAudio: Display: Initializing Audio Device Manager...
[2026.05.08-15.25.49:650][  0]LogAudio: Display: Loading Default Audio Settings Objects...
[2026.05.08-15.25.49:651][  0]LogAudio: Display: No default SoundConcurrencyObject specified (or failed to load).
[2026.05.08-15.25.49:651][  0]LogAudio: Display: Audio Device Manager Initialized
[2026.05.08-15.25.49:651][  0]LogAudio: Display: Creating Audio Device:                 Id: 1, Scope: Shared, Realtime: True
[2026.05.08-15.25.49:651][  0]LogAudioMixer: Display: Audio Mixer Platform Settings:
[2026.05.08-15.25.49:651][  0]LogAudioMixer: Display: 	Sample Rate:						  48000
[2026.05.08-15.25.49:651][  0]LogAudioMixer: Display: 	Callback Buffer Frame Size Requested: 1024
[2026.05.08-15.25.49:651][  0]LogAudioMixer: Display: 	Callback Buffer Frame Size To Use:	  1024
[2026.05.08-15.25.49:651][  0]LogAudioMixer: Display: 	Number of buffers to queue:			  2
[2026.05.08-15.25.49:651][  0]LogAudioMixer: Display: 	Max Channels (voices):				  32
[2026.05.08-15.25.49:651][  0]LogAudioMixer: Display: 	Number of Async Source Workers:		  0
[2026.05.08-15.25.49:651][  0]LogAudio: Display: AudioDevice MaxSources: 32
[2026.05.08-15.25.49:652][  0]LogAudio: Display: Audio Spatialization Plugin: None (built-in).
[2026.05.08-15.25.49:652][  0]LogAudio: Display: Audio Reverb Plugin: None (built-in).
[2026.05.08-15.25.49:652][  0]LogAudio: Display: Audio Occlusion Plugin: None (built-in).
[2026.05.08-15.25.49:652][  0]LogAudioMixer: Display: Initializing audio mixer.
[2026.05.08-15.25.49:667][  0]LogAudioMixer: Display: 0: FrontLeft
[2026.05.08-15.25.49:667][  0]LogAudioMixer: Display: 1: FrontRight
[2026.05.08-15.25.50:165][  0]LogAudioMixer: Display: Using Audio Device Speakers (Realtek(R) Audio)
[2026.05.08-15.25.50:168][  0]LogAudioMixer: Display: Initializing Sound Submixes...
[2026.05.08-15.25.50:171][  0]LogAudioMixer: Display: Creating Master Submix 'MasterSubmixDefault'
[2026.05.08-15.25.50:171][  0]LogAudioMixer: Display: Creating Master Submix 'MasterReverbSubmixDefault'
[2026.05.08-15.25.50:174][  0]LogAudioMixer: Display: Creating Master Submix 'MasterEQSubmixDefault'
[2026.05.08-15.25.50:174][  0]LogAudioMixer: FMixerPlatformXAudio2::StartAudioStream() called
[2026.05.08-15.25.50:174][  0]LogAudioMixer: Display: Output buffers initialized: Frames=1024, Channels=2, Samples=2048
[2026.05.08-15.25.50:176][  0]LogAudioMixer: Display: Starting AudioMixerPlatformInterface::RunInternal()
[2026.05.08-15.25.50:176][  0]LogAudioMixer: Display: FMixerPlatformXAudio2::SubmitBuffer() called for the first time
[2026.05.08-15.25.50:176][  0]LogInit: FAudioDevice initialized.
[2026.05.08-15.25.50:177][  0]LogAudio: Display: Audio Device (ID: 1) registered with world 'Untitled'.
[2026.05.08-15.25.50:177][  0]LogNetVersion: Set ProjectVersion to 1.0.0.0. Version Checksum will be recalculated on next use.
[2026.05.08-15.25.50:265][  0]LogDerivedDataCache: Saved boot cache 0.09s 95MB C:/Users/2026/AppData/Local/UnrealEngine/4.27/DerivedDataCache/Boot.ddc.
[2026.05.08-15.25.50:267][  0]LogInit: Texture streaming: Enabled
[2026.05.08-15.25.50:287][  0]LogAnalytics: Display: [UEEditor.Rocket.Release] APIServer = https://datarouter.ol.epicgames.com/. AppVersion = 4.27.2-18319896+++UE4+Release-4.27
[2026.05.08-15.25.50:292][  0]LogEngineSessionManager: EngineSessionManager initialized
[2026.05.08-15.25.50:292][  0]LogEditorSessionSummary: Verbose: Initializing EditorSessionSummaryWriter for editor session tracking
[2026.05.08-15.25.50:294][  0]LogEditorSessionSummary: EditorSessionSummaryWriter initialized
[2026.05.08-15.25.50:326][  0]LogInit: Transaction tracking system initialized
[2026.05.08-15.25.50:354][  0]BlueprintLog: New page: Cargar el editor
[2026.05.08-15.25.50:432][  0]LocalizationService: Localization service is disabled
[2026.05.08-15.25.50:465][  0]TimingProfiler: Initialize
[2026.05.08-15.25.50:465][  0]TimingProfiler: OnSessionChanged
[2026.05.08-15.25.50:465][  0]LoadingProfiler: Initialize
[2026.05.08-15.25.50:465][  0]LoadingProfiler: OnSessionChanged
[2026.05.08-15.25.50:465][  0]NetworkingProfiler: Initialize
[2026.05.08-15.25.50:465][  0]NetworkingProfiler: OnSessionChanged
[2026.05.08-15.25.50:465][  0]MemoryProfiler: Initialize
[2026.05.08-15.25.50:465][  0]MemoryProfiler: OnSessionChanged
[2026.05.08-15.25.50:642][  0]LogCook: Display: CookSettings for Memory: MemoryMaxUsedVirtual 0MiB, MemoryMaxUsedPhysical 16384MiB, MemoryMinFreeVirtual 0MiB, MemoryMinFreePhysical 1024MiB
[2026.05.08-15.25.50:642][  0]LogCook: Display: Mobile HDR setting 1
[2026.05.08-15.25.50:818][  0]LogFileCache: Scanning file cache for directory 'C:/Users/2026/Documents/Unreal Projects/Facade/Content/' took 0.01s
[2026.05.08-15.25.51:155][  0]LogInit: Display: Engine is initialized. Leaving FEngineLoop::Init()
[2026.05.08-15.25.51:159][  0]SourceControl: El control de código fuente está desactivado
[2026.05.08-15.25.51:159][  0]LogUnrealEdMisc: Loading editor; pre map load, took 7.741
[2026.05.08-15.25.51:159][  0]Cmd: MAP LOAD FILE="../../../../../../Users/2026/Documents/Unreal Projects/Facade/Content/TwinStickCPP/Maps/TwinStickExampleMap.umap" TEMPLATE=0 SHOWPROGRESS=1 FEATURELEVEL=3
[2026.05.08-15.25.51:172][  0]LightingResults: New page: Diseñar la iluminación
[2026.05.08-15.25.51:174][  0]LogWorld: UWorld::CleanupWorld for Untitled, bSessionEnded=true, bCleanupResources=true
[2026.05.08-15.25.51:174][  0]LogSlate: InvalidateAllWidgets triggered.  All widgets were invalidated
[2026.05.08-15.25.51:175][  0]MapCheck: New page: Revisión del mapa
[2026.05.08-15.25.51:175][  0]LightingResults: New page: Diseñar la iluminación
[2026.05.08-15.25.51:178][  0]LogAudio: Display: Audio Device unregistered from world 'None'.
[2026.05.08-15.25.51:184][  0]LogUObjectHash: Compacting FUObjectHashTables data took   0.95ms
[2026.05.08-15.25.51:285][  0]LogAudio: Display: Audio Device (ID: 1) registered with world 'TwinStickExampleMap'.
[2026.05.08-15.25.51:286][  0]LogAIModule: Creating AISystem for world TwinStickExampleMap
[2026.05.08-15.25.51:293][  0]LogEditorServer: Finished looking for orphan Actors (0.000 secs)
[2026.05.08-15.25.51:304][  0]LogUObjectHash: Compacting FUObjectHashTables data took   1.22ms
[2026.05.08-15.25.51:304][  0]Cmd: MAP CHECKDEP NOCLEARLOG
[2026.05.08-15.25.51:305][  0]MapCheck: Map check complete: 0 Error(s), 0 Warning(s), took 0,268ms to complete.
[2026.05.08-15.25.51:305][  0]LogFileHelpers: Loading map 'TwinStickExampleMap' took 0.146
[2026.05.08-15.25.51:312][  0]LogUnrealEdMisc: Total Editor Startup Time, took 7.894
[2026.05.08-15.25.51:498][  0]LogSlate: Updating window title bar state: overlay mode, drag disabled, window buttons hidden, title bar hidden
[2026.05.08-15.25.51:506][  0]LogSlate: Updating window title bar state: overlay mode, drag disabled, window buttons hidden, title bar hidden
[2026.05.08-15.25.51:512][  0]LogSlate: Updating window title bar state: overlay mode, drag disabled, window buttons hidden, title bar hidden
[2026.05.08-15.25.51:521][  0]LogSlate: Updating window title bar state: overlay mode, drag disabled, window buttons hidden, title bar hidden
[2026.05.08-15.25.51:556][  0]LogNativeClassHierarchy: Verbose: Native class hierarchy populated in 0.0139 seconds. Added 3828 classes and 930 folders.
[2026.05.08-15.25.51:564][  0]LogNativeClassHierarchy: Verbose: Native class hierarchy updated for 'WidgetCarousel' in 0.0004 seconds. Added 0 classes and 0 folders.
[2026.05.08-15.25.51:571][  0]LogPakFile: PakFile PrimaryIndexSize=187
[2026.05.08-15.25.51:571][  0]LogPakFile: PakFile PathHashIndexSize=101
[2026.05.08-15.25.51:571][  0]LogPakFile: PakFile FullDirectoryIndexSize=148
[2026.05.08-15.25.51:571][  0]LogShaderLibrary: Display: ShaderCodeLibraryPakFileMountedCallback: PakFile 'C:/Program Files/Epic Games/UE_4.27/FeaturePacks/FP_FirstPerson.upack' (chunk index -1, root 'root:/') mounted
[2026.05.08-15.25.51:571][  0]LogShaderLibrary: Display: ShaderCodeLibraryPakFileMountedCallback: pending pak file info (ChunkID:-1 Root:root:/ File:C:/Program Files/Epic Games/UE_4.27/FeaturePacks/FP_FirstPerson.upack)
[2026.05.08-15.25.51:571][  0]LogPakFile: OnPakFileMounted2Time == 0.000309
[2026.05.08-15.25.51:574][  0]LogPakFile: PakFile PrimaryIndexSize=189
[2026.05.08-15.25.51:574][  0]LogPakFile: PakFile PathHashIndexSize=101
[2026.05.08-15.25.51:574][  0]LogPakFile: PakFile FullDirectoryIndexSize=152
[2026.05.08-15.25.51:574][  0]LogShaderLibrary: Display: ShaderCodeLibraryPakFileMountedCallback: PakFile 'C:/Program Files/Epic Games/UE_4.27/FeaturePacks/FP_FirstPersonBP.upack' (chunk index -1, root 'root:/') mounted
[2026.05.08-15.25.51:574][  0]LogShaderLibrary: Display: ShaderCodeLibraryPakFileMountedCallback: pending pak file info (ChunkID:-1 Root:root:/ File:C:/Program Files/Epic Games/UE_4.27/FeaturePacks/FP_FirstPersonBP.upack)
[2026.05.08-15.25.51:574][  0]LogPakFile: OnPakFileMounted2Time == 0.000047
[2026.05.08-15.25.51:577][  0]LogPakFile: PakFile PrimaryIndexSize=191
[2026.05.08-15.25.51:577][  0]LogPakFile: PakFile PathHashIndexSize=101
[2026.05.08-15.25.51:577][  0]LogPakFile: PakFile FullDirectoryIndexSize=160
[2026.05.08-15.25.51:577][  0]LogShaderLibrary: Display: ShaderCodeLibraryPakFileMountedCallback: PakFile 'C:/Program Files/Epic Games/UE_4.27/FeaturePacks/MobileStarterContent.upack' (chunk index -1, root 'root:/') mounted
[2026.05.08-15.25.51:577][  0]LogShaderLibrary: Display: ShaderCodeLibraryPakFileMountedCallback: pending pak file info (ChunkID:-1 Root:root:/ File:C:/Program Files/Epic Games/UE_4.27/FeaturePacks/MobileStarterContent.upack)
[2026.05.08-15.25.51:577][  0]LogPakFile: OnPakFileMounted2Time == 0.000056
[2026.05.08-15.25.51:578][  0]LogPakFile: PakFile PrimaryIndexSize=185
[2026.05.08-15.25.51:578][  0]LogPakFile: PakFile PathHashIndexSize=101
[2026.05.08-15.25.51:578][  0]LogPakFile: PakFile FullDirectoryIndexSize=148
[2026.05.08-15.25.51:578][  0]LogShaderLibrary: Display: ShaderCodeLibraryPakFileMountedCallback: PakFile 'C:/Program Files/Epic Games/UE_4.27/FeaturePacks/StarterContent.upack' (chunk index -1, root 'root:/') mounted
[2026.05.08-15.25.51:578][  0]LogShaderLibrary: Display: ShaderCodeLibraryPakFileMountedCallback: pending pak file info (ChunkID:-1 Root:root:/ File:C:/Program Files/Epic Games/UE_4.27/FeaturePacks/StarterContent.upack)
[2026.05.08-15.25.51:578][  0]LogPakFile: OnPakFileMounted2Time == 0.000047
[2026.05.08-15.25.51:580][  0]LogPakFile: PakFile PrimaryIndexSize=190
[2026.05.08-15.25.51:580][  0]LogPakFile: PakFile PathHashIndexSize=101
[2026.05.08-15.25.51:580][  0]LogPakFile: PakFile FullDirectoryIndexSize=154
[2026.05.08-15.25.51:580][  0]LogShaderLibrary: Display: ShaderCodeLibraryPakFileMountedCallback: PakFile 'C:/Program Files/Epic Games/UE_4.27/FeaturePacks/TP_2DSideScroller.upack' (chunk index -1, root 'root:/') mounted
[2026.05.08-15.25.51:580][  0]LogShaderLibrary: Display: ShaderCodeLibraryPakFileMountedCallback: pending pak file info (ChunkID:-1 Root:root:/ File:C:/Program Files/Epic Games/UE_4.27/FeaturePacks/TP_2DSideScroller.upack)
[2026.05.08-15.25.51:580][  0]LogPakFile: OnPakFileMounted2Time == 0.000041
[2026.05.08-15.25.51:581][  0]LogPakFile: PakFile PrimaryIndexSize=192
[2026.05.08-15.25.51:581][  0]LogPakFile: PakFile PathHashIndexSize=101
[2026.05.08-15.25.51:581][  0]LogPakFile: PakFile FullDirectoryIndexSize=158
[2026.05.08-15.25.51:581][  0]LogShaderLibrary: Display: ShaderCodeLibraryPakFileMountedCallback: PakFile 'C:/Program Files/Epic Games/UE_4.27/FeaturePacks/TP_2DSideScrollerBP.upack' (chunk index -1, root 'root:/') mounted
[2026.05.08-15.25.51:581][  0]LogShaderLibrary: Display: ShaderCodeLibraryPakFileMountedCallback: pending pak file info (ChunkID:-1 Root:root:/ File:C:/Program Files/Epic Games/UE_4.27/FeaturePacks/TP_2DSideScrollerBP.upack)
[2026.05.08-15.25.51:581][  0]LogPakFile: OnPakFileMounted2Time == 0.000055
[2026.05.08-15.25.51:583][  0]LogPakFile: PakFile PrimaryIndexSize=182
[2026.05.08-15.25.51:583][  0]LogPakFile: PakFile PathHashIndexSize=101
[2026.05.08-15.25.51:583][  0]LogPakFile: PakFile FullDirectoryIndexSize=138
[2026.05.08-15.25.51:583][  0]LogShaderLibrary: Display: ShaderCodeLibraryPakFileMountedCallback: PakFile 'C:/Program Files/Epic Games/UE_4.27/FeaturePacks/TP_Flying.upack' (chunk index -1, root 'root:/') mounted
[2026.05.08-15.25.51:583][  0]LogShaderLibrary: Display: ShaderCodeLibraryPakFileMountedCallback: pending pak file info (ChunkID:-1 Root:root:/ File:C:/Program Files/Epic Games/UE_4.27/FeaturePacks/TP_Flying.upack)
[2026.05.08-15.25.51:583][  0]LogPakFile: OnPakFileMounted2Time == 0.000042
[2026.05.08-15.25.51:584][  0]LogPakFile: PakFile PrimaryIndexSize=184
[2026.05.08-15.25.51:584][  0]LogPakFile: PakFile PathHashIndexSize=101
[2026.05.08-15.25.51:584][  0]LogPakFile: PakFile FullDirectoryIndexSize=142
[2026.05.08-15.25.51:584][  0]LogShaderLibrary: Display: ShaderCodeLibraryPakFileMountedCallback: PakFile 'C:/Program Files/Epic Games/UE_4.27/FeaturePacks/TP_FlyingBP.upack' (chunk index -1, root 'root:/') mounted
[2026.05.08-15.25.51:584][  0]LogShaderLibrary: Display: ShaderCodeLibraryPakFileMountedCallback: pending pak file info (ChunkID:-1 Root:root:/ File:C:/Program Files/Epic Games/UE_4.27/FeaturePacks/TP_FlyingBP.upack)
[2026.05.08-15.25.51:584][  0]LogPakFile: OnPakFileMounted2Time == 0.000035
[2026.05.08-15.25.51:586][  0]LogPakFile: PakFile PrimaryIndexSize=188
[2026.05.08-15.25.51:586][  0]LogPakFile: PakFile PathHashIndexSize=101
[2026.05.08-15.25.51:586][  0]LogPakFile: PakFile FullDirectoryIndexSize=150
[2026.05.08-15.25.51:586][  0]LogShaderLibrary: Display: ShaderCodeLibraryPakFileMountedCallback: PakFile 'C:/Program Files/Epic Games/UE_4.27/FeaturePacks/TP_HandheldARBP.upack' (chunk index -1, root 'root:/') mounted
[2026.05.08-15.25.51:586][  0]LogShaderLibrary: Display: ShaderCodeLibraryPakFileMountedCallback: pending pak file info (ChunkID:-1 Root:root:/ File:C:/Program Files/Epic Games/UE_4.27/FeaturePacks/TP_HandheldARBP.upack)
[2026.05.08-15.25.51:586][  0]LogPakFile: OnPakFileMounted2Time == 0.000045
[2026.05.08-15.25.51:589][  0]LogPakFile: PakFile PrimaryIndexSize=182
[2026.05.08-15.25.51:589][  0]LogPakFile: PakFile PathHashIndexSize=101
[2026.05.08-15.25.51:589][  0]LogPakFile: PakFile FullDirectoryIndexSize=138
[2026.05.08-15.25.51:589][  0]LogShaderLibrary: Display: ShaderCodeLibraryPakFileMountedCallback: PakFile 'C:/Program Files/Epic Games/UE_4.27/FeaturePacks/TP_Puzzle.upack' (chunk index -1, root 'root:/') mounted
[2026.05.08-15.25.51:589][  0]LogShaderLibrary: Display: ShaderCodeLibraryPakFileMountedCallback: pending pak file info (ChunkID:-1 Root:root:/ File:C:/Program Files/Epic Games/UE_4.27/FeaturePacks/TP_Puzzle.upack)
[2026.05.08-15.25.51:589][  0]LogPakFile: OnPakFileMounted2Time == 0.000049
[2026.05.08-15.25.51:591][  0]LogPakFile: PakFile PrimaryIndexSize=184
[2026.05.08-15.25.51:591][  0]LogPakFile: PakFile PathHashIndexSize=101
[2026.05.08-15.25.51:591][  0]LogPakFile: PakFile FullDirectoryIndexSize=142
[2026.05.08-15.25.51:591][  0]LogShaderLibrary: Display: ShaderCodeLibraryPakFileMountedCallback: PakFile 'C:/Program Files/Epic Games/UE_4.27/FeaturePacks/TP_PuzzleBP.upack' (chunk index -1, root 'root:/') mounted
[2026.05.08-15.25.51:591][  0]LogShaderLibrary: Display: ShaderCodeLibraryPakFileMountedCallback: pending pak file info (ChunkID:-1 Root:root:/ File:C:/Program Files/Epic Games/UE_4.27/FeaturePacks/TP_PuzzleBP.upack)
[2026.05.08-15.25.51:591][  0]LogPakFile: OnPakFileMounted2Time == 0.000042
[2026.05.08-15.25.51:593][  0]LogPakFile: PakFile PrimaryIndexSize=183
[2026.05.08-15.25.51:593][  0]LogPakFile: PakFile PathHashIndexSize=101
[2026.05.08-15.25.51:593][  0]LogPakFile: PakFile FullDirectoryIndexSize=140
[2026.05.08-15.25.51:593][  0]LogShaderLibrary: Display: ShaderCodeLibraryPakFileMountedCallback: PakFile 'C:/Program Files/Epic Games/UE_4.27/FeaturePacks/TP_Rolling.upack' (chunk index -1, root 'root:/') mounted
[2026.05.08-15.25.51:593][  0]LogShaderLibrary: Display: ShaderCodeLibraryPakFileMountedCallback: pending pak file info (ChunkID:-1 Root:root:/ File:C:/Program Files/Epic Games/UE_4.27/FeaturePacks/TP_Rolling.upack)
[2026.05.08-15.25.51:593][  0]LogPakFile: OnPakFileMounted2Time == 0.000038
[2026.05.08-15.25.51:595][  0]LogPakFile: PakFile PrimaryIndexSize=185
[2026.05.08-15.25.51:595][  0]LogPakFile: PakFile PathHashIndexSize=101
[2026.05.08-15.25.51:595][  0]LogPakFile: PakFile FullDirectoryIndexSize=144
[2026.05.08-15.25.51:595][  0]LogShaderLibrary: Display: ShaderCodeLibraryPakFileMountedCallback: PakFile 'C:/Program Files/Epic Games/UE_4.27/FeaturePacks/TP_RollingBP.upack' (chunk index -1, root 'root:/') mounted
[2026.05.08-15.25.51:595][  0]LogShaderLibrary: Display: ShaderCodeLibraryPakFileMountedCallback: pending pak file info (ChunkID:-1 Root:root:/ File:C:/Program Files/Epic Games/UE_4.27/FeaturePacks/TP_RollingBP.upack)
[2026.05.08-15.25.51:595][  0]LogPakFile: OnPakFileMounted2Time == 0.000043
[2026.05.08-15.25.51:596][  0]LogPakFile: PakFile PrimaryIndexSize=188
[2026.05.08-15.25.51:596][  0]LogPakFile: PakFile PathHashIndexSize=101
[2026.05.08-15.25.51:596][  0]LogPakFile: PakFile FullDirectoryIndexSize=150
[2026.05.08-15.25.51:596][  0]LogShaderLibrary: Display: ShaderCodeLibraryPakFileMountedCallback: PakFile 'C:/Program Files/Epic Games/UE_4.27/FeaturePacks/TP_SideScroller.upack' (chunk index -1, root 'root:/') mounted
[2026.05.08-15.25.51:596][  0]LogShaderLibrary: Display: ShaderCodeLibraryPakFileMountedCallback: pending pak file info (ChunkID:-1 Root:root:/ File:C:/Program Files/Epic Games/UE_4.27/FeaturePacks/TP_SideScroller.upack)
[2026.05.08-15.25.51:596][  0]LogPakFile: OnPakFileMounted2Time == 0.000041
[2026.05.08-15.25.51:598][  0]LogPakFile: PakFile PrimaryIndexSize=190
[2026.05.08-15.25.51:598][  0]LogPakFile: PakFile PathHashIndexSize=101
[2026.05.08-15.25.51:598][  0]LogPakFile: PakFile FullDirectoryIndexSize=154
[2026.05.08-15.25.51:598][  0]LogShaderLibrary: Display: ShaderCodeLibraryPakFileMountedCallback: PakFile 'C:/Program Files/Epic Games/UE_4.27/FeaturePacks/TP_SideScrollerBP.upack' (chunk index -1, root 'root:/') mounted
[2026.05.08-15.25.51:598][  0]LogShaderLibrary: Display: ShaderCodeLibraryPakFileMountedCallback: pending pak file info (ChunkID:-1 Root:root:/ File:C:/Program Files/Epic Games/UE_4.27/FeaturePacks/TP_SideScrollerBP.upack)
[2026.05.08-15.25.51:598][  0]LogPakFile: OnPakFileMounted2Time == 0.000035
[2026.05.08-15.25.51:600][  0]LogPakFile: PakFile PrimaryIndexSize=187
[2026.05.08-15.25.51:600][  0]LogPakFile: PakFile PathHashIndexSize=101
[2026.05.08-15.25.51:600][  0]LogPakFile: PakFile FullDirectoryIndexSize=148
[2026.05.08-15.25.51:600][  0]LogShaderLibrary: Display: ShaderCodeLibraryPakFileMountedCallback: PakFile 'C:/Program Files/Epic Games/UE_4.27/FeaturePacks/TP_ThirdPerson.upack' (chunk index -1, root 'root:/') mounted
[2026.05.08-15.25.51:600][  0]LogShaderLibrary: Display: ShaderCodeLibraryPakFileMountedCallback: pending pak file info (ChunkID:-1 Root:root:/ File:C:/Program Files/Epic Games/UE_4.27/FeaturePacks/TP_ThirdPerson.upack)
[2026.05.08-15.25.51:600][  0]LogPakFile: OnPakFileMounted2Time == 0.000037
[2026.05.08-15.25.51:601][  0]LogPakFile: PakFile PrimaryIndexSize=189
[2026.05.08-15.25.51:601][  0]LogPakFile: PakFile PathHashIndexSize=101
[2026.05.08-15.25.51:601][  0]LogPakFile: PakFile FullDirectoryIndexSize=152
[2026.05.08-15.25.51:601][  0]LogShaderLibrary: Display: ShaderCodeLibraryPakFileMountedCallback: PakFile 'C:/Program Files/Epic Games/UE_4.27/FeaturePacks/TP_ThirdPersonBP.upack' (chunk index -1, root 'root:/') mounted
[2026.05.08-15.25.51:601][  0]LogShaderLibrary: Display: ShaderCodeLibraryPakFileMountedCallback: pending pak file info (ChunkID:-1 Root:root:/ File:C:/Program Files/Epic Games/UE_4.27/FeaturePacks/TP_ThirdPersonBP.upack)
[2026.05.08-15.25.51:601][  0]LogPakFile: OnPakFileMounted2Time == 0.000037
[2026.05.08-15.25.51:603][  0]LogPakFile: PakFile PrimaryIndexSize=183
[2026.05.08-15.25.51:604][  0]LogPakFile: PakFile PathHashIndexSize=101
[2026.05.08-15.25.51:604][  0]LogPakFile: PakFile FullDirectoryIndexSize=140
[2026.05.08-15.25.51:604][  0]LogShaderLibrary: Display: ShaderCodeLibraryPakFileMountedCallback: PakFile 'C:/Program Files/Epic Games/UE_4.27/FeaturePacks/TP_TopDown.upack' (chunk index -1, root 'root:/') mounted
[2026.05.08-15.25.51:604][  0]LogShaderLibrary: Display: ShaderCodeLibraryPakFileMountedCallback: pending pak file info (ChunkID:-1 Root:root:/ File:C:/Program Files/Epic Games/UE_4.27/FeaturePacks/TP_TopDown.upack)
[2026.05.08-15.25.51:604][  0]LogPakFile: OnPakFileMounted2Time == 0.000048
[2026.05.08-15.25.51:605][  0]LogPakFile: PakFile PrimaryIndexSize=185
[2026.05.08-15.25.51:605][  0]LogPakFile: PakFile PathHashIndexSize=101
[2026.05.08-15.25.51:605][  0]LogPakFile: PakFile FullDirectoryIndexSize=144
[2026.05.08-15.25.51:605][  0]LogShaderLibrary: Display: ShaderCodeLibraryPakFileMountedCallback: PakFile 'C:/Program Files/Epic Games/UE_4.27/FeaturePacks/TP_TopDownBP.upack' (chunk index -1, root 'root:/') mounted
[2026.05.08-15.25.51:605][  0]LogShaderLibrary: Display: ShaderCodeLibraryPakFileMountedCallback: pending pak file info (ChunkID:-1 Root:root:/ File:C:/Program Files/Epic Games/UE_4.27/FeaturePacks/TP_TopDownBP.upack)
[2026.05.08-15.25.51:605][  0]LogPakFile: OnPakFileMounted2Time == 0.000047
[2026.05.08-15.25.51:607][  0]LogPakFile: PakFile PrimaryIndexSize=185
[2026.05.08-15.25.51:607][  0]LogPakFile: PakFile PathHashIndexSize=101
[2026.05.08-15.25.51:607][  0]LogPakFile: PakFile FullDirectoryIndexSize=144
[2026.05.08-15.25.51:607][  0]LogShaderLibrary: Display: ShaderCodeLibraryPakFileMountedCallback: PakFile 'C:/Program Files/Epic Games/UE_4.27/FeaturePacks/TP_TwinStick.upack' (chunk index -1, root 'root:/') mounted
[2026.05.08-15.25.51:607][  0]LogShaderLibrary: Display: ShaderCodeLibraryPakFileMountedCallback: pending pak file info (ChunkID:-1 Root:root:/ File:C:/Program Files/Epic Games/UE_4.27/FeaturePacks/TP_TwinStick.upack)
[2026.05.08-15.25.51:607][  0]LogPakFile: OnPakFileMounted2Time == 0.000038
[2026.05.08-15.25.51:608][  0]LogPakFile: PakFile PrimaryIndexSize=187
[2026.05.08-15.25.51:608][  0]LogPakFile: PakFile PathHashIndexSize=101
[2026.05.08-15.25.51:608][  0]LogPakFile: PakFile FullDirectoryIndexSize=148
[2026.05.08-15.25.51:608][  0]LogShaderLibrary: Display: ShaderCodeLibraryPakFileMountedCallback: PakFile 'C:/Program Files/Epic Games/UE_4.27/FeaturePacks/TP_TwinStickBP.upack' (chunk index -1, root 'root:/') mounted
[2026.05.08-15.25.51:608][  0]LogShaderLibrary: Display: ShaderCodeLibraryPakFileMountedCallback: pending pak file info (ChunkID:-1 Root:root:/ File:C:/Program Files/Epic Games/UE_4.27/FeaturePacks/TP_TwinStickBP.upack)
[2026.05.08-15.25.51:608][  0]LogPakFile: OnPakFileMounted2Time == 0.000036
[2026.05.08-15.25.51:610][  0]LogPakFile: PakFile PrimaryIndexSize=183
[2026.05.08-15.25.51:611][  0]LogPakFile: PakFile PathHashIndexSize=101
[2026.05.08-15.25.51:611][  0]LogPakFile: PakFile FullDirectoryIndexSize=140
[2026.05.08-15.25.51:611][  0]LogShaderLibrary: Display: ShaderCodeLibraryPakFileMountedCallback: PakFile 'C:/Program Files/Epic Games/UE_4.27/FeaturePacks/TP_Vehicle.upack' (chunk index -1, root 'root:/') mounted
[2026.05.08-15.25.51:611][  0]LogShaderLibrary: Display: ShaderCodeLibraryPakFileMountedCallback: pending pak file info (ChunkID:-1 Root:root:/ File:C:/Program Files/Epic Games/UE_4.27/FeaturePacks/TP_Vehicle.upack)
[2026.05.08-15.25.51:611][  0]LogPakFile: OnPakFileMounted2Time == 0.000039
[2026.05.08-15.25.51:612][  0]LogPakFile: PakFile PrimaryIndexSize=186
[2026.05.08-15.25.51:612][  0]LogPakFile: PakFile PathHashIndexSize=101
[2026.05.08-15.25.51:612][  0]LogPakFile: PakFile FullDirectoryIndexSize=146
[2026.05.08-15.25.51:612][  0]LogShaderLibrary: Display: ShaderCodeLibraryPakFileMountedCallback: PakFile 'C:/Program Files/Epic Games/UE_4.27/FeaturePacks/TP_VehicleAdv.upack' (chunk index -1, root 'root:/') mounted
[2026.05.08-15.25.51:612][  0]LogShaderLibrary: Display: ShaderCodeLibraryPakFileMountedCallback: pending pak file info (ChunkID:-1 Root:root:/ File:C:/Program Files/Epic Games/UE_4.27/FeaturePacks/TP_VehicleAdv.upack)
[2026.05.08-15.25.51:612][  0]LogPakFile: OnPakFileMounted2Time == 0.000037
[2026.05.08-15.25.51:613][  0]LogPakFile: PakFile PrimaryIndexSize=188
[2026.05.08-15.25.51:613][  0]LogPakFile: PakFile PathHashIndexSize=101
[2026.05.08-15.25.51:613][  0]LogPakFile: PakFile FullDirectoryIndexSize=150
[2026.05.08-15.25.51:614][  0]LogShaderLibrary: Display: ShaderCodeLibraryPakFileMountedCallback: PakFile 'C:/Program Files/Epic Games/UE_4.27/FeaturePacks/TP_VehicleAdvBP.upack' (chunk index -1, root 'root:/') mounted
[2026.05.08-15.25.51:614][  0]LogShaderLibrary: Display: ShaderCodeLibraryPakFileMountedCallback: pending pak file info (ChunkID:-1 Root:root:/ File:C:/Program Files/Epic Games/UE_4.27/FeaturePacks/TP_VehicleAdvBP.upack)
[2026.05.08-15.25.51:614][  0]LogPakFile: OnPakFileMounted2Time == 0.000043
[2026.05.08-15.25.51:615][  0]LogPakFile: PakFile PrimaryIndexSize=185
[2026.05.08-15.25.51:615][  0]LogPakFile: PakFile PathHashIndexSize=101
[2026.05.08-15.25.51:615][  0]LogPakFile: PakFile FullDirectoryIndexSize=144
[2026.05.08-15.25.51:615][  0]LogShaderLibrary: Display: ShaderCodeLibraryPakFileMountedCallback: PakFile 'C:/Program Files/Epic Games/UE_4.27/FeaturePacks/TP_VehicleBP.upack' (chunk index -1, root 'root:/') mounted
[2026.05.08-15.25.51:615][  0]LogShaderLibrary: Display: ShaderCodeLibraryPakFileMountedCallback: pending pak file info (ChunkID:-1 Root:root:/ File:C:/Program Files/Epic Games/UE_4.27/FeaturePacks/TP_VehicleBP.upack)
[2026.05.08-15.25.51:615][  0]LogPakFile: OnPakFileMounted2Time == 0.000045
[2026.05.08-15.25.51:617][  0]LogPakFile: PakFile PrimaryIndexSize=192
[2026.05.08-15.25.51:617][  0]LogPakFile: PakFile PathHashIndexSize=101
[2026.05.08-15.25.51:617][  0]LogPakFile: PakFile FullDirectoryIndexSize=158
[2026.05.08-15.25.51:617][  0]LogShaderLibrary: Display: ShaderCodeLibraryPakFileMountedCallback: PakFile 'C:/Program Files/Epic Games/UE_4.27/FeaturePacks/TP_VirtualRealityBP.upack' (chunk index -1, root 'root:/') mounted
[2026.05.08-15.25.51:617][  0]LogShaderLibrary: Display: ShaderCodeLibraryPakFileMountedCallback: pending pak file info (ChunkID:-1 Root:root:/ File:C:/Program Files/Epic Games/UE_4.27/FeaturePacks/TP_VirtualRealityBP.upack)
[2026.05.08-15.25.51:617][  0]LogPakFile: OnPakFileMounted2Time == 0.000041
[2026.05.08-15.25.51:799][  0]LogNativeClassHierarchy: Verbose: Native class hierarchy updated for 'AddContentDialog' in 0.0005 seconds. Added 0 classes and 0 folders.
[2026.05.08-15.25.51:803][  0]LogNativeClassHierarchy: Verbose: Native class hierarchy updated for 'SceneOutliner' in 0.0004 seconds. Added 2 classes and 0 folders.
[2026.05.08-15.25.52:230][  0]LogSlate: Took 0.000314 seconds to synchronously load lazily loaded font '../../../Engine/Content/Slate/Fonts/Roboto-Regular.ttf' (155K)
[2026.05.08-15.25.52:241][  0]LogSlate: Took 0.009241 seconds to synchronously load lazily loaded font '../../../Engine/Content/Editor/Slate/Fonts/FontAwesome.ttf' (139K)
[2026.05.08-15.25.52:246][  0]LogSlate: Took 0.000247 seconds to synchronously load lazily loaded font '../../../Engine/Content/Slate/Fonts/Roboto-Bold.ttf' (160K)
[2026.05.08-15.25.52:329][  0]LogRenderer: Reallocating scene render targets to support 1128x488 Format 10 NumSamples 1 (Frame:1).
[2026.05.08-15.25.52:409][  0]LogSlate: Took 0.001032 seconds to synchronously load lazily loaded font '../../../Engine/Content/Slate/Fonts/Roboto-Light.ttf' (167K)
[2026.05.08-15.25.52:501][  0]LogNativeClassHierarchy: Verbose: Native class hierarchy updated for 'HierarchicalLODOutliner' in 0.0005 seconds. Added 0 classes and 0 folders.
[2026.05.08-15.25.52:501][  0]LogLoad: (Engine Initialization) Total time: 9.08 seconds
[2026.05.08-15.25.52:501][  0]LogLoad: (Engine Initialization) Total Blueprint compile time: 0.00 seconds
[2026.05.08-15.25.52:550][  0]LogAssetRegistry: Asset discovery search completed in 5.8190 seconds
[2026.05.08-15.25.52:554][  0]LogCollectionManager: Fixed up redirectors for 0 collections in 0.000004 seconds (updated 0 objects)
[2026.05.08-15.25.52:556][  0]LogContentStreaming: Texture pool size now 1000 MB
[2026.05.08-15.26.50:506][232]LogHttp: Warning: 000002515957D600: invalid HTTP response code received. URL: https://datarouter.ol.epicgames.com/datarouter/api/v1/public/data?SessionID=%7B6A0A8B38-4C9F-5601-AC8E-3899F3705646%7D&AppID=UEEditor.Rocket.Release&AppVersion=4.27.2-18319896%2B%2B%2BUE4%2BRelease-4.27&UserID=d975ae6d41715b51fd3ecba185d3fc09%7C8a858a74adcc4c86aa7ca686176ab5bb%7C90f712fe-2f61-4f5c-8f94-fd0757457318&AppEnvironment=datacollector-binary&UploadType=eteventstream, HTTP code: 0, content length: 0, actual payload size: 0
[2026.05.08-15.26.50:506][232]LogHttp: Warning: 000002515957D600: request failed, libcurl error: 60 (Peer certificate cannot be authenticated with given CA certificates)
[2026.05.08-15.26.50:508][232]LogHttp: Warning: 000002515957D600: libcurl info message cache 0 (  Trying 35.169.158.160...)
[2026.05.08-15.26.50:508][232]LogHttp: Warning: 000002515957D600: libcurl info message cache 1 (TCP_NODELAY set)
[2026.05.08-15.26.50:508][232]LogHttp: Warning: 000002515957D600: libcurl info message cache 2 (Connected to datarouter.ol.epicgames.com (35.169.158.160) port 443 (#0))
[2026.05.08-15.26.50:508][232]LogHttp: Warning: 000002515957D600: libcurl info message cache 3 (ALPN, offering http/1.1)
[2026.05.08-15.26.50:508][232]LogHttp: Warning: 000002515957D600: libcurl info message cache 4 (Cipher selection: ALL:!EXPORT:!EXPORT40:!EXPORT56:!aNULL:!LOW:!RC4:@STRENGTH)
[2026.05.08-15.26.50:508][232]LogHttp: Warning: 000002515957D600: libcurl info message cache 5 (TLSv1.3 (OUT), TLS handshake, Client hello (1):)
[2026.05.08-15.26.50:508][232]LogHttp: Warning: 000002515957D600: libcurl info message cache 6 (TLSv1.3 (IN), TLS handshake, Server hello (2):)
[2026.05.08-15.26.50:508][232]LogHttp: Warning: 000002515957D600: libcurl info message cache 7 (TLSv1.2 (IN), TLS handshake, Certificate (11):)
[2026.05.08-15.26.50:508][232]LogHttp: Warning: 000002515957D600: libcurl info message cache 8 (TLSv1.2 (OUT), TLS alert, Server hello (2):)
[2026.05.08-15.26.50:508][232]LogHttp: Warning: 000002515957D600: libcurl info message cache 9 (SSL certificate problem: self signed certificate in certificate chain)
[2026.05.08-15.26.50:508][232]LogHttp: Warning: 000002515957D600: libcurl info message cache 10 (Closing connection 0)
[2026.05.08-15.26.50:508][232]LogHttp: Warning: Retry exhausted on https://datarouter.ol.epicgames.com/datarouter/api/v1/public/data?SessionID=%7B6A0A8B38-4C9F-5601-AC8E-3899F3705646%7D&AppID=UEEditor.Rocket.Release&AppVersion=4.27.2-18319896%2B%2B%2BUE4%2BRelease-4.27&UserID=d975ae6d41715b51fd3ecba185d3fc09%7C8a858a74adcc4c86aa7ca686176ab5bb%7C90f712fe-2f61-4f5c-8f94-fd0757457318&AppEnvironment=datacollector-binary&UploadType=eteventstream
[2026.05.08-15.27.40:948][950]LogTemp: Repeating last play command: Simulate
[2026.05.08-15.27.40:954][950]LogPlayLevel: PlayLevel: No blueprints needed recompiling
[2026.05.08-15.27.40:956][950]PIE: New page: Sesión SIE (simulación en el editor): TwinStickExampleMap (8 may. 2026 7:27:40)
[2026.05.08-15.27.40:958][950]LogOnline: OSS: Creating online subsystem instance for: NULL
[2026.05.08-15.27.40:960][950]LogOnline: OSS: TryLoadSubsystemAndSetDefault: Loaded subsystem for module [NULL]
[2026.05.08-15.27.40:960][950]LogPlayLevel: Creating play world package: /Game/TwinStickCPP/Maps/UEDPIE_0_TwinStickExampleMap
[2026.05.08-15.27.40:975][950]LogPlayLevel: PIE: StaticDuplicateObject took: (0.014031s)
[2026.05.08-15.27.40:976][950]LogAIModule: Creating AISystem for world TwinStickExampleMap
[2026.05.08-15.27.40:976][950]LogPlayLevel: PIE: World Init took: (0.002077s)
[2026.05.08-15.27.40:978][950]LogPlayLevel: PIE: Created PIE world by copying editor world from /Game/TwinStickCPP/Maps/TwinStickExampleMap.TwinStickExampleMap to /Game/TwinStickCPP/Maps/UEDPIE_0_TwinStickExampleMap.TwinStickExampleMap (0.016580s)
[2026.05.08-15.27.40:985][950]LogUObjectHash: Compacting FUObjectHashTables data took   0.83ms
[2026.05.08-15.27.40:986][950]LogAudio: Display: Creating Audio Device:                 Id: 2, Scope: Unique, Realtime: True
[2026.05.08-15.27.40:986][950]LogAudioMixer: Display: Audio Mixer Platform Settings:
[2026.05.08-15.27.40:986][950]LogAudioMixer: Display: 	Sample Rate:						  48000
[2026.05.08-15.27.40:986][950]LogAudioMixer: Display: 	Callback Buffer Frame Size Requested: 1024
[2026.05.08-15.27.40:986][950]LogAudioMixer: Display: 	Callback Buffer Frame Size To Use:	  1024
[2026.05.08-15.27.40:986][950]LogAudioMixer: Display: 	Number of buffers to queue:			  2
[2026.05.08-15.27.40:986][950]LogAudioMixer: Display: 	Max Channels (voices):				  32
[2026.05.08-15.27.40:986][950]LogAudioMixer: Display: 	Number of Async Source Workers:		  0
[2026.05.08-15.27.40:986][950]LogAudio: Display: AudioDevice MaxSources: 32
[2026.05.08-15.27.40:986][950]LogAudio: Display: Audio Spatialization Plugin: None (built-in).
[2026.05.08-15.27.40:987][950]LogAudio: Display: Audio Reverb Plugin: None (built-in).
[2026.05.08-15.27.40:987][950]LogAudio: Display: Audio Occlusion Plugin: None (built-in).
[2026.05.08-15.27.40:987][950]LogAudioMixer: Display: Initializing audio mixer.
[2026.05.08-15.27.40:990][950]LogAudioMixer: Display: 0: FrontLeft
[2026.05.08-15.27.40:990][950]LogAudioMixer: Display: 1: FrontRight
[2026.05.08-15.27.41:048][950]LogAudioMixer: Display: Using Audio Device Speakers (Realtek(R) Audio)
[2026.05.08-15.27.41:048][950]LogAudioMixer: Display: Initializing Sound Submixes...
[2026.05.08-15.27.41:048][950]LogAudioMixer: Display: Creating Master Submix 'MasterSubmixDefault'
[2026.05.08-15.27.41:048][950]LogAudioMixer: Display: Creating Master Submix 'MasterReverbSubmixDefault'
[2026.05.08-15.27.41:049][950]LogAudioMixer: Display: Creating Master Submix 'MasterEQSubmixDefault'
[2026.05.08-15.27.41:049][950]LogAudioMixer: FMixerPlatformXAudio2::StartAudioStream() called
[2026.05.08-15.27.41:049][950]LogAudioMixer: Display: Output buffers initialized: Frames=1024, Channels=2, Samples=2048
[2026.05.08-15.27.41:050][950]LogAudioMixer: Display: Starting AudioMixerPlatformInterface::RunInternal()
[2026.05.08-15.27.41:050][950]LogAudioMixer: Display: FMixerPlatformXAudio2::SubmitBuffer() called for the first time
[2026.05.08-15.27.41:050][950]LogInit: FAudioDevice initialized.
[2026.05.08-15.27.41:051][950]LogAudio: Display: Audio Device (ID: 2) registered with world 'TwinStickExampleMap'.
[2026.05.08-15.27.41:058][950]LogLoad: Game class is 'FacadeGameMode'
[2026.05.08-15.27.41:061][950]LogWorld: Bringing World /Game/TwinStickCPP/Maps/UEDPIE_0_TwinStickExampleMap.TwinStickExampleMap up for play (max tick rate 0) at 2026.05.08-11.27.41
[2026.05.08-15.27.41:061][950]LogWorld: Bringing up level for play took: 0.001113
[2026.05.08-15.27.41:061][950]LogOnline: OSS: Creating online subsystem instance for: :Context_6
[2026.05.08-15.27.41:067][950]LogNativeClassHierarchy: Verbose: Native class hierarchy updated for 'MovieSceneCapture' in 0.0005 seconds. Added 20 classes and 0 folders.
[2026.05.08-15.27.41:067][950]LogGameMode: Display: Match State Changed from EnteringMap to WaitingToStart
[2026.05.08-15.27.41:068][950]LogGameState: Match State Changed from EnteringMap to WaitingToStart
[2026.05.08-15.27.41:068][950]PIE: El servidor ha iniciado la sesión
[2026.05.08-15.27.41:071][950]PIE: Play in editor total start time 0,119 seconds.
[2026.05.08-15.27.43:692][103]LogSlate: Updating window title bar state: overlay mode, drag disabled, window buttons hidden, title bar hidden
[2026.05.08-15.27.43:692][103]LogWorld: BeginTearingDown for /Game/TwinStickCPP/Maps/UEDPIE_0_TwinStickExampleMap
[2026.05.08-15.27.43:693][103]LogWorld: UWorld::CleanupWorld for TwinStickExampleMap, bSessionEnded=true, bCleanupResources=true
[2026.05.08-15.27.43:693][103]LogSlate: InvalidateAllWidgets triggered.  All widgets were invalidated
[2026.05.08-15.27.43:701][103]LogPlayLevel: Display: Shutting down PIE online subsystems
[2026.05.08-15.27.43:703][103]LogSlate: InvalidateAllWidgets triggered.  All widgets were invalidated
[2026.05.08-15.27.43:707][103]LogAudio: Display: Audio Device unregistered from world 'None'.
[2026.05.08-15.27.43:707][103]LogAudioMixer: FMixerPlatformXAudio2::StopAudioStream() called
[2026.05.08-15.27.43:709][103]LogAudioMixer: FMixerPlatformXAudio2::StopAudioStream() called
[2026.05.08-15.27.43:711][103]LogSlate: Updating window title bar state: overlay mode, drag disabled, window buttons hidden, title bar hidden
[2026.05.08-15.27.43:713][103]LogUObjectHash: Compacting FUObjectHashTables data took   0.74ms
[2026.05.08-15.27.43:760][106]LogPlayLevel: Display: Destroying online subsystem :Context_6
[2026.05.08-15.27.54:264][225]LogVSAccessor: Warning: Couldn't goto line number '1' in 'C:/Users/2026/Documents/Unreal Projects/Facade/Source/Facade/FacadeGameMode.h'
[2026.05.08-15.27.55:098][229]LogHttp: Warning: 000002515900AB00: invalid HTTP response code received. URL: https://datarouter.ol.epicgames.com/datarouter/api/v1/public/data?SessionID=%7B6A0A8B38-4C9F-5601-AC8E-3899F3705646%7D&AppID=UEEditor.Rocket.Release&AppVersion=4.27.2-18319896%2B%2B%2BUE4%2BRelease-4.27&UserID=d975ae6d41715b51fd3ecba185d3fc09%7C8a858a74adcc4c86aa7ca686176ab5bb%7C90f712fe-2f61-4f5c-8f94-fd0757457318&AppEnvironment=datacollector-binary&UploadType=eteventstream, HTTP code: 0, content length: 0, actual payload size: 0
[2026.05.08-15.27.55:098][229]LogHttp: Warning: 000002515900AB00: request failed, libcurl error: 60 (Peer certificate cannot be authenticated with given CA certificates)
[2026.05.08-15.27.55:098][229]LogHttp: Warning: 000002515900AB00: libcurl info message cache 0 (Hostname in DNS cache was stale, zapped)
[2026.05.08-15.27.55:098][229]LogHttp: Warning: 000002515900AB00: libcurl info message cache 1 (  Trying 32.192.137.132...)
[2026.05.08-15.27.55:098][229]LogHttp: Warning: 000002515900AB00: libcurl info message cache 2 (TCP_NODELAY set)
[2026.05.08-15.27.55:098][229]LogHttp: Warning: 000002515900AB00: libcurl info message cache 3 (Connected to datarouter.ol.epicgames.com (32.192.137.132) port 443 (#1))
[2026.05.08-15.27.55:098][229]LogHttp: Warning: 000002515900AB00: libcurl info message cache 4 (ALPN, offering http/1.1)
[2026.05.08-15.27.55:098][229]LogHttp: Warning: 000002515900AB00: libcurl info message cache 5 (Cipher selection: ALL:!EXPORT:!EXPORT40:!EXPORT56:!aNULL:!LOW:!RC4:@STRENGTH)
[2026.05.08-15.27.55:098][229]LogHttp: Warning: 000002515900AB00: libcurl info message cache 6 (TLSv1.3 (OUT), TLS handshake, Client hello (1):)
[2026.05.08-15.27.55:098][229]LogHttp: Warning: 000002515900AB00: libcurl info message cache 7 (TLSv1.3 (IN), TLS handshake, Server hello (2):)
[2026.05.08-15.27.55:098][229]LogHttp: Warning: 000002515900AB00: libcurl info message cache 8 (TLSv1.2 (IN), TLS handshake, Certificate (11):)
[2026.05.08-15.27.55:098][229]LogHttp: Warning: 000002515900AB00: libcurl info message cache 9 (TLSv1.2 (OUT), TLS alert, Server hello (2):)
[2026.05.08-15.27.55:098][229]LogHttp: Warning: 000002515900AB00: libcurl info message cache 10 (SSL certificate problem: self signed certificate in certificate chain)
[2026.05.08-15.27.55:098][229]LogHttp: Warning: 000002515900AB00: libcurl info message cache 11 (Closing connection 1)
[2026.05.08-15.27.55:435][230]LogHttp: Warning: Retry exhausted on https://datarouter.ol.epicgames.com/datarouter/api/v1/public/data?SessionID=%7B6A0A8B38-4C9F-5601-AC8E-3899F3705646%7D&AppID=UEEditor.Rocket.Release&AppVersion=4.27.2-18319896%2B%2B%2BUE4%2BRelease-4.27&UserID=d975ae6d41715b51fd3ecba185d3fc09%7C8a858a74adcc4c86aa7ca686176ab5bb%7C90f712fe-2f61-4f5c-8f94-fd0757457318&AppEnvironment=datacollector-binary&UploadType=eteventstream
[2026.05.08-15.28.51:049][396]LogHttp: Warning: 0000025159009600: invalid HTTP response code received. URL: https://datarouter.ol.epicgames.com/datarouter/api/v1/public/data?SessionID=%7B6A0A8B38-4C9F-5601-AC8E-3899F3705646%7D&AppID=UEEditor.Rocket.Release&AppVersion=4.27.2-18319896%2B%2B%2BUE4%2BRelease-4.27&UserID=d975ae6d41715b51fd3ecba185d3fc09%7C8a858a74adcc4c86aa7ca686176ab5bb%7C90f712fe-2f61-4f5c-8f94-fd0757457318&AppEnvironment=datacollector-binary&UploadType=eteventstream, HTTP code: 0, content length: 0, actual payload size: 0
[2026.05.08-15.28.51:049][396]LogHttp: Warning: 0000025159009600: request failed, libcurl error: 60 (Peer certificate cannot be authenticated with given CA certificates)
[2026.05.08-15.28.51:049][396]LogHttp: Warning: 0000025159009600: libcurl info message cache 0 (Hostname datarouter.ol.epicgames.com was found in DNS cache)
[2026.05.08-15.28.51:049][396]LogHttp: Warning: 0000025159009600: libcurl info message cache 1 (  Trying 32.192.137.132...)
[2026.05.08-15.28.51:049][396]LogHttp: Warning: 0000025159009600: libcurl info message cache 2 (TCP_NODELAY set)
[2026.05.08-15.28.51:049][396]LogHttp: Warning: 0000025159009600: libcurl info message cache 3 (Connected to datarouter.ol.epicgames.com (32.192.137.132) port 443 (#2))
[2026.05.08-15.28.51:049][396]LogHttp: Warning: 0000025159009600: libcurl info message cache 4 (ALPN, offering http/1.1)
[2026.05.08-15.28.51:049][396]LogHttp: Warning: 0000025159009600: libcurl info message cache 5 (Cipher selection: ALL:!EXPORT:!EXPORT40:!EXPORT56:!aNULL:!LOW:!RC4:@STRENGTH)
[2026.05.08-15.28.51:049][396]LogHttp: Warning: 0000025159009600: libcurl info message cache 6 (TLSv1.3 (OUT), TLS handshake, Client hello (1):)
[2026.05.08-15.28.51:049][396]LogHttp: Warning: 0000025159009600: libcurl info message cache 7 (TLSv1.3 (IN), TLS handshake, Server hello (2):)
[2026.05.08-15.28.51:049][396]LogHttp: Warning: 0000025159009600: libcurl info message cache 8 (TLSv1.2 (IN), TLS handshake, Certificate (11):)
[2026.05.08-15.28.51:050][396]LogHttp: Warning: 0000025159009600: libcurl info message cache 9 (TLSv1.2 (OUT), TLS alert, Server hello (2):)
[2026.05.08-15.28.51:050][396]LogHttp: Warning: 0000025159009600: libcurl info message cache 10 (SSL certificate problem: self signed certificate in certificate chain)
[2026.05.08-15.28.51:050][396]LogHttp: Warning: 0000025159009600: libcurl info message cache 11 (Closing connection 2)
[2026.05.08-15.28.51:050][396]LogHttp: Warning: Retry exhausted on https://datarouter.ol.epicgames.com/datarouter/api/v1/public/data?SessionID=%7B6A0A8B38-4C9F-5601-AC8E-3899F3705646%7D&AppID=UEEditor.Rocket.Release&AppVersion=4.27.2-18319896%2B%2B%2BUE4%2BRelease-4.27&UserID=d975ae6d41715b51fd3ecba185d3fc09%7C8a858a74adcc4c86aa7ca686176ab5bb%7C90f712fe-2f61-4f5c-8f94-fd0757457318&AppEnvironment=datacollector-binary&UploadType=eteventstream
[2026.05.08-15.29.50:989][575]LogHttp: Warning: 0000025158FBEB00: invalid HTTP response code received. URL: https://datarouter.ol.epicgames.com/datarouter/api/v1/public/data?SessionID=%7B6A0A8B38-4C9F-5601-AC8E-3899F3705646%7D&AppID=UEEditor.Rocket.Release&AppVersion=4.27.2-18319896%2B%2B%2BUE4%2BRelease-4.27&UserID=d975ae6d41715b51fd3ecba185d3fc09%7C8a858a74adcc4c86aa7ca686176ab5bb%7C90f712fe-2f61-4f5c-8f94-fd0757457318&AppEnvironment=datacollector-binary&UploadType=eteventstream, HTTP code: 0, content length: 0, actual payload size: 0
[2026.05.08-15.29.50:989][575]LogHttp: Warning: 0000025158FBEB00: request failed, libcurl error: 60 (Peer certificate cannot be authenticated with given CA certificates)
[2026.05.08-15.29.50:989][575]LogHttp: Warning: 0000025158FBEB00: libcurl info message cache 0 (Hostname in DNS cache was stale, zapped)
[2026.05.08-15.29.50:989][575]LogHttp: Warning: 0000025158FBEB00: libcurl info message cache 1 (  Trying 52.5.248.34...)
[2026.05.08-15.29.50:989][575]LogHttp: Warning: 0000025158FBEB00: libcurl info message cache 2 (TCP_NODELAY set)
[2026.05.08-15.29.50:989][575]LogHttp: Warning: 0000025158FBEB00: libcurl info message cache 3 (Connected to datarouter.ol.epicgames.com (52.5.248.34) port 443 (#3))
[2026.05.08-15.29.50:989][575]LogHttp: Warning: 0000025158FBEB00: libcurl info message cache 4 (ALPN, offering http/1.1)
[2026.05.08-15.29.50:989][575]LogHttp: Warning: 0000025158FBEB00: libcurl info message cache 5 (Cipher selection: ALL:!EXPORT:!EXPORT40:!EXPORT56:!aNULL:!LOW:!RC4:@STRENGTH)
[2026.05.08-15.29.50:989][575]LogHttp: Warning: 0000025158FBEB00: libcurl info message cache 6 (TLSv1.3 (OUT), TLS handshake, Client hello (1):)
[2026.05.08-15.29.50:990][575]LogHttp: Warning: 0000025158FBEB00: libcurl info message cache 7 (TLSv1.3 (IN), TLS handshake, Server hello (2):)
[2026.05.08-15.29.50:990][575]LogHttp: Warning: 0000025158FBEB00: libcurl info message cache 8 (TLSv1.2 (IN), TLS handshake, Certificate (11):)
[2026.05.08-15.29.50:990][575]LogHttp: Warning: 0000025158FBEB00: libcurl info message cache 9 (TLSv1.2 (OUT), TLS alert, Server hello (2):)
[2026.05.08-15.29.50:990][575]LogHttp: Warning: 0000025158FBEB00: libcurl info message cache 10 (SSL certificate problem: self signed certificate in certificate chain)
[2026.05.08-15.29.50:990][575]LogHttp: Warning: 0000025158FBEB00: libcurl info message cache 11 (Closing connection 3)
[2026.05.08-15.29.51:322][576]LogHttp: Warning: Retry exhausted on https://datarouter.ol.epicgames.com/datarouter/api/v1/public/data?SessionID=%7B6A0A8B38-4C9F-5601-AC8E-3899F3705646%7D&AppID=UEEditor.Rocket.Release&AppVersion=4.27.2-18319896%2B%2B%2BUE4%2BRelease-4.27&UserID=d975ae6d41715b51fd3ecba185d3fc09%7C8a858a74adcc4c86aa7ca686176ab5bb%7C90f712fe-2f61-4f5c-8f94-fd0757457318&AppEnvironment=datacollector-binary&UploadType=eteventstream
[2026.05.08-15.30.53:961][763]LogHttp: Warning: 0000025158FBEB00: invalid HTTP response code received. URL: https://datarouter.ol.epicgames.com/datarouter/api/v1/public/data?SessionID=%7B6A0A8B38-4C9F-5601-AC8E-3899F3705646%7D&AppID=UEEditor.Rocket.Release&AppVersion=4.27.2-18319896%2B%2B%2BUE4%2BRelease-4.27&UserID=d975ae6d41715b51fd3ecba185d3fc09%7C8a858a74adcc4c86aa7ca686176ab5bb%7C90f712fe-2f61-4f5c-8f94-fd0757457318&AppEnvironment=datacollector-binary&UploadType=eteventstream, HTTP code: 0, content length: 0, actual payload size: 0
[2026.05.08-15.30.53:961][763]LogHttp: Warning: 0000025158FBEB00: request failed, libcurl error: 60 (Peer certificate cannot be authenticated with given CA certificates)
[2026.05.08-15.30.53:961][763]LogHttp: Warning: 0000025158FBEB00: libcurl info message cache 0 (Hostname in DNS cache was stale, zapped)
[2026.05.08-15.30.53:961][763]LogHttp: Warning: 0000025158FBEB00: libcurl info message cache 1 (  Trying 52.86.72.232...)
[2026.05.08-15.30.53:961][763]LogHttp: Warning: 0000025158FBEB00: libcurl info message cache 2 (TCP_NODELAY set)
[2026.05.08-15.30.53:961][763]LogHttp: Warning: 0000025158FBEB00: libcurl info message cache 3 (Connected to datarouter.ol.epicgames.com (52.86.72.232) port 443 (#4))
[2026.05.08-15.30.53:961][763]LogHttp: Warning: 0000025158FBEB00: libcurl info message cache 4 (ALPN, offering http/1.1)
[2026.05.08-15.30.53:961][763]LogHttp: Warning: 0000025158FBEB00: libcurl info message cache 5 (Cipher selection: ALL:!EXPORT:!EXPORT40:!EXPORT56:!aNULL:!LOW:!RC4:@STRENGTH)
[2026.05.08-15.30.53:961][763]LogHttp: Warning: 0000025158FBEB00: libcurl info message cache 6 (TLSv1.3 (OUT), TLS handshake, Client hello (1):)
[2026.05.08-15.30.53:961][763]LogHttp: Warning: 0000025158FBEB00: libcurl info message cache 7 (TLSv1.3 (IN), TLS handshake, Server hello (2):)
[2026.05.08-15.30.53:961][763]LogHttp: Warning: 0000025158FBEB00: libcurl info message cache 8 (TLSv1.2 (IN), TLS handshake, Certificate (11):)
[2026.05.08-15.30.53:961][763]LogHttp: Warning: 0000025158FBEB00: libcurl info message cache 9 (TLSv1.2 (OUT), TLS alert, Server hello (2):)
[2026.05.08-15.30.53:961][763]LogHttp: Warning: 0000025158FBEB00: libcurl info message cache 10 (SSL certificate problem: self signed certificate in certificate chain)
[2026.05.08-15.30.53:961][763]LogHttp: Warning: 0000025158FBEB00: libcurl info message cache 11 (Closing connection 4)
[2026.05.08-15.30.54:300][764]LogHttp: Warning: Retry exhausted on https://datarouter.ol.epicgames.com/datarouter/api/v1/public/data?SessionID=%7B6A0A8B38-4C9F-5601-AC8E-3899F3705646%7D&AppID=UEEditor.Rocket.Release&AppVersion=4.27.2-18319896%2B%2B%2BUE4%2BRelease-4.27&UserID=d975ae6d41715b51fd3ecba185d3fc09%7C8a858a74adcc4c86aa7ca686176ab5bb%7C90f712fe-2f61-4f5c-8f94-fd0757457318&AppEnvironment=datacollector-binary&UploadType=eteventstream
[2026.05.08-15.31.50:986][933]LogHttp: Warning: 0000025158FBEB00: invalid HTTP response code received. URL: https://datarouter.ol.epicgames.com/datarouter/api/v1/public/data?SessionID=%7B6A0A8B38-4C9F-5601-AC8E-3899F3705646%7D&AppID=UEEditor.Rocket.Release&AppVersion=4.27.2-18319896%2B%2B%2BUE4%2BRelease-4.27&UserID=d975ae6d41715b51fd3ecba185d3fc09%7C8a858a74adcc4c86aa7ca686176ab5bb%7C90f712fe-2f61-4f5c-8f94-fd0757457318&AppEnvironment=datacollector-binary&UploadType=eteventstream, HTTP code: 0, content length: 0, actual payload size: 0
[2026.05.08-15.31.50:986][933]LogHttp: Warning: 0000025158FBEB00: request failed, libcurl error: 60 (Peer certificate cannot be authenticated with given CA certificates)
[2026.05.08-15.31.50:986][933]LogHttp: Warning: 0000025158FBEB00: libcurl info message cache 0 (Hostname datarouter.ol.epicgames.com was found in DNS cache)
[2026.05.08-15.31.50:986][933]LogHttp: Warning: 0000025158FBEB00: libcurl info message cache 1 (  Trying 52.86.72.232...)
[2026.05.08-15.31.50:986][933]LogHttp: Warning: 0000025158FBEB00: libcurl info message cache 2 (TCP_NODELAY set)
[2026.05.08-15.31.50:986][933]LogHttp: Warning: 0000025158FBEB00: libcurl info message cache 3 (Connected to datarouter.ol.epicgames.com (52.86.72.232) port 443 (#5))
[2026.05.08-15.31.50:986][933]LogHttp: Warning: 0000025158FBEB00: libcurl info message cache 4 (ALPN, offering http/1.1)
[2026.05.08-15.31.50:986][933]LogHttp: Warning: 0000025158FBEB00: libcurl info message cache 5 (Cipher selection: ALL:!EXPORT:!EXPORT40:!EXPORT56:!aNULL:!LOW:!RC4:@STRENGTH)
[2026.05.08-15.31.50:986][933]LogHttp: Warning: 0000025158FBEB00: libcurl info message cache 6 (TLSv1.3 (OUT), TLS handshake, Client hello (1):)
[2026.05.08-15.31.50:986][933]LogHttp: Warning: 0000025158FBEB00: libcurl info message cache 7 (TLSv1.3 (IN), TLS handshake, Server hello (2):)
[2026.05.08-15.31.50:986][933]LogHttp: Warning: 0000025158FBEB00: libcurl info message cache 8 (TLSv1.2 (IN), TLS handshake, Certificate (11):)
[2026.05.08-15.31.50:986][933]LogHttp: Warning: 0000025158FBEB00: libcurl info message cache 9 (TLSv1.2 (OUT), TLS alert, Server hello (2):)
[2026.05.08-15.31.50:986][933]LogHttp: Warning: 0000025158FBEB00: libcurl info message cache 10 (SSL certificate problem: self signed certificate in certificate chain)
[2026.05.08-15.31.50:986][933]LogHttp: Warning: 0000025158FBEB00: libcurl info message cache 11 (Closing connection 5)
[2026.05.08-15.31.51:319][934]LogHttp: Warning: Retry exhausted on https://datarouter.ol.epicgames.com/datarouter/api/v1/public/data?SessionID=%7B6A0A8B38-4C9F-5601-AC8E-3899F3705646%7D&AppID=UEEditor.Rocket.Release&AppVersion=4.27.2-18319896%2B%2B%2BUE4%2BRelease-4.27&UserID=d975ae6d41715b51fd3ecba185d3fc09%7C8a858a74adcc4c86aa7ca686176ab5bb%7C90f712fe-2f61-4f5c-8f94-fd0757457318&AppEnvironment=datacollector-binary&UploadType=eteventstream
[2026.05.08-15.32.50:940][112]LogHttp: Warning: 0000025158FBEB00: invalid HTTP response code received. URL: https://datarouter.ol.epicgames.com/datarouter/api/v1/public/data?SessionID=%7B6A0A8B38-4C9F-5601-AC8E-3899F3705646%7D&AppID=UEEditor.Rocket.Release&AppVersion=4.27.2-18319896%2B%2B%2BUE4%2BRelease-4.27&UserID=d975ae6d41715b51fd3ecba185d3fc09%7C8a858a74adcc4c86aa7ca686176ab5bb%7C90f712fe-2f61-4f5c-8f94-fd0757457318&AppEnvironment=datacollector-binary&UploadType=eteventstream, HTTP code: 0, content length: 0, actual payload size: 0
[2026.05.08-15.32.50:940][112]LogHttp: Warning: 0000025158FBEB00: request failed, libcurl error: 60 (Peer certificate cannot be authenticated with given CA certificates)
[2026.05.08-15.32.50:940][112]LogHttp: Warning: 0000025158FBEB00: libcurl info message cache 0 (Hostname in DNS cache was stale, zapped)
[2026.05.08-15.32.50:940][112]LogHttp: Warning: 0000025158FBEB00: libcurl info message cache 1 (  Trying 52.5.248.34...)
[2026.05.08-15.32.50:940][112]LogHttp: Warning: 0000025158FBEB00: libcurl info message cache 2 (TCP_NODELAY set)
[2026.05.08-15.32.50:940][112]LogHttp: Warning: 0000025158FBEB00: libcurl info message cache 3 (Connected to datarouter.ol.epicgames.com (52.5.248.34) port 443 (#6))
[2026.05.08-15.32.50:940][112]LogHttp: Warning: 0000025158FBEB00: libcurl info message cache 4 (ALPN, offering http/1.1)
[2026.05.08-15.32.50:940][112]LogHttp: Warning: 0000025158FBEB00: libcurl info message cache 5 (Cipher selection: ALL:!EXPORT:!EXPORT40:!EXPORT56:!aNULL:!LOW:!RC4:@STRENGTH)
[2026.05.08-15.32.50:940][112]LogHttp: Warning: 0000025158FBEB00: libcurl info message cache 6 (TLSv1.3 (OUT), TLS handshake, Client hello (1):)
[2026.05.08-15.32.50:940][112]LogHttp: Warning: 0000025158FBEB00: libcurl info message cache 7 (TLSv1.3 (IN), TLS handshake, Server hello (2):)
[2026.05.08-15.32.50:940][112]LogHttp: Warning: 0000025158FBEB00: libcurl info message cache 8 (TLSv1.2 (IN), TLS handshake, Certificate (11):)
[2026.05.08-15.32.50:940][112]LogHttp: Warning: 0000025158FBEB00: libcurl info message cache 9 (TLSv1.2 (OUT), TLS alert, Server hello (2):)
[2026.05.08-15.32.50:940][112]LogHttp: Warning: 0000025158FBEB00: libcurl info message cache 10 (SSL certificate problem: self signed certificate in certificate chain)
[2026.05.08-15.32.50:940][112]LogHttp: Warning: 0000025158FBEB00: libcurl info message cache 11 (Closing connection 6)
[2026.05.08-15.32.50:940][112]LogHttp: Warning: Retry exhausted on https://datarouter.ol.epicgames.com/datarouter/api/v1/public/data?SessionID=%7B6A0A8B38-4C9F-5601-AC8E-3899F3705646%7D&AppID=UEEditor.Rocket.Release&AppVersion=4.27.2-18319896%2B%2B%2BUE4%2BRelease-4.27&UserID=d975ae6d41715b51fd3ecba185d3fc09%7C8a858a74adcc4c86aa7ca686176ab5bb%7C90f712fe-2f61-4f5c-8f94-fd0757457318&AppEnvironment=datacollector-binary&UploadType=eteventstream
[2026.05.08-15.33.52:182][295]LogHttp: Warning: 0000025158FBEB00: invalid HTTP response code received. URL: https://datarouter.ol.epicgames.com/datarouter/api/v1/public/data?SessionID=%7B6A0A8B38-4C9F-5601-AC8E-3899F3705646%7D&AppID=UEEditor.Rocket.Release&AppVersion=4.27.2-18319896%2B%2B%2BUE4%2BRelease-4.27&UserID=d975ae6d41715b51fd3ecba185d3fc09%7C8a858a74adcc4c86aa7ca686176ab5bb%7C90f712fe-2f61-4f5c-8f94-fd0757457318&AppEnvironment=datacollector-binary&UploadType=eteventstream, HTTP code: 0, content length: 0, actual payload size: 0
[2026.05.08-15.33.52:182][295]LogHttp: Warning: 0000025158FBEB00: request failed, libcurl error: 60 (Peer certificate cannot be authenticated with given CA certificates)
[2026.05.08-15.33.52:182][295]LogHttp: Warning: 0000025158FBEB00: libcurl info message cache 0 (Hostname in DNS cache was stale, zapped)
[2026.05.08-15.33.52:182][295]LogHttp: Warning: 0000025158FBEB00: libcurl info message cache 1 (  Trying 100.51.219.91...)
[2026.05.08-15.33.52:182][295]LogHttp: Warning: 0000025158FBEB00: libcurl info message cache 2 (TCP_NODELAY set)
[2026.05.08-15.33.52:182][295]LogHttp: Warning: 0000025158FBEB00: libcurl info message cache 3 (Connected to datarouter.ol.epicgames.com (100.51.219.91) port 443 (#7))
[2026.05.08-15.33.52:182][295]LogHttp: Warning: 0000025158FBEB00: libcurl info message cache 4 (ALPN, offering http/1.1)
[2026.05.08-15.33.52:182][295]LogHttp: Warning: 0000025158FBEB00: libcurl info message cache 5 (Cipher selection: ALL:!EXPORT:!EXPORT40:!EXPORT56:!aNULL:!LOW:!RC4:@STRENGTH)
[2026.05.08-15.33.52:182][295]LogHttp: Warning: 0000025158FBEB00: libcurl info message cache 6 (TLSv1.3 (OUT), TLS handshake, Client hello (1):)
[2026.05.08-15.33.52:182][295]LogHttp: Warning: 0000025158FBEB00: libcurl info message cache 7 (TLSv1.3 (IN), TLS handshake, Server hello (2):)
[2026.05.08-15.33.52:182][295]LogHttp: Warning: 0000025158FBEB00: libcurl info message cache 8 (TLSv1.2 (IN), TLS handshake, Certificate (11):)
[2026.05.08-15.33.52:182][295]LogHttp: Warning: 0000025158FBEB00: libcurl info message cache 9 (TLSv1.2 (OUT), TLS alert, Server hello (2):)
[2026.05.08-15.33.52:182][295]LogHttp: Warning: 0000025158FBEB00: libcurl info message cache 10 (SSL certificate problem: self signed certificate in certificate chain)
[2026.05.08-15.33.52:182][295]LogHttp: Warning: 0000025158FBEB00: libcurl info message cache 11 (Closing connection 7)
[2026.05.08-15.33.52:517][296]LogHttp: Warning: Retry exhausted on https://datarouter.ol.epicgames.com/datarouter/api/v1/public/data?SessionID=%7B6A0A8B38-4C9F-5601-AC8E-3899F3705646%7D&AppID=UEEditor.Rocket.Release&AppVersion=4.27.2-18319896%2B%2B%2BUE4%2BRelease-4.27&UserID=d975ae6d41715b51fd3ecba185d3fc09%7C8a858a74adcc4c86aa7ca686176ab5bb%7C90f712fe-2f61-4f5c-8f94-fd0757457318&AppEnvironment=datacollector-binary&UploadType=eteventstream
[2026.05.08-15.34.18:908][466]LogUdpMessaging: Warning: UDP messaging encountered an error. Auto repair routine started for reinitialization
[2026.05.08-15.38.32:037][218]LogHotReload: New module detected: UE4Editor-Facade-0029.dll
[2026.05.08-15.38.33:074][222]LogHotReload: Starting Hot-Reload from IDE
[2026.05.08-15.38.33:091][222]LogSlate: Took 0.000541 seconds to synchronously load lazily loaded font '../../../Engine/Content/Slate/Fonts/Roboto-Light.ttf' (167K)
[2026.05.08-15.38.33:196][222]LogNativeClassHierarchy: Verbose: Native class hierarchy updated for 'Facade' in 0.0004 seconds. Added 6 classes and 2 folders.
[2026.05.08-15.38.33:200][222]Display: HotReload successful (1 functions remapped  0 scriptstructs remapped)
[2026.05.08-15.38.33:265][222]LogNativeClassHierarchy: Verbose: Native class hierarchy populated in 0.0109 seconds. Added 3828 classes and 930 folders.
[2026.05.08-15.38.33:304][222]Display: HotReload took  0.2s.
[2026.05.08-15.38.39:135][328]LogTemp: Repeating last play command: Simulate
[2026.05.08-15.38.39:140][328]LogPlayLevel: PlayLevel: No blueprints needed recompiling
[2026.05.08-15.38.39:140][328]PIE: New page: Sesión SIE (simulación en el editor): TwinStickExampleMap (8 may. 2026 7:38:39)
[2026.05.08-15.38.39:141][328]LogPlayLevel: Creating play world package: /Game/TwinStickCPP/Maps/UEDPIE_0_TwinStickExampleMap
[2026.05.08-15.38.39:151][328]LogPlayLevel: PIE: StaticDuplicateObject took: (0.009480s)
[2026.05.08-15.38.39:152][328]LogAIModule: Creating AISystem for world TwinStickExampleMap
[2026.05.08-15.38.39:153][328]LogPlayLevel: PIE: World Init took: (0.002064s)
[2026.05.08-15.38.39:153][328]LogPlayLevel: PIE: Created PIE world by copying editor world from /Game/TwinStickCPP/Maps/TwinStickExampleMap.TwinStickExampleMap to /Game/TwinStickCPP/Maps/UEDPIE_0_TwinStickExampleMap.TwinStickExampleMap (0.011861s)
[2026.05.08-15.38.39:165][328]LogUObjectHash: Compacting FUObjectHashTables data took   0.67ms
[2026.05.08-15.38.39:167][328]LogAudio: Display: Creating Audio Device:                 Id: 3, Scope: Unique, Realtime: True
[2026.05.08-15.38.39:167][328]LogAudioMixer: Display: Audio Mixer Platform Settings:
[2026.05.08-15.38.39:167][328]LogAudioMixer: Display: 	Sample Rate:						  48000
[2026.05.08-15.38.39:167][328]LogAudioMixer: Display: 	Callback Buffer Frame Size Requested: 1024
[2026.05.08-15.38.39:167][328]LogAudioMixer: Display: 	Callback Buffer Frame Size To Use:	  1024
[2026.05.08-15.38.39:167][328]LogAudioMixer: Display: 	Number of buffers to queue:			  2
[2026.05.08-15.38.39:167][328]LogAudioMixer: Display: 	Max Channels (voices):				  32
[2026.05.08-15.38.39:167][328]LogAudioMixer: Display: 	Number of Async Source Workers:		  0
[2026.05.08-15.38.39:167][328]LogAudio: Display: AudioDevice MaxSources: 32
[2026.05.08-15.38.39:168][328]LogAudio: Display: Audio Spatialization Plugin: None (built-in).
[2026.05.08-15.38.39:168][328]LogAudio: Display: Audio Reverb Plugin: None (built-in).
[2026.05.08-15.38.39:168][328]LogAudio: Display: Audio Occlusion Plugin: None (built-in).
[2026.05.08-15.38.39:168][328]LogAudioMixer: Display: Initializing audio mixer.
[2026.05.08-15.38.39:171][328]LogAudioMixer: Display: 0: FrontLeft
[2026.05.08-15.38.39:171][328]LogAudioMixer: Display: 1: FrontRight
[2026.05.08-15.38.39:218][328]LogAudioMixer: Display: Using Audio Device Speakers (Realtek(R) Audio)
[2026.05.08-15.38.39:218][328]LogAudioMixer: Display: Initializing Sound Submixes...
[2026.05.08-15.38.39:218][328]LogAudioMixer: Display: Creating Master Submix 'MasterSubmixDefault'
[2026.05.08-15.38.39:218][328]LogAudioMixer: Display: Creating Master Submix 'MasterReverbSubmixDefault'
[2026.05.08-15.38.39:219][328]LogAudioMixer: Display: Creating Master Submix 'MasterEQSubmixDefault'
[2026.05.08-15.38.39:219][328]LogAudioMixer: FMixerPlatformXAudio2::StartAudioStream() called
[2026.05.08-15.38.39:219][328]LogAudioMixer: Display: Output buffers initialized: Frames=1024, Channels=2, Samples=2048
[2026.05.08-15.38.39:220][328]LogAudioMixer: Display: Starting AudioMixerPlatformInterface::RunInternal()
[2026.05.08-15.38.39:220][328]LogAudioMixer: Display: FMixerPlatformXAudio2::SubmitBuffer() called for the first time
[2026.05.08-15.38.39:220][328]LogInit: FAudioDevice initialized.
[2026.05.08-15.38.39:220][328]LogAudio: Display: Audio Device (ID: 3) registered with world 'TwinStickExampleMap'.
[2026.05.08-15.38.39:229][328]LogLoad: Game class is 'FacadeGameMode'
[2026.05.08-15.38.39:231][328]LogWorld: Bringing World /Game/TwinStickCPP/Maps/UEDPIE_0_TwinStickExampleMap.TwinStickExampleMap up for play (max tick rate 0) at 2026.05.08-11.38.39
[2026.05.08-15.38.39:233][328]LogWorld: Bringing up level for play took: 0.002737
[2026.05.08-15.38.39:233][328]LogOnline: OSS: Creating online subsystem instance for: :Context_7
[2026.05.08-15.38.39:236][328]LogGameMode: Display: Match State Changed from EnteringMap to WaitingToStart
[2026.05.08-15.38.39:237][328]LogGameState: Match State Changed from EnteringMap to WaitingToStart
[2026.05.08-15.38.39:237][328]PIE: El servidor ha iniciado la sesión
[2026.05.08-15.38.39:238][328]PIE: Play in editor total start time 0,098 seconds.
[2026.05.08-15.38.55:376][722]LogHotReload: New module detected: UE4Editor-Facade-0030.dll
[2026.05.08-15.39.01:684][810]LogSlate: Updating window title bar state: overlay mode, drag disabled, window buttons hidden, title bar hidden
[2026.05.08-15.39.01:684][810]LogWorld: BeginTearingDown for /Game/TwinStickCPP/Maps/UEDPIE_0_TwinStickExampleMap
[2026.05.08-15.39.01:685][810]LogWorld: UWorld::CleanupWorld for TwinStickExampleMap, bSessionEnded=true, bCleanupResources=true
[2026.05.08-15.39.01:685][810]LogSlate: InvalidateAllWidgets triggered.  All widgets were invalidated
[2026.05.08-15.39.01:698][810]LogPlayLevel: Display: Shutting down PIE online subsystems
[2026.05.08-15.39.01:699][810]LogSlate: InvalidateAllWidgets triggered.  All widgets were invalidated
[2026.05.08-15.39.01:704][810]LogAudio: Display: Audio Device unregistered from world 'None'.
[2026.05.08-15.39.01:704][810]LogAudioMixer: FMixerPlatformXAudio2::StopAudioStream() called
[2026.05.08-15.39.01:706][810]LogAudioMixer: FMixerPlatformXAudio2::StopAudioStream() called
[2026.05.08-15.39.01:707][810]LogSlate: Updating window title bar state: overlay mode, drag disabled, window buttons hidden, title bar hidden
[2026.05.08-15.39.01:709][810]LogUObjectHash: Compacting FUObjectHashTables data took   0.74ms
[2026.05.08-15.39.01:736][811]LogHotReload: Starting Hot-Reload from IDE
[2026.05.08-15.39.01:817][811]LogNativeClassHierarchy: Verbose: Native class hierarchy updated for 'Facade' in 0.0003 seconds. Added 6 classes and 2 folders.
[2026.05.08-15.39.01:819][811]Display: HotReload successful (1 functions remapped  0 scriptstructs remapped)
[2026.05.08-15.39.01:867][811]LogNativeClassHierarchy: Verbose: Native class hierarchy populated in 0.0087 seconds. Added 3828 classes and 930 folders.
[2026.05.08-15.39.01:876][811]Display: HotReload took  0.1s.
[2026.05.08-15.39.01:944][811]LogPlayLevel: Display: Destroying online subsystem :Context_7
[2026.05.08-15.39.02:878][836]LogTemp: Repeating last play command: Simulate
[2026.05.08-15.39.02:883][836]LogPlayLevel: PlayLevel: No blueprints needed recompiling
[2026.05.08-15.39.02:883][836]PIE: New page: Sesión SIE (simulación en el editor): TwinStickExampleMap (8 may. 2026 7:39:02)
[2026.05.08-15.39.02:884][836]LogPlayLevel: Creating play world package: /Game/TwinStickCPP/Maps/UEDPIE_0_TwinStickExampleMap
[2026.05.08-15.39.02:894][836]LogPlayLevel: PIE: StaticDuplicateObject took: (0.009915s)
[2026.05.08-15.39.02:895][836]LogAIModule: Creating AISystem for world TwinStickExampleMap
[2026.05.08-15.39.02:895][836]LogPlayLevel: PIE: World Init took: (0.001817s)
[2026.05.08-15.39.02:895][836]LogPlayLevel: PIE: Created PIE world by copying editor world from /Game/TwinStickCPP/Maps/TwinStickExampleMap.TwinStickExampleMap to /Game/TwinStickCPP/Maps/UEDPIE_0_TwinStickExampleMap.TwinStickExampleMap (0.011872s)
[2026.05.08-15.39.02:940][836]LogUObjectHash: Compacting FUObjectHashTables data took   0.53ms
[2026.05.08-15.39.02:941][836]LogAudio: Display: Creating Audio Device:                 Id: 4, Scope: Unique, Realtime: True
[2026.05.08-15.39.02:941][836]LogAudioMixer: Display: Audio Mixer Platform Settings:
[2026.05.08-15.39.02:941][836]LogAudioMixer: Display: 	Sample Rate:						  48000
[2026.05.08-15.39.02:941][836]LogAudioMixer: Display: 	Callback Buffer Frame Size Requested: 1024
[2026.05.08-15.39.02:941][836]LogAudioMixer: Display: 	Callback Buffer Frame Size To Use:	  1024
[2026.05.08-15.39.02:941][836]LogAudioMixer: Display: 	Number of buffers to queue:			  2
[2026.05.08-15.39.02:941][836]LogAudioMixer: Display: 	Max Channels (voices):				  32
[2026.05.08-15.39.02:941][836]LogAudioMixer: Display: 	Number of Async Source Workers:		  0
[2026.05.08-15.39.02:941][836]LogAudio: Display: AudioDevice MaxSources: 32
[2026.05.08-15.39.02:942][836]LogAudio: Display: Audio Spatialization Plugin: None (built-in).
[2026.05.08-15.39.02:942][836]LogAudio: Display: Audio Reverb Plugin: None (built-in).
[2026.05.08-15.39.02:942][836]LogAudio: Display: Audio Occlusion Plugin: None (built-in).
[2026.05.08-15.39.02:942][836]LogAudioMixer: Display: Initializing audio mixer.
[2026.05.08-15.39.02:944][836]LogAudioMixer: Display: 0: FrontLeft
[2026.05.08-15.39.02:944][836]LogAudioMixer: Display: 1: FrontRight
[2026.05.08-15.39.02:989][836]LogAudioMixer: Display: Using Audio Device Speakers (Realtek(R) Audio)
[2026.05.08-15.39.02:989][836]LogAudioMixer: Display: Initializing Sound Submixes...
[2026.05.08-15.39.02:989][836]LogAudioMixer: Display: Creating Master Submix 'MasterSubmixDefault'
[2026.05.08-15.39.02:989][836]LogAudioMixer: Display: Creating Master Submix 'MasterReverbSubmixDefault'
[2026.05.08-15.39.02:990][836]LogAudioMixer: Display: Creating Master Submix 'MasterEQSubmixDefault'
[2026.05.08-15.39.02:990][836]LogAudioMixer: FMixerPlatformXAudio2::StartAudioStream() called
[2026.05.08-15.39.02:990][836]LogAudioMixer: Display: Output buffers initialized: Frames=1024, Channels=2, Samples=2048
[2026.05.08-15.39.02:991][836]LogAudioMixer: Display: Starting AudioMixerPlatformInterface::RunInternal()
[2026.05.08-15.39.02:991][836]LogAudioMixer: Display: FMixerPlatformXAudio2::SubmitBuffer() called for the first time
[2026.05.08-15.39.02:991][836]LogInit: FAudioDevice initialized.
[2026.05.08-15.39.02:991][836]LogAudio: Display: Audio Device (ID: 4) registered with world 'TwinStickExampleMap'.
[2026.05.08-15.39.02:997][836]LogLoad: Game class is 'FacadeGameMode'
[2026.05.08-15.39.02:998][836]LogWorld: Bringing World /Game/TwinStickCPP/Maps/UEDPIE_0_TwinStickExampleMap.TwinStickExampleMap up for play (max tick rate 0) at 2026.05.08-11.39.02
[2026.05.08-15.39.02:998][836]LogWorld: Bringing up level for play took: 0.000772
[2026.05.08-15.39.02:999][836]LogOnline: OSS: Creating online subsystem instance for: :Context_8
[2026.05.08-15.39.03:001][836]LogGameMode: Display: Match State Changed from EnteringMap to WaitingToStart
[2026.05.08-15.39.03:001][836]LogGameState: Match State Changed from EnteringMap to WaitingToStart
[2026.05.08-15.39.03:001][836]PIE: El servidor ha iniciado la sesión
[2026.05.08-15.39.03:001][836]PIE: Play in editor total start time 0,119 seconds.
[2026.05.08-15.39.08:664][148]LogSlate: Updating window title bar state: overlay mode, drag disabled, window buttons hidden, title bar hidden
[2026.05.08-15.39.08:664][148]LogWorld: BeginTearingDown for /Game/TwinStickCPP/Maps/UEDPIE_0_TwinStickExampleMap
[2026.05.08-15.39.08:664][148]LogWorld: UWorld::CleanupWorld for TwinStickExampleMap, bSessionEnded=true, bCleanupResources=true
[2026.05.08-15.39.08:664][148]LogSlate: InvalidateAllWidgets triggered.  All widgets were invalidated
[2026.05.08-15.39.08:676][148]LogPlayLevel: Display: Shutting down PIE online subsystems
[2026.05.08-15.39.08:677][148]LogSlate: InvalidateAllWidgets triggered.  All widgets were invalidated
[2026.05.08-15.39.08:682][148]LogAudio: Display: Audio Device unregistered from world 'None'.
[2026.05.08-15.39.08:682][148]LogAudioMixer: FMixerPlatformXAudio2::StopAudioStream() called
[2026.05.08-15.39.08:684][148]LogAudioMixer: FMixerPlatformXAudio2::StopAudioStream() called
[2026.05.08-15.39.08:687][148]LogSlate: Updating window title bar state: overlay mode, drag disabled, window buttons hidden, title bar hidden
[2026.05.08-15.39.08:689][148]LogUObjectHash: Compacting FUObjectHashTables data took   0.61ms
[2026.05.08-15.39.08:735][151]LogPlayLevel: Display: Destroying online subsystem :Context_8
[2026.05.08-15.39.50:782][394]LogHttp: Warning: 00000251519FC100: invalid HTTP response code received. URL: https://datarouter.ol.epicgames.com/datarouter/api/v1/public/data?SessionID=%7B6A0A8B38-4C9F-5601-AC8E-3899F3705646%7D&AppID=UEEditor.Rocket.Release&AppVersion=4.27.2-18319896%2B%2B%2BUE4%2BRelease-4.27&UserID=d975ae6d41715b51fd3ecba185d3fc09%7C8a858a74adcc4c86aa7ca686176ab5bb%7C90f712fe-2f61-4f5c-8f94-fd0757457318&AppEnvironment=datacollector-binary&UploadType=eteventstream, HTTP code: 0, content length: 0, actual payload size: 0
[2026.05.08-15.39.50:782][394]LogHttp: Warning: 00000251519FC100: request failed, libcurl error: 60 (Peer certificate cannot be authenticated with given CA certificates)
[2026.05.08-15.39.50:782][394]LogHttp: Warning: 00000251519FC100: libcurl info message cache 0 (Connection 8 seems to be dead!)
[2026.05.08-15.39.50:782][394]LogHttp: Warning: 00000251519FC100: libcurl info message cache 1 (Closing connection 8)
[2026.05.08-15.39.50:782][394]LogHttp: Warning: 00000251519FC100: libcurl info message cache 2 (TLSv1.3 (OUT), TLS Unknown, Unknown (21):)
[2026.05.08-15.39.50:783][394]LogHttp: Warning: 00000251519FC100: libcurl info message cache 3 (  Trying 54.165.69.206...)
[2026.05.08-15.39.50:783][394]LogHttp: Warning: 00000251519FC100: libcurl info message cache 4 (TCP_NODELAY set)
[2026.05.08-15.39.50:783][394]LogHttp: Warning: 00000251519FC100: libcurl info message cache 5 (Connected to datarouter.ol.epicgames.com (54.165.69.206) port 443 (#9))
[2026.05.08-15.39.50:783][394]LogHttp: Warning: 00000251519FC100: libcurl info message cache 6 (ALPN, offering http/1.1)
[2026.05.08-15.39.50:783][394]LogHttp: Warning: 00000251519FC100: libcurl info message cache 7 (Cipher selection: ALL:!EXPORT:!EXPORT40:!EXPORT56:!aNULL:!LOW:!RC4:@STRENGTH)
[2026.05.08-15.39.50:783][394]LogHttp: Warning: 00000251519FC100: libcurl info message cache 8 (SSL re-using session ID)
[2026.05.08-15.39.50:783][394]LogHttp: Warning: 00000251519FC100: libcurl info message cache 9 (TLSv1.3 (OUT), TLS handshake, Client hello (1):)
[2026.05.08-15.39.50:783][394]LogHttp: Warning: 00000251519FC100: libcurl info message cache 10 (TLSv1.3 (IN), TLS handshake, Server hello (2):)
[2026.05.08-15.39.50:783][394]LogHttp: Warning: 00000251519FC100: libcurl info message cache 11 (TLSv1.2 (IN), TLS handshake, Certificate (11):)
[2026.05.08-15.39.50:783][394]LogHttp: Warning: 00000251519FC100: libcurl info message cache 12 (TLSv1.2 (OUT), TLS alert, Server hello (2):)
[2026.05.08-15.39.50:783][394]LogHttp: Warning: 00000251519FC100: libcurl info message cache 13 (SSL certificate problem: self signed certificate in certificate chain)
[2026.05.08-15.39.50:783][394]LogHttp: Warning: 00000251519FC100: libcurl info message cache 14 (Closing connection 9)
[2026.05.08-15.39.50:784][394]LogHttp: Warning: Retry exhausted on https://datarouter.ol.epicgames.com/datarouter/api/v1/public/data?SessionID=%7B6A0A8B38-4C9F-5601-AC8E-3899F3705646%7D&AppID=UEEditor.Rocket.Release&AppVersion=4.27.2-18319896%2B%2B%2BUE4%2BRelease-4.27&UserID=d975ae6d41715b51fd3ecba185d3fc09%7C8a858a74adcc4c86aa7ca686176ab5bb%7C90f712fe-2f61-4f5c-8f94-fd0757457318&AppEnvironment=datacollector-binary&UploadType=eteventstream
[2026.05.08-15.41.21:109][664]LogHttp: Warning: 00000251519FC100: invalid HTTP response code received. URL: https://datarouter.ol.epicgames.com/datarouter/api/v1/public/data?SessionID=%7B6A0A8B38-4C9F-5601-AC8E-3899F3705646%7D&AppID=UEEditor.Rocket.Release&AppVersion=4.27.2-18319896%2B%2B%2BUE4%2BRelease-4.27&UserID=d975ae6d41715b51fd3ecba185d3fc09%7C8a858a74adcc4c86aa7ca686176ab5bb%7C90f712fe-2f61-4f5c-8f94-fd0757457318&AppEnvironment=datacollector-binary&UploadType=eteventstream, HTTP code: 0, content length: 0, actual payload size: 0
[2026.05.08-15.41.21:111][664]LogHttp: Warning: 00000251519FC100: request failed, libcurl error: 60 (Peer certificate cannot be authenticated with given CA certificates)
[2026.05.08-15.41.21:111][664]LogHttp: Warning: 00000251519FC100: libcurl info message cache 0 (Hostname in DNS cache was stale, zapped)
[2026.05.08-15.41.21:111][664]LogHttp: Warning: 00000251519FC100: libcurl info message cache 1 (  Trying 44.218.205.56...)
[2026.05.08-15.41.21:111][664]LogHttp: Warning: 00000251519FC100: libcurl info message cache 2 (TCP_NODELAY set)
[2026.05.08-15.41.21:111][664]LogHttp: Warning: 00000251519FC100: libcurl info message cache 3 (Connected to datarouter.ol.epicgames.com (44.218.205.56) port 443 (#10))
[2026.05.08-15.41.21:111][664]LogHttp: Warning: 00000251519FC100: libcurl info message cache 4 (ALPN, offering http/1.1)
[2026.05.08-15.41.21:111][664]LogHttp: Warning: 00000251519FC100: libcurl info message cache 5 (Cipher selection: ALL:!EXPORT:!EXPORT40:!EXPORT56:!aNULL:!LOW:!RC4:@STRENGTH)
[2026.05.08-15.41.21:111][664]LogHttp: Warning: 00000251519FC100: libcurl info message cache 6 (SSL re-using session ID)
[2026.05.08-15.41.21:111][664]LogHttp: Warning: 00000251519FC100: libcurl info message cache 7 (TLSv1.3 (OUT), TLS handshake, Client hello (1):)
[2026.05.08-15.41.21:111][664]LogHttp: Warning: 00000251519FC100: libcurl info message cache 8 (TLSv1.3 (IN), TLS handshake, Server hello (2):)
[2026.05.08-15.41.21:111][664]LogHttp: Warning: 00000251519FC100: libcurl info message cache 9 (TLSv1.2 (IN), TLS handshake, Certificate (11):)
[2026.05.08-15.41.21:111][664]LogHttp: Warning: 00000251519FC100: libcurl info message cache 10 (TLSv1.2 (OUT), TLS alert, Server hello (2):)
[2026.05.08-15.41.21:111][664]LogHttp: Warning: 00000251519FC100: libcurl info message cache 11 (SSL certificate problem: self signed certificate in certificate chain)
[2026.05.08-15.41.21:111][664]LogHttp: Warning: 00000251519FC100: libcurl info message cache 12 (Closing connection 10)
[2026.05.08-15.41.21:111][664]LogHttp: Warning: Retry exhausted on https://datarouter.ol.epicgames.com/datarouter/api/v1/public/data?SessionID=%7B6A0A8B38-4C9F-5601-AC8E-3899F3705646%7D&AppID=UEEditor.Rocket.Release&AppVersion=4.27.2-18319896%2B%2B%2BUE4%2BRelease-4.27&UserID=d975ae6d41715b51fd3ecba185d3fc09%7C8a858a74adcc4c86aa7ca686176ab5bb%7C90f712fe-2f61-4f5c-8f94-fd0757457318&AppEnvironment=datacollector-binary&UploadType=eteventstream
[2026.05.08-15.41.56:668][770]LogHttp: Warning: 00000251519FC100: invalid HTTP response code received. URL: https://datarouter.ol.epicgames.com/datarouter/api/v1/public/data?SessionID=%7B6A0A8B38-4C9F-5601-AC8E-3899F3705646%7D&AppID=UEEditor.Rocket.Release&AppVersion=4.27.2-18319896%2B%2B%2BUE4%2BRelease-4.27&UserID=d975ae6d41715b51fd3ecba185d3fc09%7C8a858a74adcc4c86aa7ca686176ab5bb%7C90f712fe-2f61-4f5c-8f94-fd0757457318&AppEnvironment=datacollector-binary&UploadType=eteventstream, HTTP code: 0, content length: 0, actual payload size: 0
[2026.05.08-15.41.56:668][770]LogHttp: Warning: 00000251519FC100: request failed, libcurl error: 60 (Peer certificate cannot be authenticated with given CA certificates)
[2026.05.08-15.41.56:668][770]LogHttp: Warning: 00000251519FC100: libcurl info message cache 0 (Hostname datarouter.ol.epicgames.com was found in DNS cache)
[2026.05.08-15.41.56:668][770]LogHttp: Warning: 00000251519FC100: libcurl info message cache 1 (  Trying 44.218.205.56...)
[2026.05.08-15.41.56:668][770]LogHttp: Warning: 00000251519FC100: libcurl info message cache 2 (TCP_NODELAY set)
[2026.05.08-15.41.56:668][770]LogHttp: Warning: 00000251519FC100: libcurl info message cache 3 (Connected to datarouter.ol.epicgames.com (44.218.205.56) port 443 (#11))
[2026.05.08-15.41.56:668][770]LogHttp: Warning: 00000251519FC100: libcurl info message cache 4 (ALPN, offering http/1.1)
[2026.05.08-15.41.56:668][770]LogHttp: Warning: 00000251519FC100: libcurl info message cache 5 (Cipher selection: ALL:!EXPORT:!EXPORT40:!EXPORT56:!aNULL:!LOW:!RC4:@STRENGTH)
[2026.05.08-15.41.56:668][770]LogHttp: Warning: 00000251519FC100: libcurl info message cache 6 (SSL re-using session ID)
[2026.05.08-15.41.56:668][770]LogHttp: Warning: 00000251519FC100: libcurl info message cache 7 (TLSv1.3 (OUT), TLS handshake, Client hello (1):)
[2026.05.08-15.41.56:668][770]LogHttp: Warning: 00000251519FC100: libcurl info message cache 8 (TLSv1.3 (IN), TLS handshake, Server hello (2):)
[2026.05.08-15.41.56:668][770]LogHttp: Warning: 00000251519FC100: libcurl info message cache 9 (TLSv1.2 (IN), TLS handshake, Certificate (11):)
[2026.05.08-15.41.56:668][770]LogHttp: Warning: 00000251519FC100: libcurl info message cache 10 (TLSv1.2 (OUT), TLS alert, Server hello (2):)
[2026.05.08-15.41.56:668][770]LogHttp: Warning: 00000251519FC100: libcurl info message cache 11 (SSL certificate problem: self signed certificate in certificate chain)
[2026.05.08-15.41.56:668][770]LogHttp: Warning: 00000251519FC100: libcurl info message cache 12 (Closing connection 11)
[2026.05.08-15.41.56:668][770]LogHttp: Warning: Retry exhausted on https://datarouter.ol.epicgames.com/datarouter/api/v1/public/data?SessionID=%7B6A0A8B38-4C9F-5601-AC8E-3899F3705646%7D&AppID=UEEditor.Rocket.Release&AppVersion=4.27.2-18319896%2B%2B%2BUE4%2BRelease-4.27&UserID=d975ae6d41715b51fd3ecba185d3fc09%7C8a858a74adcc4c86aa7ca686176ab5bb%7C90f712fe-2f61-4f5c-8f94-fd0757457318&AppEnvironment=datacollector-binary&UploadType=eteventstream
[2026.05.08-15.55.50:505][256]LogUdpMessaging: Warning: UDP messaging encountered an error. Auto repair routine started for reinitialization
[2026.05.08-15.55.50:844][258]LogHttp: Warning: 00000251519FF900: invalid HTTP response code received. URL: https://datarouter.ol.epicgames.com/datarouter/api/v1/public/data?SessionID=%7B6A0A8B38-4C9F-5601-AC8E-3899F3705646%7D&AppID=UEEditor.Rocket.Release&AppVersion=4.27.2-18319896%2B%2B%2BUE4%2BRelease-4.27&UserID=d975ae6d41715b51fd3ecba185d3fc09%7C8a858a74adcc4c86aa7ca686176ab5bb%7C90f712fe-2f61-4f5c-8f94-fd0757457318&AppEnvironment=datacollector-binary&UploadType=eteventstream, HTTP code: 0, content length: 0, actual payload size: 0
[2026.05.08-15.55.50:844][258]LogHttp: Warning: 00000251519FF900: request failed, libcurl error: 6 (Couldn't resolve host name)
[2026.05.08-15.55.50:844][258]LogHttp: Warning: 00000251519FF900: libcurl info message cache 0 (Connection 12 seems to be dead!)
[2026.05.08-15.55.50:844][258]LogHttp: Warning: 00000251519FF900: libcurl info message cache 1 (Closing connection 12)
[2026.05.08-15.55.50:844][258]LogHttp: Warning: 00000251519FF900: libcurl info message cache 2 (TLSv1.3 (OUT), TLS Unknown, Unknown (21):)
[2026.05.08-15.55.50:844][258]LogHttp: Warning: 00000251519FF900: libcurl info message cache 3 (Could not resolve host: datarouter.ol.epicgames.com)
[2026.05.08-15.55.50:844][258]LogHttp: Warning: 00000251519FF900: libcurl info message cache 4 (Closing connection 13)
[2026.05.08-15.55.50:844][258]LogHttp: Warning: Retry exhausted on https://datarouter.ol.epicgames.com/datarouter/api/v1/public/data?SessionID=%7B6A0A8B38-4C9F-5601-AC8E-3899F3705646%7D&AppID=UEEditor.Rocket.Release&AppVersion=4.27.2-18319896%2B%2B%2BUE4%2BRelease-4.27&UserID=d975ae6d41715b51fd3ecba185d3fc09%7C8a858a74adcc4c86aa7ca686176ab5bb%7C90f712fe-2f61-4f5c-8f94-fd0757457318&AppEnvironment=datacollector-binary&UploadType=eteventstream
[2026.05.08-15.56.46:156][478]LogTemp: Repeating last play command: Simulate
[2026.05.08-15.56.46:163][478]LogPlayLevel: PlayLevel: No blueprints needed recompiling
[2026.05.08-15.56.46:163][478]PIE: New page: Sesión SIE (simulación en el editor): TwinStickExampleMap (8 may. 2026 7:56:46)
[2026.05.08-15.56.46:163][478]LogPlayLevel: Creating play world package: /Game/TwinStickCPP/Maps/UEDPIE_0_TwinStickExampleMap
[2026.05.08-15.56.46:172][478]LogPlayLevel: PIE: StaticDuplicateObject took: (0.009740s)
[2026.05.08-15.56.46:173][478]LogAIModule: Creating AISystem for world TwinStickExampleMap
[2026.05.08-15.56.46:174][478]LogPlayLevel: PIE: World Init took: (0.001377s)
[2026.05.08-15.56.46:174][478]LogPlayLevel: PIE: Created PIE world by copying editor world from /Game/TwinStickCPP/Maps/TwinStickExampleMap.TwinStickExampleMap to /Game/TwinStickCPP/Maps/UEDPIE_0_TwinStickExampleMap.TwinStickExampleMap (0.011279s)
[2026.05.08-15.56.46:179][478]LogUObjectHash: Compacting FUObjectHashTables data took   0.69ms
[2026.05.08-15.56.46:179][478]LogAudio: Display: Creating Audio Device:                 Id: 5, Scope: Unique, Realtime: True
[2026.05.08-15.56.46:179][478]LogAudioMixer: Display: Audio Mixer Platform Settings:
[2026.05.08-15.56.46:179][478]LogAudioMixer: Display: 	Sample Rate:						  48000
[2026.05.08-15.56.46:179][478]LogAudioMixer: Display: 	Callback Buffer Frame Size Requested: 1024
[2026.05.08-15.56.46:179][478]LogAudioMixer: Display: 	Callback Buffer Frame Size To Use:	  1024
[2026.05.08-15.56.46:179][478]LogAudioMixer: Display: 	Number of buffers to queue:			  2
[2026.05.08-15.56.46:179][478]LogAudioMixer: Display: 	Max Channels (voices):				  32
[2026.05.08-15.56.46:179][478]LogAudioMixer: Display: 	Number of Async Source Workers:		  0
[2026.05.08-15.56.46:179][478]LogAudio: Display: AudioDevice MaxSources: 32
[2026.05.08-15.56.46:180][478]LogAudio: Display: Audio Spatialization Plugin: None (built-in).
[2026.05.08-15.56.46:180][478]LogAudio: Display: Audio Reverb Plugin: None (built-in).
[2026.05.08-15.56.46:180][478]LogAudio: Display: Audio Occlusion Plugin: None (built-in).
[2026.05.08-15.56.46:180][478]LogAudioMixer: Display: Initializing audio mixer.
[2026.05.08-15.56.46:184][478]LogAudioMixer: Display: 0: FrontLeft
[2026.05.08-15.56.46:184][478]LogAudioMixer: Display: 1: FrontRight
[2026.05.08-15.56.46:235][478]LogAudioMixer: Display: Using Audio Device Speakers (Realtek(R) Audio)
[2026.05.08-15.56.46:235][478]LogAudioMixer: Display: Initializing Sound Submixes...
[2026.05.08-15.56.46:235][478]LogAudioMixer: Display: Creating Master Submix 'MasterSubmixDefault'
[2026.05.08-15.56.46:235][478]LogAudioMixer: Display: Creating Master Submix 'MasterReverbSubmixDefault'
[2026.05.08-15.56.46:236][478]LogAudioMixer: Display: Creating Master Submix 'MasterEQSubmixDefault'
[2026.05.08-15.56.46:236][478]LogAudioMixer: FMixerPlatformXAudio2::StartAudioStream() called
[2026.05.08-15.56.46:236][478]LogAudioMixer: Display: Output buffers initialized: Frames=1024, Channels=2, Samples=2048
[2026.05.08-15.56.46:237][478]LogAudioMixer: Display: Starting AudioMixerPlatformInterface::RunInternal()
[2026.05.08-15.56.46:237][478]LogAudioMixer: Display: FMixerPlatformXAudio2::SubmitBuffer() called for the first time
[2026.05.08-15.56.46:237][478]LogInit: FAudioDevice initialized.
[2026.05.08-15.56.46:237][478]LogAudio: Display: Audio Device (ID: 5) registered with world 'TwinStickExampleMap'.
[2026.05.08-15.56.46:243][478]LogLoad: Game class is 'FacadeGameMode'
[2026.05.08-15.56.46:245][478]LogWorld: Bringing World /Game/TwinStickCPP/Maps/UEDPIE_0_TwinStickExampleMap.TwinStickExampleMap up for play (max tick rate 0) at 2026.05.08-11.56.46
[2026.05.08-15.56.46:246][478]LogWorld: Bringing up level for play took: 0.001197
[2026.05.08-15.56.46:246][478]LogOnline: OSS: Creating online subsystem instance for: :Context_9
[2026.05.08-15.56.46:248][478]LogGameMode: Display: Match State Changed from EnteringMap to WaitingToStart
[2026.05.08-15.56.46:249][478]LogGameState: Match State Changed from EnteringMap to WaitingToStart
[2026.05.08-15.56.46:249][478]PIE: El servidor ha iniciado la sesión
[2026.05.08-15.56.46:249][478]PIE: Play in editor total start time 0,087 seconds.
[2026.05.08-15.56.50:324][704]LogHttp: Warning: 0000025135205600: invalid HTTP response code received. URL: https://datarouter.ol.epicgames.com/datarouter/api/v1/public/data?SessionID=%7B6A0A8B38-4C9F-5601-AC8E-3899F3705646%7D&AppID=UEEditor.Rocket.Release&AppVersion=4.27.2-18319896%2B%2B%2BUE4%2BRelease-4.27&UserID=d975ae6d41715b51fd3ecba185d3fc09%7C8a858a74adcc4c86aa7ca686176ab5bb%7C90f712fe-2f61-4f5c-8f94-fd0757457318&AppEnvironment=datacollector-binary&UploadType=eteventstream, HTTP code: 0, content length: 0, actual payload size: 0
[2026.05.08-15.56.50:324][704]LogHttp: Warning: 0000025135205600: request failed, libcurl error: 6 (Couldn't resolve host name)
[2026.05.08-15.56.50:324][704]LogHttp: Warning: 0000025135205600: libcurl info message cache 0 (Could not resolve host: datarouter.ol.epicgames.com)
[2026.05.08-15.56.50:324][704]LogHttp: Warning: 0000025135205600: libcurl info message cache 1 (Closing connection 14)
[2026.05.08-15.56.50:324][704]LogHttp: Warning: Retry exhausted on https://datarouter.ol.epicgames.com/datarouter/api/v1/public/data?SessionID=%7B6A0A8B38-4C9F-5601-AC8E-3899F3705646%7D&AppID=UEEditor.Rocket.Release&AppVersion=4.27.2-18319896%2B%2B%2BUE4%2BRelease-4.27&UserID=d975ae6d41715b51fd3ecba185d3fc09%7C8a858a74adcc4c86aa7ca686176ab5bb%7C90f712fe-2f61-4f5c-8f94-fd0757457318&AppEnvironment=datacollector-binary&UploadType=eteventstream
[2026.05.08-15.56.57:826][152]LogSlate: Updating window title bar state: overlay mode, drag disabled, window buttons hidden, title bar hidden
[2026.05.08-15.56.57:826][152]LogWorld: BeginTearingDown for /Game/TwinStickCPP/Maps/UEDPIE_0_TwinStickExampleMap
[2026.05.08-15.56.57:826][152]LogWorld: UWorld::CleanupWorld for TwinStickExampleMap, bSessionEnded=true, bCleanupResources=true
[2026.05.08-15.56.57:826][152]LogSlate: InvalidateAllWidgets triggered.  All widgets were invalidated
[2026.05.08-15.56.57:835][152]LogPlayLevel: Display: Shutting down PIE online subsystems
[2026.05.08-15.56.57:836][152]LogSlate: InvalidateAllWidgets triggered.  All widgets were invalidated
[2026.05.08-15.56.57:840][152]LogSlate: Updating window title bar state: overlay mode, drag disabled, window buttons hidden, title bar hidden
[2026.05.08-15.56.57:841][152]LogAudioMixer: FMixerPlatformXAudio2::StopAudioStream() called
[2026.05.08-15.56.57:842][152]LogAudioMixer: FMixerPlatformXAudio2::StopAudioStream() called
[2026.05.08-15.56.57:845][152]LogUObjectHash: Compacting FUObjectHashTables data took   0.80ms
[2026.05.08-15.56.57:899][155]LogPlayLevel: Display: Destroying online subsystem :Context_9
[2026.05.08-15.57.50:741][612]LogHttp: Warning: 000002513656CF00: invalid HTTP response code received. URL: https://datarouter.ol.epicgames.com/datarouter/api/v1/public/data?SessionID=%7B6A0A8B38-4C9F-5601-AC8E-3899F3705646%7D&AppID=UEEditor.Rocket.Release&AppVersion=4.27.2-18319896%2B%2B%2BUE4%2BRelease-4.27&UserID=d975ae6d41715b51fd3ecba185d3fc09%7C8a858a74adcc4c86aa7ca686176ab5bb%7C90f712fe-2f61-4f5c-8f94-fd0757457318&AppEnvironment=datacollector-binary&UploadType=eteventstream, HTTP code: 0, content length: 0, actual payload size: 0
[2026.05.08-15.57.50:741][612]LogHttp: Warning: 000002513656CF00: request failed, libcurl error: 6 (Couldn't resolve host name)
[2026.05.08-15.57.50:741][612]LogHttp: Warning: 000002513656CF00: libcurl info message cache 0 (Could not resolve host: datarouter.ol.epicgames.com)
[2026.05.08-15.57.50:741][612]LogHttp: Warning: 000002513656CF00: libcurl info message cache 1 (Closing connection 15)
[2026.05.08-15.57.51:080][613]LogHttp: Warning: Retry exhausted on https://datarouter.ol.epicgames.com/datarouter/api/v1/public/data?SessionID=%7B6A0A8B38-4C9F-5601-AC8E-3899F3705646%7D&AppID=UEEditor.Rocket.Release&AppVersion=4.27.2-18319896%2B%2B%2BUE4%2BRelease-4.27&UserID=d975ae6d41715b51fd3ecba185d3fc09%7C8a858a74adcc4c86aa7ca686176ab5bb%7C90f712fe-2f61-4f5c-8f94-fd0757457318&AppEnvironment=datacollector-binary&UploadType=eteventstream
[2026.05.08-15.58.38:062][783]LogTemp: Repeating last play command: Simulate
[2026.05.08-15.58.38:066][783]LogPlayLevel: PlayLevel: No blueprints needed recompiling
[2026.05.08-15.58.38:067][783]PIE: New page: Sesión SIE (simulación en el editor): TwinStickExampleMap (8 may. 2026 7:58:38)
[2026.05.08-15.58.38:067][783]LogPlayLevel: Creating play world package: /Game/TwinStickCPP/Maps/UEDPIE_0_TwinStickExampleMap
[2026.05.08-15.58.38:077][783]LogPlayLevel: PIE: StaticDuplicateObject took: (0.009878s)
[2026.05.08-15.58.38:079][783]LogAIModule: Creating AISystem for world TwinStickExampleMap
[2026.05.08-15.58.38:079][783]LogPlayLevel: PIE: World Init took: (0.001982s)
[2026.05.08-15.58.38:079][783]LogPlayLevel: PIE: Created PIE world by copying editor world from /Game/TwinStickCPP/Maps/TwinStickExampleMap.TwinStickExampleMap to /Game/TwinStickCPP/Maps/UEDPIE_0_TwinStickExampleMap.TwinStickExampleMap (0.012052s)
[2026.05.08-15.58.38:085][783]LogUObjectHash: Compacting FUObjectHashTables data took   0.68ms
[2026.05.08-15.58.38:085][783]LogAudio: Display: Creating Audio Device:                 Id: 6, Scope: Unique, Realtime: True
[2026.05.08-15.58.38:085][783]LogAudioMixer: Display: Audio Mixer Platform Settings:
[2026.05.08-15.58.38:085][783]LogAudioMixer: Display: 	Sample Rate:						  48000
[2026.05.08-15.58.38:085][783]LogAudioMixer: Display: 	Callback Buffer Frame Size Requested: 1024
[2026.05.08-15.58.38:085][783]LogAudioMixer: Display: 	Callback Buffer Frame Size To Use:	  1024
[2026.05.08-15.58.38:085][783]LogAudioMixer: Display: 	Number of buffers to queue:			  2
[2026.05.08-15.58.38:085][783]LogAudioMixer: Display: 	Max Channels (voices):				  32
[2026.05.08-15.58.38:085][783]LogAudioMixer: Display: 	Number of Async Source Workers:		  0
[2026.05.08-15.58.38:085][783]LogAudio: Display: AudioDevice MaxSources: 32
[2026.05.08-15.58.38:086][783]LogAudio: Display: Audio Spatialization Plugin: None (built-in).
[2026.05.08-15.58.38:086][783]LogAudio: Display: Audio Reverb Plugin: None (built-in).
[2026.05.08-15.58.38:086][783]LogAudio: Display: Audio Occlusion Plugin: None (built-in).
[2026.05.08-15.58.38:086][783]LogAudioMixer: Display: Initializing audio mixer.
[2026.05.08-15.58.38:089][783]LogAudioMixer: Display: 0: FrontLeft
[2026.05.08-15.58.38:089][783]LogAudioMixer: Display: 1: FrontRight
[2026.05.08-15.58.38:149][783]LogAudioMixer: Display: Using Audio Device Speakers (Realtek(R) Audio)
[2026.05.08-15.58.38:149][783]LogAudioMixer: Display: Initializing Sound Submixes...
[2026.05.08-15.58.38:149][783]LogAudioMixer: Display: Creating Master Submix 'MasterSubmixDefault'
[2026.05.08-15.58.38:149][783]LogAudioMixer: Display: Creating Master Submix 'MasterReverbSubmixDefault'
[2026.05.08-15.58.38:150][783]LogAudioMixer: Display: Creating Master Submix 'MasterEQSubmixDefault'
[2026.05.08-15.58.38:150][783]LogAudioMixer: FMixerPlatformXAudio2::StartAudioStream() called
[2026.05.08-15.58.38:150][783]LogAudioMixer: Display: Output buffers initialized: Frames=1024, Channels=2, Samples=2048
[2026.05.08-15.58.38:151][783]LogAudioMixer: Display: Starting AudioMixerPlatformInterface::RunInternal()
[2026.05.08-15.58.38:151][783]LogAudioMixer: Display: FMixerPlatformXAudio2::SubmitBuffer() called for the first time
[2026.05.08-15.58.38:151][783]LogInit: FAudioDevice initialized.
[2026.05.08-15.58.38:151][783]LogAudio: Display: Audio Device (ID: 6) registered with world 'TwinStickExampleMap'.
[2026.05.08-15.58.38:161][783]LogLoad: Game class is 'FacadeGameMode'
[2026.05.08-15.58.38:163][783]LogWorld: Bringing World /Game/TwinStickCPP/Maps/UEDPIE_0_TwinStickExampleMap.TwinStickExampleMap up for play (max tick rate 0) at 2026.05.08-11.58.38
[2026.05.08-15.58.38:163][783]LogWorld: Bringing up level for play took: 0.001143
[2026.05.08-15.58.38:163][783]LogOnline: OSS: Creating online subsystem instance for: :Context_10
[2026.05.08-15.58.38:166][783]LogGameMode: Display: Match State Changed from EnteringMap to WaitingToStart
[2026.05.08-15.58.38:166][783]LogGameState: Match State Changed from EnteringMap to WaitingToStart
[2026.05.08-15.58.38:166][783]PIE: El servidor ha iniciado la sesión
[2026.05.08-15.58.38:167][783]PIE: Play in editor total start time 0,101 seconds.
[2026.05.08-15.58.41:264][943]LogSlate: Updating window title bar state: overlay mode, drag disabled, window buttons hidden, title bar hidden
[2026.05.08-15.58.41:264][943]LogWorld: BeginTearingDown for /Game/TwinStickCPP/Maps/UEDPIE_0_TwinStickExampleMap
[2026.05.08-15.58.41:266][943]LogWorld: UWorld::CleanupWorld for TwinStickExampleMap, bSessionEnded=true, bCleanupResources=true
[2026.05.08-15.58.41:266][943]LogSlate: InvalidateAllWidgets triggered.  All widgets were invalidated
[2026.05.08-15.58.41:276][943]LogPlayLevel: Display: Shutting down PIE online subsystems
[2026.05.08-15.58.41:278][943]LogSlate: InvalidateAllWidgets triggered.  All widgets were invalidated
[2026.05.08-15.58.41:282][943]LogSlate: Updating window title bar state: overlay mode, drag disabled, window buttons hidden, title bar hidden
[2026.05.08-15.58.41:282][943]LogAudioMixer: FMixerPlatformXAudio2::StopAudioStream() called
[2026.05.08-15.58.41:285][943]LogAudioMixer: FMixerPlatformXAudio2::StopAudioStream() called
[2026.05.08-15.58.41:288][943]LogUObjectHash: Compacting FUObjectHashTables data took   0.77ms
[2026.05.08-15.58.41:336][946]LogPlayLevel: Display: Destroying online subsystem :Context_10
[2026.05.08-15.59.03:587][113]LogHttp: Warning: 000002514883C100: invalid HTTP response code received. URL: https://datarouter.ol.epicgames.com/datarouter/api/v1/public/data?SessionID=%7B6A0A8B38-4C9F-5601-AC8E-3899F3705646%7D&AppID=UEEditor.Rocket.Release&AppVersion=4.27.2-18319896%2B%2B%2BUE4%2BRelease-4.27&UserID=d975ae6d41715b51fd3ecba185d3fc09%7C8a858a74adcc4c86aa7ca686176ab5bb%7C90f712fe-2f61-4f5c-8f94-fd0757457318&AppEnvironment=datacollector-binary&UploadType=eteventstream, HTTP code: 0, content length: 0, actual payload size: 0
[2026.05.08-15.59.03:587][113]LogHttp: Warning: 000002514883C100: request failed, libcurl error: 35 (SSL connect error)
[2026.05.08-15.59.03:587][113]LogHttp: Warning: 000002514883C100: libcurl info message cache 0 (  Trying 44.218.205.56...)
[2026.05.08-15.59.03:587][113]LogHttp: Warning: 000002514883C100: libcurl info message cache 1 (TCP_NODELAY set)
[2026.05.08-15.59.03:587][113]LogHttp: Warning: 000002514883C100: libcurl info message cache 2 (Connected to datarouter.ol.epicgames.com (44.218.205.56) port 443 (#16))
[2026.05.08-15.59.03:587][113]LogHttp: Warning: 000002514883C100: libcurl info message cache 3 (ALPN, offering http/1.1)
[2026.05.08-15.59.03:587][113]LogHttp: Warning: 000002514883C100: libcurl info message cache 4 (Cipher selection: ALL:!EXPORT:!EXPORT40:!EXPORT56:!aNULL:!LOW:!RC4:@STRENGTH)
[2026.05.08-15.59.03:587][113]LogHttp: Warning: 000002514883C100: libcurl info message cache 5 (SSL re-using session ID)
[2026.05.08-15.59.03:587][113]LogHttp: Warning: 000002514883C100: libcurl info message cache 6 (TLSv1.3 (OUT), TLS handshake, Client hello (1):)
[2026.05.08-15.59.03:587][113]LogHttp: Warning: 000002514883C100: libcurl info message cache 7 (OpenSSL SSL_connect: SSL_ERROR_SYSCALL in connection to datarouter.ol.epicgames.com:443 )
[2026.05.08-15.59.03:587][113]LogHttp: Warning: 000002514883C100: libcurl info message cache 8 (Closing connection 16)
[2026.05.08-15.59.03:919][114]LogHttp: Warning: Retry exhausted on https://datarouter.ol.epicgames.com/datarouter/api/v1/public/data?SessionID=%7B6A0A8B38-4C9F-5601-AC8E-3899F3705646%7D&AppID=UEEditor.Rocket.Release&AppVersion=4.27.2-18319896%2B%2B%2BUE4%2BRelease-4.27&UserID=d975ae6d41715b51fd3ecba185d3fc09%7C8a858a74adcc4c86aa7ca686176ab5bb%7C90f712fe-2f61-4f5c-8f94-fd0757457318&AppEnvironment=datacollector-binary&UploadType=eteventstream
[2026.05.08-16.00.02:909][290]LogHttp: Warning: 000002514883D600: invalid HTTP response code received. URL: https://datarouter.ol.epicgames.com/datarouter/api/v1/public/data?SessionID=%7B6A0A8B38-4C9F-5601-AC8E-3899F3705646%7D&AppID=UEEditor.Rocket.Release&AppVersion=4.27.2-18319896%2B%2B%2BUE4%2BRelease-4.27&UserID=d975ae6d41715b51fd3ecba185d3fc09%7C8a858a74adcc4c86aa7ca686176ab5bb%7C90f712fe-2f61-4f5c-8f94-fd0757457318&AppEnvironment=datacollector-binary&UploadType=eteventstream, HTTP code: 0, content length: 0, actual payload size: 0
[2026.05.08-16.00.02:909][290]LogHttp: Warning: 000002514883D600: request failed, libcurl error: 6 (Couldn't resolve host name)
[2026.05.08-16.00.02:909][290]LogHttp: Warning: 000002514883D600: libcurl info message cache 0 (Hostname in DNS cache was stale, zapped)
[2026.05.08-16.00.02:909][290]LogHttp: Warning: 000002514883D600: libcurl info message cache 1 (Could not resolve host: datarouter.ol.epicgames.com)
[2026.05.08-16.00.02:909][290]LogHttp: Warning: 000002514883D600: libcurl info message cache 2 (Closing connection 17)
[2026.05.08-16.00.02:909][290]LogHttp: Warning: Retry exhausted on https://datarouter.ol.epicgames.com/datarouter/api/v1/public/data?SessionID=%7B6A0A8B38-4C9F-5601-AC8E-3899F3705646%7D&AppID=UEEditor.Rocket.Release&AppVersion=4.27.2-18319896%2B%2B%2BUE4%2BRelease-4.27&UserID=d975ae6d41715b51fd3ecba185d3fc09%7C8a858a74adcc4c86aa7ca686176ab5bb%7C90f712fe-2f61-4f5c-8f94-fd0757457318&AppEnvironment=datacollector-binary&UploadType=eteventstream
[2026.05.08-16.00.37:386][456]LogTemp: Repeating last play command: Simulate
[2026.05.08-16.00.37:393][456]LogPlayLevel: PlayLevel: No blueprints needed recompiling
[2026.05.08-16.00.37:393][456]PIE: New page: Sesión SIE (simulación en el editor): TwinStickExampleMap (8 may. 2026 8:00:37)
[2026.05.08-16.00.37:393][456]LogPlayLevel: Creating play world package: /Game/TwinStickCPP/Maps/UEDPIE_0_TwinStickExampleMap
[2026.05.08-16.00.37:403][456]LogPlayLevel: PIE: StaticDuplicateObject took: (0.009927s)
[2026.05.08-16.00.37:405][456]LogAIModule: Creating AISystem for world TwinStickExampleMap
[2026.05.08-16.00.37:405][456]LogPlayLevel: PIE: World Init took: (0.001573s)
[2026.05.08-16.00.37:405][456]LogPlayLevel: PIE: Created PIE world by copying editor world from /Game/TwinStickCPP/Maps/TwinStickExampleMap.TwinStickExampleMap to /Game/TwinStickCPP/Maps/UEDPIE_0_TwinStickExampleMap.TwinStickExampleMap (0.011729s)
[2026.05.08-16.00.37:409][456]LogUObjectHash: Compacting FUObjectHashTables data took   0.60ms
[2026.05.08-16.00.37:410][456]LogAudio: Display: Creating Audio Device:                 Id: 7, Scope: Unique, Realtime: True
[2026.05.08-16.00.37:410][456]LogAudioMixer: Display: Audio Mixer Platform Settings:
[2026.05.08-16.00.37:410][456]LogAudioMixer: Display: 	Sample Rate:						  48000
[2026.05.08-16.00.37:410][456]LogAudioMixer: Display: 	Callback Buffer Frame Size Requested: 1024
[2026.05.08-16.00.37:410][456]LogAudioMixer: Display: 	Callback Buffer Frame Size To Use:	  1024
[2026.05.08-16.00.37:410][456]LogAudioMixer: Display: 	Number of buffers to queue:			  2
[2026.05.08-16.00.37:410][456]LogAudioMixer: Display: 	Max Channels (voices):				  32
[2026.05.08-16.00.37:410][456]LogAudioMixer: Display: 	Number of Async Source Workers:		  0
[2026.05.08-16.00.37:410][456]LogAudio: Display: AudioDevice MaxSources: 32
[2026.05.08-16.00.37:410][456]LogAudio: Display: Audio Spatialization Plugin: None (built-in).
[2026.05.08-16.00.37:410][456]LogAudio: Display: Audio Reverb Plugin: None (built-in).
[2026.05.08-16.00.37:410][456]LogAudio: Display: Audio Occlusion Plugin: None (built-in).
[2026.05.08-16.00.37:410][456]LogAudioMixer: Display: Initializing audio mixer.
[2026.05.08-16.00.37:415][456]LogAudioMixer: Display: 0: FrontLeft
[2026.05.08-16.00.37:415][456]LogAudioMixer: Display: 1: FrontRight
[2026.05.08-16.00.37:472][456]LogAudioMixer: Display: Using Audio Device Speakers (Realtek(R) Audio)
[2026.05.08-16.00.37:472][456]LogAudioMixer: Display: Initializing Sound Submixes...
[2026.05.08-16.00.37:472][456]LogAudioMixer: Display: Creating Master Submix 'MasterSubmixDefault'
[2026.05.08-16.00.37:472][456]LogAudioMixer: Display: Creating Master Submix 'MasterReverbSubmixDefault'
[2026.05.08-16.00.37:473][456]LogAudioMixer: Display: Creating Master Submix 'MasterEQSubmixDefault'
[2026.05.08-16.00.37:473][456]LogAudioMixer: FMixerPlatformXAudio2::StartAudioStream() called
[2026.05.08-16.00.37:473][456]LogAudioMixer: Display: Output buffers initialized: Frames=1024, Channels=2, Samples=2048
[2026.05.08-16.00.37:474][456]LogAudioMixer: Display: Starting AudioMixerPlatformInterface::RunInternal()
[2026.05.08-16.00.37:474][456]LogAudioMixer: Display: FMixerPlatformXAudio2::SubmitBuffer() called for the first time
[2026.05.08-16.00.37:474][456]LogInit: FAudioDevice initialized.
[2026.05.08-16.00.37:474][456]LogAudio: Display: Audio Device (ID: 7) registered with world 'TwinStickExampleMap'.
[2026.05.08-16.00.37:486][456]LogLoad: Game class is 'FacadeGameMode'
[2026.05.08-16.00.37:487][456]LogWorld: Bringing World /Game/TwinStickCPP/Maps/UEDPIE_0_TwinStickExampleMap.TwinStickExampleMap up for play (max tick rate 0) at 2026.05.08-12.00.37
[2026.05.08-16.00.37:488][456]LogWorld: Bringing up level for play took: 0.000992
[2026.05.08-16.00.37:488][456]LogOnline: OSS: Creating online subsystem instance for: :Context_11
[2026.05.08-16.00.37:489][456]LogGameMode: Display: Match State Changed from EnteringMap to WaitingToStart
[2026.05.08-16.00.37:490][456]LogGameState: Match State Changed from EnteringMap to WaitingToStart
[2026.05.08-16.00.37:490][456]PIE: El servidor ha iniciado la sesión
[2026.05.08-16.00.37:491][456]PIE: Play in editor total start time 0,099 seconds.
[2026.05.08-16.00.47:595][ 46]LogSlate: Updating window title bar state: overlay mode, drag disabled, window buttons hidden, title bar hidden
[2026.05.08-16.00.47:595][ 46]LogWorld: BeginTearingDown for /Game/TwinStickCPP/Maps/UEDPIE_0_TwinStickExampleMap
[2026.05.08-16.00.47:595][ 46]LogWorld: UWorld::CleanupWorld for TwinStickExampleMap, bSessionEnded=true, bCleanupResources=true
[2026.05.08-16.00.47:595][ 46]LogSlate: InvalidateAllWidgets triggered.  All widgets were invalidated
[2026.05.08-16.00.47:608][ 46]LogPlayLevel: Display: Shutting down PIE online subsystems
[2026.05.08-16.00.47:610][ 46]LogSlate: InvalidateAllWidgets triggered.  All widgets were invalidated
[2026.05.08-16.00.47:614][ 46]LogSlate: Updating window title bar state: overlay mode, drag disabled, window buttons hidden, title bar hidden
[2026.05.08-16.00.47:614][ 46]LogAudioMixer: FMixerPlatformXAudio2::StopAudioStream() called
[2026.05.08-16.00.47:617][ 46]LogAudioMixer: FMixerPlatformXAudio2::StopAudioStream() called
[2026.05.08-16.00.47:620][ 46]LogUObjectHash: Compacting FUObjectHashTables data took   0.72ms
[2026.05.08-16.00.47:676][ 48]LogPlayLevel: Display: Destroying online subsystem :Context_11
[2026.05.08-16.00.50:774][118]LogHttp: Warning: 00000251485F0100: invalid HTTP response code received. URL: https://datarouter.ol.epicgames.com/datarouter/api/v1/public/data?SessionID=%7B6A0A8B38-4C9F-5601-AC8E-3899F3705646%7D&AppID=UEEditor.Rocket.Release&AppVersion=4.27.2-18319896%2B%2B%2BUE4%2BRelease-4.27&UserID=d975ae6d41715b51fd3ecba185d3fc09%7C8a858a74adcc4c86aa7ca686176ab5bb%7C90f712fe-2f61-4f5c-8f94-fd0757457318&AppEnvironment=datacollector-binary&UploadType=eteventstream, HTTP code: 0, content length: 0, actual payload size: 0
[2026.05.08-16.00.50:774][118]LogHttp: Warning: 00000251485F0100: request failed, libcurl error: 6 (Couldn't resolve host name)
[2026.05.08-16.00.50:774][118]LogHttp: Warning: 00000251485F0100: libcurl info message cache 0 (Could not resolve host: datarouter.ol.epicgames.com)
[2026.05.08-16.00.50:774][118]LogHttp: Warning: 00000251485F0100: libcurl info message cache 1 (Closing connection 18)
[2026.05.08-16.00.50:774][118]LogHttp: Warning: Retry exhausted on https://datarouter.ol.epicgames.com/datarouter/api/v1/public/data?SessionID=%7B6A0A8B38-4C9F-5601-AC8E-3899F3705646%7D&AppID=UEEditor.Rocket.Release&AppVersion=4.27.2-18319896%2B%2B%2BUE4%2BRelease-4.27&UserID=d975ae6d41715b51fd3ecba185d3fc09%7C8a858a74adcc4c86aa7ca686176ab5bb%7C90f712fe-2f61-4f5c-8f94-fd0757457318&AppEnvironment=datacollector-binary&UploadType=eteventstream
[2026.05.08-16.01.50:766][324]LogHttp: Warning: 00000251485F0F00: invalid HTTP response code received. URL: https://datarouter.ol.epicgames.com/datarouter/api/v1/public/data?SessionID=%7B6A0A8B38-4C9F-5601-AC8E-3899F3705646%7D&AppID=UEEditor.Rocket.Release&AppVersion=4.27.2-18319896%2B%2B%2BUE4%2BRelease-4.27&UserID=d975ae6d41715b51fd3ecba185d3fc09%7C8a858a74adcc4c86aa7ca686176ab5bb%7C90f712fe-2f61-4f5c-8f94-fd0757457318&AppEnvironment=datacollector-binary&UploadType=eteventstream, HTTP code: 0, content length: 0, actual payload size: 0
[2026.05.08-16.01.50:766][324]LogHttp: Warning: 00000251485F0F00: request failed, libcurl error: 6 (Couldn't resolve host name)
[2026.05.08-16.01.50:766][324]LogHttp: Warning: 00000251485F0F00: libcurl info message cache 0 (Could not resolve host: datarouter.ol.epicgames.com)
[2026.05.08-16.01.50:766][324]LogHttp: Warning: 00000251485F0F00: libcurl info message cache 1 (Closing connection 19)
[2026.05.08-16.01.50:766][324]LogHttp: Warning: Retry exhausted on https://datarouter.ol.epicgames.com/datarouter/api/v1/public/data?SessionID=%7B6A0A8B38-4C9F-5601-AC8E-3899F3705646%7D&AppID=UEEditor.Rocket.Release&AppVersion=4.27.2-18319896%2B%2B%2BUE4%2BRelease-4.27&UserID=d975ae6d41715b51fd3ecba185d3fc09%7C8a858a74adcc4c86aa7ca686176ab5bb%7C90f712fe-2f61-4f5c-8f94-fd0757457318&AppEnvironment=datacollector-binary&UploadType=eteventstream
[2026.05.08-16.02.50:858][894]LogHttp: Warning: 00000251485ECF00: invalid HTTP response code received. URL: https://datarouter.ol.epicgames.com/datarouter/api/v1/public/data?SessionID=%7B6A0A8B38-4C9F-5601-AC8E-3899F3705646%7D&AppID=UEEditor.Rocket.Release&AppVersion=4.27.2-18319896%2B%2B%2BUE4%2BRelease-4.27&UserID=d975ae6d41715b51fd3ecba185d3fc09%7C8a858a74adcc4c86aa7ca686176ab5bb%7C90f712fe-2f61-4f5c-8f94-fd0757457318&AppEnvironment=datacollector-binary&UploadType=eteventstream, HTTP code: 0, content length: 0, actual payload size: 0
[2026.05.08-16.02.50:858][894]LogHttp: Warning: 00000251485ECF00: request failed, libcurl error: 6 (Couldn't resolve host name)
[2026.05.08-16.02.50:858][894]LogHttp: Warning: 00000251485ECF00: libcurl info message cache 0 (Could not resolve host: datarouter.ol.epicgames.com)
[2026.05.08-16.02.50:858][894]LogHttp: Warning: 00000251485ECF00: libcurl info message cache 1 (Closing connection 20)
[2026.05.08-16.02.50:858][894]LogHttp: Warning: Retry exhausted on https://datarouter.ol.epicgames.com/datarouter/api/v1/public/data?SessionID=%7B6A0A8B38-4C9F-5601-AC8E-3899F3705646%7D&AppID=UEEditor.Rocket.Release&AppVersion=4.27.2-18319896%2B%2B%2BUE4%2BRelease-4.27&UserID=d975ae6d41715b51fd3ecba185d3fc09%7C8a858a74adcc4c86aa7ca686176ab5bb%7C90f712fe-2f61-4f5c-8f94-fd0757457318&AppEnvironment=datacollector-binary&UploadType=eteventstream
[2026.05.08-16.03.23:628][ 82]LogEditorClassViewer: Warning: Class /Engine/Tutorial/InWorldBlueprintEditing/TutorialAssets/IWBE_Blutility.IWBE_Blutility_C has parent /Script/Blutility.PlacedEditorUtilityBase, but this parent is not found. The Class will not be shown in ClassViewer.
[2026.05.08-16.03.23:731][ 82]LogSlate: Took 0.000955 seconds to synchronously load lazily loaded font '../../../Engine/Content/Slate/Fonts/Roboto-BoldCondensed.ttf' (158K)
[2026.05.08-16.03.39:495][675]Running C:/Program Files/Epic Games/UE_4.27/Engine/Binaries/DotNET/UnrealBuildTool.exe  -projectfiles -project="C:/Users/2026/Documents/Unreal Projects/Facade/Facade.uproject" -game -rocket -progress
[2026.05.08-16.03.40:005][675]Discovering modules, targets and source code for project...
[2026.05.08-16.03.42:622][675]Binding IntelliSense data...
[2026.05.08-16.03.57:796][675]Binding IntelliSense data... 50%
[2026.05.08-16.03.57:796][675]Binding IntelliSense data... 100%
[2026.05.08-16.03.57:796][675]Writing project files...
[2026.05.08-16.04.01:822][675]Writing project files... 100%
[2026.05.08-16.04.02:024][675]Candidate modules for hot reload:
[2026.05.08-16.04.02:024][675]  Facade
[2026.05.08-16.04.02:025][675]Launching UnrealBuildTool... [C:/Program Files/Epic Games/UE_4.27/Engine/Binaries/DotNET/UnrealBuildTool.exe  -ModuleWithSuffix=Facade,5457 FacadeEditor Win64 Development -Project="C:/Users/2026/Documents/Unreal Projects/Facade/Facade.uproject" "C:/Users/2026/Documents/Unreal Projects/Facade/Facade.uproject"  -IgnoreJunk]
[2026.05.08-16.04.09:557][675]CompilerResultsLog: New page: Compilación - 8 may. 2026 8:04:09
[2026.05.08-16.04.09:566][675]CompilerResultsLog: Creating makefile for FacadeEditor (no existing makefile)
[2026.05.08-16.04.09:566][675]CompilerResultsLog: Parsing headers for FacadeEditor
[2026.05.08-16.04.09:566][675]CompilerResultsLog:   Running UnrealHeaderTool "C:\Users\2026\Documents\Unreal Projects\Facade\Facade.uproject" "C:\Users\2026\Documents\Unreal Projects\Facade\Intermediate\Build\Win64\FacadeEditor\Development\FacadeEditor.uhtmanifest" -LogCmds="loginit warning, logexit warning, logdatabase error" -Unattended -WarningsAsErrors -abslog="C:\Users\2026\AppData\Local\UnrealBuildTool\Log_UHT.txt" -installed
[2026.05.08-16.04.09:566][675]CompilerResultsLog: LogInit: Display: Loading text-based GConfig....
[2026.05.08-16.04.09:566][675]CompilerResultsLog: Reflection code generated for FacadeEditor in 3,7435291 seconds
[2026.05.08-16.04.09:566][675]CompilerResultsLog: Building FacadeEditor...
[2026.05.08-16.04.09:566][675]CompilerResultsLog: Using Visual Studio 2022 14.44.35223 toolchain (C:\Program Files\Microsoft Visual Studio\2022\Community\VC\Tools\MSVC\14.44.35207) and Windows 10.0.26100.0 SDK (C:\Program Files (x86)\Windows Kits\10).
[2026.05.08-16.04.09:566][675]CompilerResultsLog: Building 8 actions with 12 processes...
[2026.05.08-16.04.09:566][675]CompilerResultsLog:   [1/8] FacadeGAME.cpp
[2026.05.08-16.04.09:566][675]CompilerResultsLog:   [2/8] Facade.init.gen.cpp
[2026.05.08-16.04.09:566][675]CompilerResultsLog:   [3/8] FacadeGAME.gen.cpp
[2026.05.08-16.04.09:566][675]CompilerResultsLog:   [4/8] FacadeGameMode.cpp
[2026.05.08-16.04.09:566][675]CompilerResultsLog:   [5/8] FacadeGameMode.gen.cpp
[2026.05.08-16.04.09:566][675]CompilerResultsLog:   [6/8] UE4Editor-Facade-5457.lib
[2026.05.08-16.04.09:566][675]CompilerResultsLog:      Creando biblioteca C:\Users\2026\Documents\Unreal Projects\Facade\Intermediate\Build\Win64\UE4Editor\Development\Facade\UE4Editor-Facade-5457.lib y objeto C:\Users\2026\Documents\Unreal Projects\Facade\Intermediate\Build\Win64\UE4Editor\Development\Facade\UE4Editor-Facade-5457.exp
[2026.05.08-16.04.09:566][675]CompilerResultsLog:   [7/8] UE4Editor-Facade-5457.dll
[2026.05.08-16.04.09:566][675]CompilerResultsLog:      Creando biblioteca C:\Users\2026\Documents\Unreal Projects\Facade\Intermediate\Build\Win64\UE4Editor\Development\Facade\UE4Editor-Facade-5457.suppressed.lib y objeto C:\Users\2026\Documents\Unreal Projects\Facade\Intermediate\Build\Win64\UE4Editor\Development\Facade\UE4Editor-Facade-5457.suppressed.exp
[2026.05.08-16.04.09:566][675]CompilerResultsLog:   [8/8] FacadeEditor.target
[2026.05.08-16.04.09:566][675]CompilerResultsLog: Total time in Parallel executor: 1,48 seconds
[2026.05.08-16.04.09:566][675]CompilerResultsLog: Total execution time: 7,41 seconds
[2026.05.08-16.04.09:566][675]LogMainFrame: MainFrame: Module compiling took 7.611 seconds
[2026.05.08-16.04.09:609][675]LogClass: Could not find existing class FacadeGAME in package /Script/Facade for HotReload, assuming new class
[2026.05.08-16.04.09:614][675]LogNativeClassHierarchy: Verbose: Native class hierarchy updated for 'Facade' in 0.0003 seconds. Added 7 classes and 2 folders.
[2026.05.08-16.04.09:617][675]Display: HotReload successful (1 functions remapped  0 scriptstructs remapped)
[2026.05.08-16.04.09:666][675]LogNativeClassHierarchy: Verbose: Native class hierarchy populated in 0.0098 seconds. Added 3829 classes and 930 folders.
[2026.05.08-16.04.09:666][675]Display: HotReload took  7.7s.
[2026.05.08-16.04.09:680][675]Warning: HotReload operation took  7.8s.
[2026.05.08-16.04.10:320][675]LogVSAccessor: Warning: Couldn't goto line number '1' in 'C:/Users/2026/Documents/Unreal Projects/Facade/Source/Facade/FacadeGAME.cpp'
[2026.05.08-16.04.10:328][675]LogSlate: Window 'Add C++ Class' being destroyed
[2026.05.08-16.04.10:336][675]LogHotReload: New module detected: UE4Editor-Facade-5457.dll
[2026.05.08-16.04.10:401][676]LogHotReload: Starting Hot-Reload from IDE
[2026.05.08-16.04.10:486][676]LogNativeClassHierarchy: Verbose: Native class hierarchy updated for 'Facade' in 0.0004 seconds. Added 7 classes and 2 folders.
[2026.05.08-16.04.10:488][676]Display: HotReload successful (0 functions remapped  0 scriptstructs remapped)
[2026.05.08-16.04.10:504][676]LogNativeClassHierarchy: Verbose: Native class hierarchy populated in 0.0113 seconds. Added 3829 classes and 930 folders.
[2026.05.08-16.04.10:521][676]Display: HotReload took  0.1s.
[2026.05.08-16.04.10:833][680]LogHttp: Warning: 0000025151558100: invalid HTTP response code received. URL: https://datarouter.ol.epicgames.com/datarouter/api/v1/public/data?SessionID=%7B6A0A8B38-4C9F-5601-AC8E-3899F3705646%7D&AppID=UEEditor.Rocket.Release&AppVersion=4.27.2-18319896%2B%2B%2BUE4%2BRelease-4.27&UserID=d975ae6d41715b51fd3ecba185d3fc09%7C8a858a74adcc4c86aa7ca686176ab5bb%7C90f712fe-2f61-4f5c-8f94-fd0757457318&AppEnvironment=datacollector-binary&UploadType=eteventstream, HTTP code: 0, content length: 0, actual payload size: 0
[2026.05.08-16.04.10:833][680]LogHttp: Warning: 0000025151558100: request failed, libcurl error: 60 (Peer certificate cannot be authenticated with given CA certificates)
[2026.05.08-16.04.10:833][680]LogHttp: Warning: 0000025151558100: libcurl info message cache 0 (  Trying 52.5.248.34...)
[2026.05.08-16.04.10:833][680]LogHttp: Warning: 0000025151558100: libcurl info message cache 1 (TCP_NODELAY set)
[2026.05.08-16.04.10:833][680]LogHttp: Warning: 0000025151558100: libcurl info message cache 2 (Connected to datarouter.ol.epicgames.com (52.5.248.34) port 443 (#21))
[2026.05.08-16.04.10:833][680]LogHttp: Warning: 0000025151558100: libcurl info message cache 3 (ALPN, offering http/1.1)
[2026.05.08-16.04.10:833][680]LogHttp: Warning: 0000025151558100: libcurl info message cache 4 (Cipher selection: ALL:!EXPORT:!EXPORT40:!EXPORT56:!aNULL:!LOW:!RC4:@STRENGTH)
[2026.05.08-16.04.10:833][680]LogHttp: Warning: 0000025151558100: libcurl info message cache 5 (SSL re-using session ID)
[2026.05.08-16.04.10:833][680]LogHttp: Warning: 0000025151558100: libcurl info message cache 6 (TLSv1.3 (OUT), TLS handshake, Client hello (1):)
[2026.05.08-16.04.10:833][680]LogHttp: Warning: 0000025151558100: libcurl info message cache 7 (TLSv1.3 (IN), TLS handshake, Server hello (2):)
[2026.05.08-16.04.10:833][680]LogHttp: Warning: 0000025151558100: libcurl info message cache 8 (TLSv1.2 (IN), TLS handshake, Certificate (11):)
[2026.05.08-16.04.10:833][680]LogHttp: Warning: 0000025151558100: libcurl info message cache 9 (TLSv1.2 (OUT), TLS alert, Server hello (2):)
[2026.05.08-16.04.10:833][680]LogHttp: Warning: 0000025151558100: libcurl info message cache 10 (SSL certificate problem: self signed certificate in certificate chain)
[2026.05.08-16.04.10:833][680]LogHttp: Warning: 0000025151558100: libcurl info message cache 11 (Closing connection 21)
[2026.05.08-16.04.10:833][680]LogHttp: Warning: Retry exhausted on https://datarouter.ol.epicgames.com/datarouter/api/v1/public/data?SessionID=%7B6A0A8B38-4C9F-5601-AC8E-3899F3705646%7D&AppID=UEEditor.Rocket.Release&AppVersion=4.27.2-18319896%2B%2B%2BUE4%2BRelease-4.27&UserID=d975ae6d41715b51fd3ecba185d3fc09%7C8a858a74adcc4c86aa7ca686176ab5bb%7C90f712fe-2f61-4f5c-8f94-fd0757457318&AppEnvironment=datacollector-binary&UploadType=eteventstream
[2026.05.08-16.15.21:368][889]LogHotReload: New module detected: UE4Editor-Facade-0032.dll
[2026.05.08-16.15.21:718][891]LogHotReload: Starting Hot-Reload from IDE
[2026.05.08-16.15.21:794][891]LogClass: Could not find existing class FacadeGameMode in package /Script/Facade for HotReload, assuming new class
[2026.05.08-16.15.21:798][891]LogHotReload: Re-instancing FacadeGAME after hot-reload.
[2026.05.08-16.15.21:806][891]LogHotReload: Re-instancing FacadeGameMode after hot-reload.
[2026.05.08-16.15.21:813][891]LogNativeClassHierarchy: Verbose: Native class hierarchy updated for 'Facade' in 0.0004 seconds. Added 7 classes and 2 folders.
[2026.05.08-16.15.21:816][891]Display: HotReload successful (1 functions remapped  0 scriptstructs remapped)
[2026.05.08-16.15.21:858][891]LogNativeClassHierarchy: Verbose: Native class hierarchy populated in 0.0095 seconds. Added 3829 classes and 930 folders.
[2026.05.08-16.15.21:864][891]Display: HotReload took  0.1s.
[2026.05.08-16.15.33:583][ 61]LogTemp: Repeating last play command: Simulate
[2026.05.08-16.15.33:588][ 61]LogPlayLevel: PlayLevel: No blueprints needed recompiling
[2026.05.08-16.15.33:588][ 61]PIE: New page: Sesión SIE (simulación en el editor): TwinStickExampleMap (8 may. 2026 8:15:33)
[2026.05.08-16.15.33:588][ 61]LogPlayLevel: Creating play world package: /Game/TwinStickCPP/Maps/UEDPIE_0_TwinStickExampleMap
[2026.05.08-16.15.33:595][ 61]LogPlayLevel: PIE: StaticDuplicateObject took: (0.007297s)
[2026.05.08-16.15.33:596][ 61]LogAIModule: Creating AISystem for world TwinStickExampleMap
[2026.05.08-16.15.33:596][ 61]LogPlayLevel: PIE: World Init took: (0.001161s)
[2026.05.08-16.15.33:596][ 61]LogPlayLevel: PIE: Created PIE world by copying editor world from /Game/TwinStickCPP/Maps/TwinStickExampleMap.TwinStickExampleMap to /Game/TwinStickCPP/Maps/UEDPIE_0_TwinStickExampleMap.TwinStickExampleMap (0.008662s)
[2026.05.08-16.15.33:605][ 61]LogUObjectHash: Compacting FUObjectHashTables data took   0.68ms
[2026.05.08-16.15.33:606][ 61]LogAudio: Display: Creating Audio Device:                 Id: 8, Scope: Unique, Realtime: True
[2026.05.08-16.15.33:606][ 61]LogAudioMixer: Display: Audio Mixer Platform Settings:
[2026.05.08-16.15.33:606][ 61]LogAudioMixer: Display: 	Sample Rate:						  48000
[2026.05.08-16.15.33:606][ 61]LogAudioMixer: Display: 	Callback Buffer Frame Size Requested: 1024
[2026.05.08-16.15.33:606][ 61]LogAudioMixer: Display: 	Callback Buffer Frame Size To Use:	  1024
[2026.05.08-16.15.33:606][ 61]LogAudioMixer: Display: 	Number of buffers to queue:			  2
[2026.05.08-16.15.33:606][ 61]LogAudioMixer: Display: 	Max Channels (voices):				  32
[2026.05.08-16.15.33:606][ 61]LogAudioMixer: Display: 	Number of Async Source Workers:		  0
[2026.05.08-16.15.33:606][ 61]LogAudio: Display: AudioDevice MaxSources: 32
[2026.05.08-16.15.33:607][ 61]LogAudio: Display: Audio Spatialization Plugin: None (built-in).
[2026.05.08-16.15.33:607][ 61]LogAudio: Display: Audio Reverb Plugin: None (built-in).
[2026.05.08-16.15.33:607][ 61]LogAudio: Display: Audio Occlusion Plugin: None (built-in).
[2026.05.08-16.15.33:607][ 61]LogAudioMixer: Display: Initializing audio mixer.
[2026.05.08-16.15.33:610][ 61]LogAudioMixer: Display: 0: FrontLeft
[2026.05.08-16.15.33:610][ 61]LogAudioMixer: Display: 1: FrontRight
[2026.05.08-16.15.33:650][ 61]LogAudioMixer: Display: Using Audio Device Speakers (Realtek(R) Audio)
[2026.05.08-16.15.33:650][ 61]LogAudioMixer: Display: Initializing Sound Submixes...
[2026.05.08-16.15.33:650][ 61]LogAudioMixer: Display: Creating Master Submix 'MasterSubmixDefault'
[2026.05.08-16.15.33:650][ 61]LogAudioMixer: Display: Creating Master Submix 'MasterReverbSubmixDefault'
[2026.05.08-16.15.33:651][ 61]LogAudioMixer: Display: Creating Master Submix 'MasterEQSubmixDefault'
[2026.05.08-16.15.33:651][ 61]LogAudioMixer: FMixerPlatformXAudio2::StartAudioStream() called
[2026.05.08-16.15.33:651][ 61]LogAudioMixer: Display: Output buffers initialized: Frames=1024, Channels=2, Samples=2048
[2026.05.08-16.15.33:652][ 61]LogAudioMixer: Display: Starting AudioMixerPlatformInterface::RunInternal()
[2026.05.08-16.15.33:652][ 61]LogAudioMixer: Display: FMixerPlatformXAudio2::SubmitBuffer() called for the first time
[2026.05.08-16.15.33:652][ 61]LogInit: FAudioDevice initialized.
[2026.05.08-16.15.33:652][ 61]LogAudio: Display: Audio Device (ID: 8) registered with world 'TwinStickExampleMap'.
[2026.05.08-16.15.33:663][ 61]LogLoad: Game class is 'FacadeGameMode'
[2026.05.08-16.15.33:664][ 61]LogWorld: Bringing World /Game/TwinStickCPP/Maps/UEDPIE_0_TwinStickExampleMap.TwinStickExampleMap up for play (max tick rate 60) at 2026.05.08-12.15.33
[2026.05.08-16.15.33:665][ 61]LogWorld: Bringing up level for play took: 0.000740
[2026.05.08-16.15.33:665][ 61]LogOnline: OSS: Creating online subsystem instance for: :Context_12
[2026.05.08-16.15.33:667][ 61]LogSpawn: Warning: SpawnActor failed because no class was specified
[2026.05.08-16.15.33:667][ 61]LogSpawn: Warning: SpawnActor failed because no class was specified
[2026.05.08-16.15.33:667][ 61]LogSpawn: Warning: SpawnActor failed because no class was specified
[2026.05.08-16.15.33:667][ 61]PIE: El servidor ha iniciado la sesión
[2026.05.08-16.15.33:667][ 61]PIE: Play in editor total start time 0,081 seconds.
[2026.05.08-16.15.37:616][296]LogSlate: Updating window title bar state: overlay mode, drag disabled, window buttons hidden, title bar hidden
[2026.05.08-16.15.37:616][296]LogWorld: BeginTearingDown for /Game/TwinStickCPP/Maps/UEDPIE_0_TwinStickExampleMap
[2026.05.08-16.15.37:617][296]LogWorld: UWorld::CleanupWorld for TwinStickExampleMap, bSessionEnded=true, bCleanupResources=true
[2026.05.08-16.15.37:617][296]LogSlate: InvalidateAllWidgets triggered.  All widgets were invalidated
[2026.05.08-16.15.37:626][296]LogPlayLevel: Display: Shutting down PIE online subsystems
[2026.05.08-16.15.37:628][296]LogSlate: InvalidateAllWidgets triggered.  All widgets were invalidated
[2026.05.08-16.15.37:631][296]LogAudio: Display: Audio Device unregistered from world 'None'.
[2026.05.08-16.15.37:631][296]LogAudioMixer: FMixerPlatformXAudio2::StopAudioStream() called
[2026.05.08-16.15.37:632][296]LogAudioMixer: FMixerPlatformXAudio2::StopAudioStream() called
[2026.05.08-16.15.37:634][296]LogSlate: Updating window title bar state: overlay mode, drag disabled, window buttons hidden, title bar hidden
[2026.05.08-16.15.37:636][296]LogUObjectHash: Compacting FUObjectHashTables data took   0.51ms
[2026.05.08-16.15.37:679][299]LogPlayLevel: Display: Destroying online subsystem :Context_12
[2026.05.08-16.15.40:113][445]LogTemp: Repeating last play command: Simulate
[2026.05.08-16.15.40:117][445]LogPlayLevel: PlayLevel: No blueprints needed recompiling
[2026.05.08-16.15.40:117][445]PIE: New page: Sesión SIE (simulación en el editor): TwinStickExampleMap (8 may. 2026 8:15:40)
[2026.05.08-16.15.40:117][445]LogPlayLevel: Creating play world package: /Game/TwinStickCPP/Maps/UEDPIE_0_TwinStickExampleMap
[2026.05.08-16.15.40:125][445]LogPlayLevel: PIE: StaticDuplicateObject took: (0.008432s)
[2026.05.08-16.15.40:125][445]LogAIModule: Creating AISystem for world TwinStickExampleMap
[2026.05.08-16.15.40:125][445]LogPlayLevel: PIE: World Init took: (0.000959s)
[2026.05.08-16.15.40:127][445]LogPlayLevel: PIE: Created PIE world by copying editor world from /Game/TwinStickCPP/Maps/TwinStickExampleMap.TwinStickExampleMap to /Game/TwinStickCPP/Maps/UEDPIE_0_TwinStickExampleMap.TwinStickExampleMap (0.009564s)
[2026.05.08-16.15.40:130][445]LogUObjectHash: Compacting FUObjectHashTables data took   0.61ms
[2026.05.08-16.15.40:131][445]LogAudio: Display: Creating Audio Device:                 Id: 9, Scope: Unique, Realtime: True
[2026.05.08-16.15.40:131][445]LogAudioMixer: Display: Audio Mixer Platform Settings:
[2026.05.08-16.15.40:131][445]LogAudioMixer: Display: 	Sample Rate:						  48000
[2026.05.08-16.15.40:131][445]LogAudioMixer: Display: 	Callback Buffer Frame Size Requested: 1024
[2026.05.08-16.15.40:131][445]LogAudioMixer: Display: 	Callback Buffer Frame Size To Use:	  1024
[2026.05.08-16.15.40:131][445]LogAudioMixer: Display: 	Number of buffers to queue:			  2
[2026.05.08-16.15.40:131][445]LogAudioMixer: Display: 	Max Channels (voices):				  32
[2026.05.08-16.15.40:131][445]LogAudioMixer: Display: 	Number of Async Source Workers:		  0
[2026.05.08-16.15.40:131][445]LogAudio: Display: AudioDevice MaxSources: 32
[2026.05.08-16.15.40:131][445]LogAudio: Display: Audio Spatialization Plugin: None (built-in).
[2026.05.08-16.15.40:131][445]LogAudio: Display: Audio Reverb Plugin: None (built-in).
[2026.05.08-16.15.40:131][445]LogAudio: Display: Audio Occlusion Plugin: None (built-in).
[2026.05.08-16.15.40:131][445]LogAudioMixer: Display: Initializing audio mixer.
[2026.05.08-16.15.40:134][445]LogAudioMixer: Display: 0: FrontLeft
[2026.05.08-16.15.40:134][445]LogAudioMixer: Display: 1: FrontRight
[2026.05.08-16.15.40:169][445]LogAudioMixer: Display: Using Audio Device Speakers (Realtek(R) Audio)
[2026.05.08-16.15.40:169][445]LogAudioMixer: Display: Initializing Sound Submixes...
[2026.05.08-16.15.40:169][445]LogAudioMixer: Display: Creating Master Submix 'MasterSubmixDefault'
[2026.05.08-16.15.40:169][445]LogAudioMixer: Display: Creating Master Submix 'MasterReverbSubmixDefault'
[2026.05.08-16.15.40:170][445]LogAudioMixer: Display: Creating Master Submix 'MasterEQSubmixDefault'
[2026.05.08-16.15.40:170][445]LogAudioMixer: FMixerPlatformXAudio2::StartAudioStream() called
[2026.05.08-16.15.40:170][445]LogAudioMixer: Display: Output buffers initialized: Frames=1024, Channels=2, Samples=2048
[2026.05.08-16.15.40:171][445]LogAudioMixer: Display: Starting AudioMixerPlatformInterface::RunInternal()
[2026.05.08-16.15.40:171][445]LogAudioMixer: Display: FMixerPlatformXAudio2::SubmitBuffer() called for the first time
[2026.05.08-16.15.40:171][445]LogInit: FAudioDevice initialized.
[2026.05.08-16.15.40:171][445]LogAudio: Display: Audio Device (ID: 9) registered with world 'TwinStickExampleMap'.
[2026.05.08-16.15.40:179][445]LogLoad: Game class is 'FacadeGameMode'
[2026.05.08-16.15.40:179][445]LogWorld: Bringing World /Game/TwinStickCPP/Maps/UEDPIE_0_TwinStickExampleMap.TwinStickExampleMap up for play (max tick rate 60) at 2026.05.08-12.15.40
[2026.05.08-16.15.40:180][445]LogWorld: Bringing up level for play took: 0.000682
[2026.05.08-16.15.40:180][445]LogOnline: OSS: Creating online subsystem instance for: :Context_13
[2026.05.08-16.15.40:182][445]LogSpawn: Warning: SpawnActor failed because no class was specified
[2026.05.08-16.15.40:182][445]LogSpawn: Warning: SpawnActor failed because no class was specified
[2026.05.08-16.15.40:182][445]LogSpawn: Warning: SpawnActor failed because no class was specified
[2026.05.08-16.15.40:182][445]PIE: El servidor ha iniciado la sesión
[2026.05.08-16.15.40:182][445]PIE: Play in editor total start time 0,066 seconds.
[2026.05.08-16.16.07:474][957]LogHotReload: New module detected: UE4Editor-Facade-0033.dll
[2026.05.08-16.16.13:345][ 38]LogSlate: Updating window title bar state: overlay mode, drag disabled, window buttons hidden, title bar hidden
[2026.05.08-16.16.13:346][ 38]LogWorld: BeginTearingDown for /Game/TwinStickCPP/Maps/UEDPIE_0_TwinStickExampleMap
[2026.05.08-16.16.13:346][ 38]LogWorld: UWorld::CleanupWorld for TwinStickExampleMap, bSessionEnded=true, bCleanupResources=true
[2026.05.08-16.16.13:346][ 38]LogSlate: InvalidateAllWidgets triggered.  All widgets were invalidated
[2026.05.08-16.16.13:359][ 38]LogPlayLevel: Display: Shutting down PIE online subsystems
[2026.05.08-16.16.13:361][ 38]LogSlate: InvalidateAllWidgets triggered.  All widgets were invalidated
[2026.05.08-16.16.13:367][ 38]LogSlate: Updating window title bar state: overlay mode, drag disabled, window buttons hidden, title bar hidden
[2026.05.08-16.16.13:367][ 38]LogAudioMixer: FMixerPlatformXAudio2::StopAudioStream() called
[2026.05.08-16.16.13:369][ 38]LogAudioMixer: FMixerPlatformXAudio2::StopAudioStream() called
[2026.05.08-16.16.13:374][ 38]LogUObjectHash: Compacting FUObjectHashTables data took   0.78ms
[2026.05.08-16.16.13:397][ 39]LogHotReload: Starting Hot-Reload from IDE
[2026.05.08-16.16.13:464][ 39]LogNativeClassHierarchy: Verbose: Native class hierarchy updated for 'Facade' in 0.0004 seconds. Added 7 classes and 2 folders.
[2026.05.08-16.16.13:467][ 39]Display: HotReload successful (1 functions remapped  0 scriptstructs remapped)
[2026.05.08-16.16.13:498][ 39]LogNativeClassHierarchy: Verbose: Native class hierarchy populated in 0.0078 seconds. Added 3829 classes and 930 folders.
[2026.05.08-16.16.13:506][ 39]Display: HotReload took  0.1s.
[2026.05.08-16.16.13:535][ 39]LogPlayLevel: Display: Destroying online subsystem :Context_13
[2026.05.08-16.16.14:690][102]LogTemp: Repeating last play command: Simulate
[2026.05.08-16.16.14:693][102]LogPlayLevel: PlayLevel: No blueprints needed recompiling
[2026.05.08-16.16.14:694][102]PIE: New page: Sesión SIE (simulación en el editor): TwinStickExampleMap (8 may. 2026 8:16:14)
[2026.05.08-16.16.14:694][102]LogPlayLevel: Creating play world package: /Game/TwinStickCPP/Maps/UEDPIE_0_TwinStickExampleMap
[2026.05.08-16.16.14:703][102]LogPlayLevel: PIE: StaticDuplicateObject took: (0.009606s)
[2026.05.08-16.16.14:705][102]LogAIModule: Creating AISystem for world TwinStickExampleMap
[2026.05.08-16.16.14:705][102]LogPlayLevel: PIE: World Init took: (0.002051s)
[2026.05.08-16.16.14:705][102]LogPlayLevel: PIE: Created PIE world by copying editor world from /Game/TwinStickCPP/Maps/TwinStickExampleMap.TwinStickExampleMap to /Game/TwinStickCPP/Maps/UEDPIE_0_TwinStickExampleMap.TwinStickExampleMap (0.011906s)
[2026.05.08-16.16.14:712][102]LogUObjectHash: Compacting FUObjectHashTables data took   0.46ms
[2026.05.08-16.16.14:712][102]LogAudio: Display: Creating Audio Device:                 Id: 10, Scope: Unique, Realtime: True
[2026.05.08-16.16.14:712][102]LogAudioMixer: Display: Audio Mixer Platform Settings:
[2026.05.08-16.16.14:712][102]LogAudioMixer: Display: 	Sample Rate:						  48000
[2026.05.08-16.16.14:712][102]LogAudioMixer: Display: 	Callback Buffer Frame Size Requested: 1024
[2026.05.08-16.16.14:712][102]LogAudioMixer: Display: 	Callback Buffer Frame Size To Use:	  1024
[2026.05.08-16.16.14:712][102]LogAudioMixer: Display: 	Number of buffers to queue:			  2
[2026.05.08-16.16.14:712][102]LogAudioMixer: Display: 	Max Channels (voices):				  32
[2026.05.08-16.16.14:712][102]LogAudioMixer: Display: 	Number of Async Source Workers:		  0
[2026.05.08-16.16.14:712][102]LogAudio: Display: AudioDevice MaxSources: 32
[2026.05.08-16.16.14:714][102]LogAudio: Display: Audio Spatialization Plugin: None (built-in).
[2026.05.08-16.16.14:714][102]LogAudio: Display: Audio Reverb Plugin: None (built-in).
[2026.05.08-16.16.14:714][102]LogAudio: Display: Audio Occlusion Plugin: None (built-in).
[2026.05.08-16.16.14:714][102]LogAudioMixer: Display: Initializing audio mixer.
[2026.05.08-16.16.14:715][102]LogAudioMixer: Display: 0: FrontLeft
[2026.05.08-16.16.14:715][102]LogAudioMixer: Display: 1: FrontRight
[2026.05.08-16.16.14:750][102]LogAudioMixer: Display: Using Audio Device Speakers (Realtek(R) Audio)
[2026.05.08-16.16.14:750][102]LogAudioMixer: Display: Initializing Sound Submixes...
[2026.05.08-16.16.14:750][102]LogAudioMixer: Display: Creating Master Submix 'MasterSubmixDefault'
[2026.05.08-16.16.14:750][102]LogAudioMixer: Display: Creating Master Submix 'MasterReverbSubmixDefault'
[2026.05.08-16.16.14:750][102]LogAudioMixer: Display: Creating Master Submix 'MasterEQSubmixDefault'
[2026.05.08-16.16.14:750][102]LogAudioMixer: FMixerPlatformXAudio2::StartAudioStream() called
[2026.05.08-16.16.14:750][102]LogAudioMixer: Display: Output buffers initialized: Frames=1024, Channels=2, Samples=2048
[2026.05.08-16.16.14:751][102]LogAudioMixer: Display: Starting AudioMixerPlatformInterface::RunInternal()
[2026.05.08-16.16.14:751][102]LogAudioMixer: Display: FMixerPlatformXAudio2::SubmitBuffer() called for the first time
[2026.05.08-16.16.14:751][102]LogInit: FAudioDevice initialized.
[2026.05.08-16.16.14:751][102]LogAudio: Display: Audio Device (ID: 10) registered with world 'TwinStickExampleMap'.
[2026.05.08-16.16.14:760][102]LogLoad: Game class is 'FacadeGameMode'
[2026.05.08-16.16.14:762][102]LogWorld: Bringing World /Game/TwinStickCPP/Maps/UEDPIE_0_TwinStickExampleMap.TwinStickExampleMap up for play (max tick rate 60) at 2026.05.08-12.16.14
[2026.05.08-16.16.14:762][102]LogWorld: Bringing up level for play took: 0.001404
[2026.05.08-16.16.14:762][102]LogOnline: OSS: Creating online subsystem instance for: :Context_14
[2026.05.08-16.16.14:765][102]LogSpawn: Warning: SpawnActor failed because no class was specified
[2026.05.08-16.16.14:765][102]LogSpawn: Warning: SpawnActor failed because no class was specified
[2026.05.08-16.16.14:765][102]LogSpawn: Warning: SpawnActor failed because no class was specified
[2026.05.08-16.16.14:765][102]PIE: El servidor ha iniciado la sesión
[2026.05.08-16.16.14:766][102]PIE: Play in editor total start time 0,073 seconds.
[2026.05.08-16.16.21:406][497]LogSlate: Updating window title bar state: overlay mode, drag disabled, window buttons hidden, title bar hidden
[2026.05.08-16.16.21:406][497]LogWorld: BeginTearingDown for /Game/TwinStickCPP/Maps/UEDPIE_0_TwinStickExampleMap
[2026.05.08-16.16.21:407][497]LogWorld: UWorld::CleanupWorld for TwinStickExampleMap, bSessionEnded=true, bCleanupResources=true
[2026.05.08-16.16.21:407][497]LogSlate: InvalidateAllWidgets triggered.  All widgets were invalidated
[2026.05.08-16.16.21:420][497]LogPlayLevel: Display: Shutting down PIE online subsystems
[2026.05.08-16.16.21:423][497]LogSlate: InvalidateAllWidgets triggered.  All widgets were invalidated
[2026.05.08-16.16.21:426][497]LogAudio: Display: Audio Device unregistered from world 'None'.
[2026.05.08-16.16.21:428][497]LogAudioMixer: FMixerPlatformXAudio2::StopAudioStream() called
[2026.05.08-16.16.21:429][497]LogAudioMixer: FMixerPlatformXAudio2::StopAudioStream() called
[2026.05.08-16.16.21:432][497]LogSlate: Updating window title bar state: overlay mode, drag disabled, window buttons hidden, title bar hidden
[2026.05.08-16.16.21:433][497]LogUObjectHash: Compacting FUObjectHashTables data took   0.46ms
[2026.05.08-16.16.21:484][500]LogPlayLevel: Display: Destroying online subsystem :Context_14
[2026.05.08-16.18.48:593][ 71]LogHotReload: New module detected: UE4Editor-Facade-0034.dll
[2026.05.08-16.18.48:947][ 73]LogHotReload: Starting Hot-Reload from IDE
[2026.05.08-16.18.49:012][ 73]LogClass: Could not find existing class FacadeGameMode in package /Script/Facade for HotReload, assuming new class
[2026.05.08-16.18.49:018][ 73]LogHotReload: Re-instancing FacadeGameMode after hot-reload.
[2026.05.08-16.18.49:023][ 73]LogNativeClassHierarchy: Verbose: Native class hierarchy updated for 'Facade' in 0.0004 seconds. Added 7 classes and 2 folders.
[2026.05.08-16.18.49:026][ 73]Display: HotReload successful (1 functions remapped  0 scriptstructs remapped)
[2026.05.08-16.18.49:064][ 73]LogNativeClassHierarchy: Verbose: Native class hierarchy populated in 0.0076 seconds. Added 3829 classes and 930 folders.
[2026.05.08-16.18.49:069][ 73]Display: HotReload took  0.1s.
[2026.05.08-16.18.52:738][145]LogTemp: Repeating last play command: Simulate
[2026.05.08-16.18.52:741][145]LogPlayLevel: PlayLevel: No blueprints needed recompiling
[2026.05.08-16.18.52:741][145]PIE: New page: Sesión SIE (simulación en el editor): TwinStickExampleMap (8 may. 2026 8:18:52)
[2026.05.08-16.18.52:773][145]LogPlayLevel: Creating play world package: /Game/TwinStickCPP/Maps/UEDPIE_0_TwinStickExampleMap
[2026.05.08-16.18.52:784][145]LogPlayLevel: PIE: StaticDuplicateObject took: (0.009973s)
[2026.05.08-16.18.52:786][145]LogAIModule: Creating AISystem for world TwinStickExampleMap
[2026.05.08-16.18.52:787][145]LogPlayLevel: PIE: World Init took: (0.002769s)
[2026.05.08-16.18.52:787][145]LogPlayLevel: PIE: Created PIE world by copying editor world from /Game/TwinStickCPP/Maps/TwinStickExampleMap.TwinStickExampleMap to /Game/TwinStickCPP/Maps/UEDPIE_0_TwinStickExampleMap.TwinStickExampleMap (0.013090s)
[2026.05.08-16.18.52:792][145]LogUObjectHash: Compacting FUObjectHashTables data took   0.48ms
[2026.05.08-16.18.52:793][145]LogAudio: Display: Creating Audio Device:                 Id: 11, Scope: Unique, Realtime: True
[2026.05.08-16.18.52:793][145]LogAudioMixer: Display: Audio Mixer Platform Settings:
[2026.05.08-16.18.52:793][145]LogAudioMixer: Display: 	Sample Rate:						  48000
[2026.05.08-16.18.52:793][145]LogAudioMixer: Display: 	Callback Buffer Frame Size Requested: 1024
[2026.05.08-16.18.52:793][145]LogAudioMixer: Display: 	Callback Buffer Frame Size To Use:	  1024
[2026.05.08-16.18.52:793][145]LogAudioMixer: Display: 	Number of buffers to queue:			  2
[2026.05.08-16.18.52:793][145]LogAudioMixer: Display: 	Max Channels (voices):				  32
[2026.05.08-16.18.52:793][145]LogAudioMixer: Display: 	Number of Async Source Workers:		  0
[2026.05.08-16.18.52:793][145]LogAudio: Display: AudioDevice MaxSources: 32
[2026.05.08-16.18.52:793][145]LogAudio: Display: Audio Spatialization Plugin: None (built-in).
[2026.05.08-16.18.52:793][145]LogAudio: Display: Audio Reverb Plugin: None (built-in).
[2026.05.08-16.18.52:793][145]LogAudio: Display: Audio Occlusion Plugin: None (built-in).
[2026.05.08-16.18.52:793][145]LogAudioMixer: Display: Initializing audio mixer.
[2026.05.08-16.18.52:795][145]LogAudioMixer: Display: 0: FrontLeft
[2026.05.08-16.18.52:795][145]LogAudioMixer: Display: 1: FrontRight
[2026.05.08-16.18.52:831][145]LogAudioMixer: Display: Using Audio Device Speakers (Realtek(R) Audio)
[2026.05.08-16.18.52:831][145]LogAudioMixer: Display: Initializing Sound Submixes...
[2026.05.08-16.18.52:831][145]LogAudioMixer: Display: Creating Master Submix 'MasterSubmixDefault'
[2026.05.08-16.18.52:831][145]LogAudioMixer: Display: Creating Master Submix 'MasterReverbSubmixDefault'
[2026.05.08-16.18.52:831][145]LogAudioMixer: Display: Creating Master Submix 'MasterEQSubmixDefault'
[2026.05.08-16.18.52:831][145]LogAudioMixer: FMixerPlatformXAudio2::StartAudioStream() called
[2026.05.08-16.18.52:831][145]LogAudioMixer: Display: Output buffers initialized: Frames=1024, Channels=2, Samples=2048
[2026.05.08-16.18.52:832][145]LogAudioMixer: Display: Starting AudioMixerPlatformInterface::RunInternal()
[2026.05.08-16.18.52:832][145]LogAudioMixer: Display: FMixerPlatformXAudio2::SubmitBuffer() called for the first time
[2026.05.08-16.18.52:832][145]LogInit: FAudioDevice initialized.
[2026.05.08-16.18.52:833][145]LogAudio: Display: Audio Device (ID: 11) registered with world 'TwinStickExampleMap'.
[2026.05.08-16.18.52:845][145]LogLoad: Game class is 'FacadeGameMode'
[2026.05.08-16.18.52:846][145]LogWorld: Bringing World /Game/TwinStickCPP/Maps/UEDPIE_0_TwinStickExampleMap.TwinStickExampleMap up for play (max tick rate 60) at 2026.05.08-12.18.52
[2026.05.08-16.18.52:846][145]LogWorld: Bringing up level for play took: 0.000751
[2026.05.08-16.18.52:846][145]LogOnline: OSS: Creating online subsystem instance for: :Context_15
[2026.05.08-16.18.52:849][145]PIE: El servidor ha iniciado la sesión
[2026.05.08-16.18.52:850][145]PIE: Play in editor total start time 0,108 seconds.
[2026.05.08-16.18.55:945][329]LogSlate: Updating window title bar state: overlay mode, drag disabled, window buttons hidden, title bar hidden
[2026.05.08-16.18.55:945][329]LogWorld: BeginTearingDown for /Game/TwinStickCPP/Maps/UEDPIE_0_TwinStickExampleMap
[2026.05.08-16.18.55:945][329]LogWorld: UWorld::CleanupWorld for TwinStickExampleMap, bSessionEnded=true, bCleanupResources=true
[2026.05.08-16.18.55:946][329]LogSlate: InvalidateAllWidgets triggered.  All widgets were invalidated
[2026.05.08-16.18.55:956][329]LogPlayLevel: Display: Shutting down PIE online subsystems
[2026.05.08-16.18.55:958][329]LogSlate: InvalidateAllWidgets triggered.  All widgets were invalidated
[2026.05.08-16.18.55:961][329]LogAudio: Display: Audio Device unregistered from world 'None'.
[2026.05.08-16.18.55:961][329]LogAudioMixer: FMixerPlatformXAudio2::StopAudioStream() called
[2026.05.08-16.18.55:963][329]LogAudioMixer: FMixerPlatformXAudio2::StopAudioStream() called
[2026.05.08-16.18.55:964][329]LogSlate: Updating window title bar state: overlay mode, drag disabled, window buttons hidden, title bar hidden
[2026.05.08-16.18.55:966][329]LogUObjectHash: Compacting FUObjectHashTables data took   0.53ms
[2026.05.08-16.18.56:017][332]LogPlayLevel: Display: Destroying online subsystem :Context_15
[2026.05.08-16.19.07:731][593]LogTemp: Repeating last play command: Simulate
[2026.05.08-16.19.07:735][593]LogPlayLevel: PlayLevel: No blueprints needed recompiling
[2026.05.08-16.19.07:735][593]PIE: New page: Sesión SIE (simulación en el editor): TwinStickExampleMap (8 may. 2026 8:19:07)
[2026.05.08-16.19.07:736][593]LogPlayLevel: Creating play world package: /Game/TwinStickCPP/Maps/UEDPIE_0_TwinStickExampleMap
[2026.05.08-16.19.07:743][593]LogPlayLevel: PIE: StaticDuplicateObject took: (0.007139s)
[2026.05.08-16.19.07:744][593]LogAIModule: Creating AISystem for world TwinStickExampleMap
[2026.05.08-16.19.07:745][593]LogPlayLevel: PIE: World Init took: (0.001923s)
[2026.05.08-16.19.07:745][593]LogPlayLevel: PIE: Created PIE world by copying editor world from /Game/TwinStickCPP/Maps/TwinStickExampleMap.TwinStickExampleMap to /Game/TwinStickCPP/Maps/UEDPIE_0_TwinStickExampleMap.TwinStickExampleMap (0.009279s)
[2026.05.08-16.19.07:750][593]LogUObjectHash: Compacting FUObjectHashTables data took   0.79ms
[2026.05.08-16.19.07:751][593]LogAudio: Display: Creating Audio Device:                 Id: 12, Scope: Unique, Realtime: True
[2026.05.08-16.19.07:751][593]LogAudioMixer: Display: Audio Mixer Platform Settings:
[2026.05.08-16.19.07:751][593]LogAudioMixer: Display: 	Sample Rate:						  48000
[2026.05.08-16.19.07:751][593]LogAudioMixer: Display: 	Callback Buffer Frame Size Requested: 1024
[2026.05.08-16.19.07:751][593]LogAudioMixer: Display: 	Callback Buffer Frame Size To Use:	  1024
[2026.05.08-16.19.07:751][593]LogAudioMixer: Display: 	Number of buffers to queue:			  2
[2026.05.08-16.19.07:751][593]LogAudioMixer: Display: 	Max Channels (voices):				  32
[2026.05.08-16.19.07:751][593]LogAudioMixer: Display: 	Number of Async Source Workers:		  0
[2026.05.08-16.19.07:751][593]LogAudio: Display: AudioDevice MaxSources: 32
[2026.05.08-16.19.07:752][593]LogAudio: Display: Audio Spatialization Plugin: None (built-in).
[2026.05.08-16.19.07:752][593]LogAudio: Display: Audio Reverb Plugin: None (built-in).
[2026.05.08-16.19.07:752][593]LogAudio: Display: Audio Occlusion Plugin: None (built-in).
[2026.05.08-16.19.07:752][593]LogAudioMixer: Display: Initializing audio mixer.
[2026.05.08-16.19.07:754][593]LogAudioMixer: Display: 0: FrontLeft
[2026.05.08-16.19.07:754][593]LogAudioMixer: Display: 1: FrontRight
[2026.05.08-16.19.07:791][593]LogAudioMixer: Display: Using Audio Device Speakers (Realtek(R) Audio)
[2026.05.08-16.19.07:791][593]LogAudioMixer: Display: Initializing Sound Submixes...
[2026.05.08-16.19.07:792][593]LogAudioMixer: Display: Creating Master Submix 'MasterSubmixDefault'
[2026.05.08-16.19.07:792][593]LogAudioMixer: Display: Creating Master Submix 'MasterReverbSubmixDefault'
[2026.05.08-16.19.07:793][593]LogAudioMixer: Display: Creating Master Submix 'MasterEQSubmixDefault'
[2026.05.08-16.19.07:793][593]LogAudioMixer: FMixerPlatformXAudio2::StartAudioStream() called
[2026.05.08-16.19.07:793][593]LogAudioMixer: Display: Output buffers initialized: Frames=1024, Channels=2, Samples=2048
[2026.05.08-16.19.07:794][593]LogAudioMixer: Display: Starting AudioMixerPlatformInterface::RunInternal()
[2026.05.08-16.19.07:794][593]LogAudioMixer: Display: FMixerPlatformXAudio2::SubmitBuffer() called for the first time
[2026.05.08-16.19.07:794][593]LogInit: FAudioDevice initialized.
[2026.05.08-16.19.07:794][593]LogAudio: Display: Audio Device (ID: 12) registered with world 'TwinStickExampleMap'.
[2026.05.08-16.19.07:804][593]LogLoad: Game class is 'FacadeGameMode'
[2026.05.08-16.19.07:806][593]LogWorld: Bringing World /Game/TwinStickCPP/Maps/UEDPIE_0_TwinStickExampleMap.TwinStickExampleMap up for play (max tick rate 60) at 2026.05.08-12.19.07
[2026.05.08-16.19.07:806][593]LogWorld: Bringing up level for play took: 0.001168
[2026.05.08-16.19.07:806][593]LogOnline: OSS: Creating online subsystem instance for: :Context_16
[2026.05.08-16.19.07:809][593]PIE: El servidor ha iniciado la sesión
[2026.05.08-16.19.07:810][593]PIE: Play in editor total start time 0,075 seconds.
[2026.05.08-16.19.15:354][ 43]LogSlate: Updating window title bar state: overlay mode, drag disabled, window buttons hidden, title bar hidden
[2026.05.08-16.19.15:354][ 43]LogWorld: BeginTearingDown for /Game/TwinStickCPP/Maps/UEDPIE_0_TwinStickExampleMap
[2026.05.08-16.19.15:355][ 43]LogWorld: UWorld::CleanupWorld for TwinStickExampleMap, bSessionEnded=true, bCleanupResources=true
[2026.05.08-16.19.15:355][ 43]LogSlate: InvalidateAllWidgets triggered.  All widgets were invalidated
[2026.05.08-16.19.15:366][ 43]LogPlayLevel: Display: Shutting down PIE online subsystems
[2026.05.08-16.19.15:369][ 43]LogSlate: InvalidateAllWidgets triggered.  All widgets were invalidated
[2026.05.08-16.19.15:373][ 43]LogSlate: Updating window title bar state: overlay mode, drag disabled, window buttons hidden, title bar hidden
[2026.05.08-16.19.15:373][ 43]LogAudioMixer: FMixerPlatformXAudio2::StopAudioStream() called
[2026.05.08-16.19.15:374][ 43]LogAudioMixer: FMixerPlatformXAudio2::StopAudioStream() called
[2026.05.08-16.19.15:379][ 43]LogUObjectHash: Compacting FUObjectHashTables data took   0.45ms
[2026.05.08-16.19.15:419][ 45]LogPlayLevel: Display: Destroying online subsystem :Context_16
[2026.05.08-16.20.55:103][425]LogHotReload: New module detected: UE4Editor-Facade-0035.dll
[2026.05.08-16.20.55:788][428]LogHotReload: Starting Hot-Reload from IDE
[2026.05.08-16.20.55:845][428]LogClass: Could not find existing class FacadeGameMode in package /Script/Facade for HotReload, assuming new class
[2026.05.08-16.20.55:849][428]LogHotReload: Re-instancing FacadeGameMode after hot-reload.
[2026.05.08-16.20.55:853][428]LogNativeClassHierarchy: Verbose: Native class hierarchy updated for 'Facade' in 0.0003 seconds. Added 7 classes and 2 folders.
[2026.05.08-16.20.55:855][428]Display: HotReload successful (1 functions remapped  0 scriptstructs remapped)
[2026.05.08-16.20.55:891][428]LogNativeClassHierarchy: Verbose: Native class hierarchy populated in 0.0077 seconds. Added 3829 classes and 930 folders.
[2026.05.08-16.20.55:896][428]Display: HotReload took  0.1s.
[2026.05.08-16.20.59:097][491]LogTemp: Repeating last play command: Simulate
[2026.05.08-16.20.59:102][491]LogPlayLevel: PlayLevel: No blueprints needed recompiling
[2026.05.08-16.20.59:102][491]PIE: New page: Sesión SIE (simulación en el editor): TwinStickExampleMap (8 may. 2026 8:20:59)
[2026.05.08-16.20.59:133][491]LogPlayLevel: Creating play world package: /Game/TwinStickCPP/Maps/UEDPIE_0_TwinStickExampleMap
[2026.05.08-16.20.59:141][491]LogPlayLevel: PIE: StaticDuplicateObject took: (0.009181s)
[2026.05.08-16.20.59:143][491]LogAIModule: Creating AISystem for world TwinStickExampleMap
[2026.05.08-16.20.59:143][491]LogPlayLevel: PIE: World Init took: (0.001351s)
[2026.05.08-16.20.59:143][491]LogPlayLevel: PIE: Created PIE world by copying editor world from /Game/TwinStickCPP/Maps/TwinStickExampleMap.TwinStickExampleMap to /Game/TwinStickCPP/Maps/UEDPIE_0_TwinStickExampleMap.TwinStickExampleMap (0.010829s)
[2026.05.08-16.20.59:154][491]LogUObjectHash: Compacting FUObjectHashTables data took   0.97ms
[2026.05.08-16.20.59:155][491]LogAudio: Display: Creating Audio Device:                 Id: 13, Scope: Unique, Realtime: True
[2026.05.08-16.20.59:155][491]LogAudioMixer: Display: Audio Mixer Platform Settings:
[2026.05.08-16.20.59:155][491]LogAudioMixer: Display: 	Sample Rate:						  48000
[2026.05.08-16.20.59:155][491]LogAudioMixer: Display: 	Callback Buffer Frame Size Requested: 1024
[2026.05.08-16.20.59:155][491]LogAudioMixer: Display: 	Callback Buffer Frame Size To Use:	  1024
[2026.05.08-16.20.59:155][491]LogAudioMixer: Display: 	Number of buffers to queue:			  2
[2026.05.08-16.20.59:155][491]LogAudioMixer: Display: 	Max Channels (voices):				  32
[2026.05.08-16.20.59:155][491]LogAudioMixer: Display: 	Number of Async Source Workers:		  0
[2026.05.08-16.20.59:155][491]LogAudio: Display: AudioDevice MaxSources: 32
[2026.05.08-16.20.59:155][491]LogAudio: Display: Audio Spatialization Plugin: None (built-in).
[2026.05.08-16.20.59:155][491]LogAudio: Display: Audio Reverb Plugin: None (built-in).
[2026.05.08-16.20.59:155][491]LogAudio: Display: Audio Occlusion Plugin: None (built-in).
[2026.05.08-16.20.59:155][491]LogAudioMixer: Display: Initializing audio mixer.
[2026.05.08-16.20.59:157][491]LogAudioMixer: Display: 0: FrontLeft
[2026.05.08-16.20.59:157][491]LogAudioMixer: Display: 1: FrontRight
[2026.05.08-16.20.59:211][491]LogAudioMixer: Display: Using Audio Device Speakers (Realtek(R) Audio)
[2026.05.08-16.20.59:211][491]LogAudioMixer: Display: Initializing Sound Submixes...
[2026.05.08-16.20.59:211][491]LogAudioMixer: Display: Creating Master Submix 'MasterSubmixDefault'
[2026.05.08-16.20.59:211][491]LogAudioMixer: Display: Creating Master Submix 'MasterReverbSubmixDefault'
[2026.05.08-16.20.59:212][491]LogAudioMixer: Display: Creating Master Submix 'MasterEQSubmixDefault'
[2026.05.08-16.20.59:212][491]LogAudioMixer: FMixerPlatformXAudio2::StartAudioStream() called
[2026.05.08-16.20.59:212][491]LogAudioMixer: Display: Output buffers initialized: Frames=1024, Channels=2, Samples=2048
[2026.05.08-16.20.59:213][491]LogAudioMixer: Display: Starting AudioMixerPlatformInterface::RunInternal()
[2026.05.08-16.20.59:213][491]LogAudioMixer: Display: FMixerPlatformXAudio2::SubmitBuffer() called for the first time
[2026.05.08-16.20.59:213][491]LogInit: FAudioDevice initialized.
[2026.05.08-16.20.59:213][491]LogAudio: Display: Audio Device (ID: 13) registered with world 'TwinStickExampleMap'.
[2026.05.08-16.20.59:220][491]LogLoad: Game class is 'FacadeGameMode'
[2026.05.08-16.20.59:223][491]LogWorld: Bringing World /Game/TwinStickCPP/Maps/UEDPIE_0_TwinStickExampleMap.TwinStickExampleMap up for play (max tick rate 60) at 2026.05.08-12.20.59
[2026.05.08-16.20.59:223][491]LogWorld: Bringing up level for play took: 0.000970
[2026.05.08-16.20.59:223][491]LogOnline: OSS: Creating online subsystem instance for: :Context_17
[2026.05.08-16.20.59:225][491]PIE: El servidor ha iniciado la sesión
[2026.05.08-16.20.59:226][491]PIE: Play in editor total start time 0,125 seconds.
[2026.05.08-16.21.01:135][604]LogSlate: Updating window title bar state: overlay mode, drag disabled, window buttons hidden, title bar hidden
[2026.05.08-16.21.01:135][604]LogWorld: BeginTearingDown for /Game/TwinStickCPP/Maps/UEDPIE_0_TwinStickExampleMap
[2026.05.08-16.21.01:136][604]LogWorld: UWorld::CleanupWorld for TwinStickExampleMap, bSessionEnded=true, bCleanupResources=true
[2026.05.08-16.21.01:136][604]LogSlate: InvalidateAllWidgets triggered.  All widgets were invalidated
[2026.05.08-16.21.01:143][604]LogPlayLevel: Display: Shutting down PIE online subsystems
[2026.05.08-16.21.01:144][604]LogSlate: InvalidateAllWidgets triggered.  All widgets were invalidated
[2026.05.08-16.21.01:149][604]LogAudio: Display: Audio Device unregistered from world 'None'.
[2026.05.08-16.21.01:149][604]LogAudioMixer: FMixerPlatformXAudio2::StopAudioStream() called
[2026.05.08-16.21.01:150][604]LogAudioMixer: FMixerPlatformXAudio2::StopAudioStream() called
[2026.05.08-16.21.01:152][604]LogSlate: Updating window title bar state: overlay mode, drag disabled, window buttons hidden, title bar hidden
[2026.05.08-16.21.01:153][604]LogUObjectHash: Compacting FUObjectHashTables data took   0.49ms
[2026.05.08-16.21.01:215][608]LogPlayLevel: Display: Destroying online subsystem :Context_17
[2026.05.08-16.34.27:884][184]LogHotReload: New module detected: UE4Editor-Facade-0036.dll
[2026.05.08-16.34.28:576][187]LogHotReload: Starting Hot-Reload from IDE
[2026.05.08-16.34.28:630][187]LogNativeClassHierarchy: Verbose: Native class hierarchy updated for 'Facade' in 0.0003 seconds. Added 7 classes and 2 folders.
[2026.05.08-16.34.28:632][187]Display: HotReload successful (1 functions remapped  0 scriptstructs remapped)
[2026.05.08-16.34.28:663][187]LogNativeClassHierarchy: Verbose: Native class hierarchy populated in 0.0077 seconds. Added 3829 classes and 930 folders.
[2026.05.08-16.34.28:667][187]Display: HotReload took  0.1s.
[2026.05.08-16.34.37:493][372]LogTemp: Repeating last play command: Simulate
[2026.05.08-16.34.37:498][372]LogPlayLevel: PlayLevel: No blueprints needed recompiling
[2026.05.08-16.34.37:498][372]PIE: New page: Sesión SIE (simulación en el editor): TwinStickExampleMap (8 may. 2026 8:34:37)
[2026.05.08-16.34.37:498][372]LogPlayLevel: Creating play world package: /Game/TwinStickCPP/Maps/UEDPIE_0_TwinStickExampleMap
[2026.05.08-16.34.37:506][372]LogPlayLevel: PIE: StaticDuplicateObject took: (0.007702s)
[2026.05.08-16.34.37:506][372]LogAIModule: Creating AISystem for world TwinStickExampleMap
[2026.05.08-16.34.37:506][372]LogPlayLevel: PIE: World Init took: (0.001200s)
[2026.05.08-16.34.37:506][372]LogPlayLevel: PIE: Created PIE world by copying editor world from /Game/TwinStickCPP/Maps/TwinStickExampleMap.TwinStickExampleMap to /Game/TwinStickCPP/Maps/UEDPIE_0_TwinStickExampleMap.TwinStickExampleMap (0.009082s)
[2026.05.08-16.34.37:515][372]LogUObjectHash: Compacting FUObjectHashTables data took   0.50ms
[2026.05.08-16.34.37:516][372]LogAudio: Display: Creating Audio Device:                 Id: 14, Scope: Unique, Realtime: True
[2026.05.08-16.34.37:516][372]LogAudioMixer: Display: Audio Mixer Platform Settings:
[2026.05.08-16.34.37:516][372]LogAudioMixer: Display: 	Sample Rate:						  48000
[2026.05.08-16.34.37:517][372]LogAudioMixer: Display: 	Callback Buffer Frame Size Requested: 1024
[2026.05.08-16.34.37:517][372]LogAudioMixer: Display: 	Callback Buffer Frame Size To Use:	  1024
[2026.05.08-16.34.37:517][372]LogAudioMixer: Display: 	Number of buffers to queue:			  2
[2026.05.08-16.34.37:517][372]LogAudioMixer: Display: 	Max Channels (voices):				  32
[2026.05.08-16.34.37:517][372]LogAudioMixer: Display: 	Number of Async Source Workers:		  0
[2026.05.08-16.34.37:517][372]LogAudio: Display: AudioDevice MaxSources: 32
[2026.05.08-16.34.37:517][372]LogAudio: Display: Audio Spatialization Plugin: None (built-in).
[2026.05.08-16.34.37:517][372]LogAudio: Display: Audio Reverb Plugin: None (built-in).
[2026.05.08-16.34.37:517][372]LogAudio: Display: Audio Occlusion Plugin: None (built-in).
[2026.05.08-16.34.37:517][372]LogAudioMixer: Display: Initializing audio mixer.
[2026.05.08-16.34.37:519][372]LogAudioMixer: Display: 0: FrontLeft
[2026.05.08-16.34.37:519][372]LogAudioMixer: Display: 1: FrontRight
[2026.05.08-16.34.37:557][372]LogAudioMixer: Display: Using Audio Device Speakers (Realtek(R) Audio)
[2026.05.08-16.34.37:557][372]LogAudioMixer: Display: Initializing Sound Submixes...
[2026.05.08-16.34.37:557][372]LogAudioMixer: Display: Creating Master Submix 'MasterSubmixDefault'
[2026.05.08-16.34.37:557][372]LogAudioMixer: Display: Creating Master Submix 'MasterReverbSubmixDefault'
[2026.05.08-16.34.37:558][372]LogAudioMixer: Display: Creating Master Submix 'MasterEQSubmixDefault'
[2026.05.08-16.34.37:558][372]LogAudioMixer: FMixerPlatformXAudio2::StartAudioStream() called
[2026.05.08-16.34.37:558][372]LogAudioMixer: Display: Output buffers initialized: Frames=1024, Channels=2, Samples=2048
[2026.05.08-16.34.37:559][372]LogAudioMixer: Display: Starting AudioMixerPlatformInterface::RunInternal()
[2026.05.08-16.34.37:559][372]LogAudioMixer: Display: FMixerPlatformXAudio2::SubmitBuffer() called for the first time
[2026.05.08-16.34.37:559][372]LogInit: FAudioDevice initialized.
[2026.05.08-16.34.37:559][372]LogAudio: Display: Audio Device (ID: 14) registered with world 'TwinStickExampleMap'.
[2026.05.08-16.34.37:567][372]LogLoad: Game class is 'FacadeGameMode'
[2026.05.08-16.34.37:567][372]LogWorld: Bringing World /Game/TwinStickCPP/Maps/UEDPIE_0_TwinStickExampleMap.TwinStickExampleMap up for play (max tick rate 0) at 2026.05.08-12.34.37
[2026.05.08-16.34.37:568][372]LogWorld: Bringing up level for play took: 0.000737
[2026.05.08-16.34.37:568][372]LogOnline: OSS: Creating online subsystem instance for: :Context_18
[2026.05.08-16.34.37:570][372]PIE: El servidor ha iniciado la sesión
[2026.05.08-16.34.37:571][372]PIE: Play in editor total start time 0,074 seconds.
[2026.05.08-16.34.42:217][903]LogSlate: Updating window title bar state: overlay mode, drag disabled, window buttons hidden, title bar hidden
[2026.05.08-16.34.42:217][903]LogWorld: BeginTearingDown for /Game/TwinStickCPP/Maps/UEDPIE_0_TwinStickExampleMap
[2026.05.08-16.34.42:217][903]LogWorld: UWorld::CleanupWorld for TwinStickExampleMap, bSessionEnded=true, bCleanupResources=true
[2026.05.08-16.34.42:218][903]LogSlate: InvalidateAllWidgets triggered.  All widgets were invalidated
[2026.05.08-16.34.42:225][903]LogPlayLevel: Display: Shutting down PIE online subsystems
[2026.05.08-16.34.42:226][903]LogSlate: InvalidateAllWidgets triggered.  All widgets were invalidated
[2026.05.08-16.34.42:230][903]LogAudio: Display: Audio Device unregistered from world 'None'.
[2026.05.08-16.34.42:230][903]LogAudioMixer: FMixerPlatformXAudio2::StopAudioStream() called
[2026.05.08-16.34.42:231][903]LogAudioMixer: FMixerPlatformXAudio2::StopAudioStream() called
[2026.05.08-16.34.42:232][903]LogSlate: Updating window title bar state: overlay mode, drag disabled, window buttons hidden, title bar hidden
[2026.05.08-16.34.42:235][903]LogUObjectHash: Compacting FUObjectHashTables data took   0.63ms
[2026.05.08-16.34.42:270][907]LogPlayLevel: Display: Destroying online subsystem :Context_18
[2026.05.08-16.34.52:323][ 91]LogHotReload: New module detected: UE4Editor-Facade-0037.dll
[2026.05.08-16.34.53:007][ 94]LogHotReload: Starting Hot-Reload from IDE
[2026.05.08-16.34.53:058][ 94]LogNativeClassHierarchy: Verbose: Native class hierarchy updated for 'Facade' in 0.0003 seconds. Added 7 classes and 2 folders.
[2026.05.08-16.34.53:061][ 94]Display: HotReload successful (1 functions remapped  0 scriptstructs remapped)
[2026.05.08-16.34.53:100][ 94]LogNativeClassHierarchy: Verbose: Native class hierarchy populated in 0.0084 seconds. Added 3829 classes and 930 folders.
[2026.05.08-16.34.53:105][ 94]Display: HotReload took  0.1s.
[2026.05.08-16.34.57:480][220]LogTemp: Repeating last play command: Simulate
[2026.05.08-16.34.57:484][220]LogPlayLevel: PlayLevel: No blueprints needed recompiling
[2026.05.08-16.34.57:484][220]PIE: New page: Sesión SIE (simulación en el editor): TwinStickExampleMap (8 may. 2026 8:34:57)
[2026.05.08-16.34.57:484][220]LogPlayLevel: Creating play world package: /Game/TwinStickCPP/Maps/UEDPIE_0_TwinStickExampleMap
[2026.05.08-16.34.57:491][220]LogPlayLevel: PIE: StaticDuplicateObject took: (0.007568s)
[2026.05.08-16.34.57:493][220]LogAIModule: Creating AISystem for world TwinStickExampleMap
[2026.05.08-16.34.57:494][220]LogPlayLevel: PIE: World Init took: (0.002111s)
[2026.05.08-16.34.57:494][220]LogPlayLevel: PIE: Created PIE world by copying editor world from /Game/TwinStickCPP/Maps/TwinStickExampleMap.TwinStickExampleMap to /Game/TwinStickCPP/Maps/UEDPIE_0_TwinStickExampleMap.TwinStickExampleMap (0.009919s)
[2026.05.08-16.34.57:500][220]LogUObjectHash: Compacting FUObjectHashTables data took   0.47ms
[2026.05.08-16.34.57:501][220]LogAudio: Display: Creating Audio Device:                 Id: 15, Scope: Unique, Realtime: True
[2026.05.08-16.34.57:501][220]LogAudioMixer: Display: Audio Mixer Platform Settings:
[2026.05.08-16.34.57:501][220]LogAudioMixer: Display: 	Sample Rate:						  48000
[2026.05.08-16.34.57:501][220]LogAudioMixer: Display: 	Callback Buffer Frame Size Requested: 1024
[2026.05.08-16.34.57:501][220]LogAudioMixer: Display: 	Callback Buffer Frame Size To Use:	  1024
[2026.05.08-16.34.57:501][220]LogAudioMixer: Display: 	Number of buffers to queue:			  2
[2026.05.08-16.34.57:501][220]LogAudioMixer: Display: 	Max Channels (voices):				  32
[2026.05.08-16.34.57:501][220]LogAudioMixer: Display: 	Number of Async Source Workers:		  0
[2026.05.08-16.34.57:501][220]LogAudio: Display: AudioDevice MaxSources: 32
[2026.05.08-16.34.57:501][220]LogAudio: Display: Audio Spatialization Plugin: None (built-in).
[2026.05.08-16.34.57:501][220]LogAudio: Display: Audio Reverb Plugin: None (built-in).
[2026.05.08-16.34.57:501][220]LogAudio: Display: Audio Occlusion Plugin: None (built-in).
[2026.05.08-16.34.57:501][220]LogAudioMixer: Display: Initializing audio mixer.
[2026.05.08-16.34.57:503][220]LogAudioMixer: Display: 0: FrontLeft
[2026.05.08-16.34.57:503][220]LogAudioMixer: Display: 1: FrontRight
[2026.05.08-16.34.57:541][220]LogAudioMixer: Display: Using Audio Device Speakers (Realtek(R) Audio)
[2026.05.08-16.34.57:541][220]LogAudioMixer: Display: Initializing Sound Submixes...
[2026.05.08-16.34.57:541][220]LogAudioMixer: Display: Creating Master Submix 'MasterSubmixDefault'
[2026.05.08-16.34.57:541][220]LogAudioMixer: Display: Creating Master Submix 'MasterReverbSubmixDefault'
[2026.05.08-16.34.57:542][220]LogAudioMixer: Display: Creating Master Submix 'MasterEQSubmixDefault'
[2026.05.08-16.34.57:542][220]LogAudioMixer: FMixerPlatformXAudio2::StartAudioStream() called
[2026.05.08-16.34.57:542][220]LogAudioMixer: Display: Output buffers initialized: Frames=1024, Channels=2, Samples=2048
[2026.05.08-16.34.57:543][220]LogAudioMixer: Display: Starting AudioMixerPlatformInterface::RunInternal()
[2026.05.08-16.34.57:543][220]LogAudioMixer: Display: FMixerPlatformXAudio2::SubmitBuffer() called for the first time
[2026.05.08-16.34.57:543][220]LogInit: FAudioDevice initialized.
[2026.05.08-16.34.57:543][220]LogAudio: Display: Audio Device (ID: 15) registered with world 'TwinStickExampleMap'.
[2026.05.08-16.34.57:548][220]LogLoad: Game class is 'FacadeGameMode'
[2026.05.08-16.34.57:549][220]LogWorld: Bringing World /Game/TwinStickCPP/Maps/UEDPIE_0_TwinStickExampleMap.TwinStickExampleMap up for play (max tick rate 0) at 2026.05.08-12.34.57
[2026.05.08-16.34.57:550][220]LogWorld: Bringing up level for play took: 0.000735
[2026.05.08-16.34.57:550][220]LogOnline: OSS: Creating online subsystem instance for: :Context_19
[2026.05.08-16.34.57:552][220]PIE: El servidor ha iniciado la sesión
[2026.05.08-16.34.57:552][220]PIE: Play in editor total start time 0,07 seconds.
[2026.05.08-16.35.03:497][912]LogSlate: Updating window title bar state: overlay mode, drag disabled, window buttons hidden, title bar hidden
[2026.05.08-16.35.03:497][912]LogWorld: BeginTearingDown for /Game/TwinStickCPP/Maps/UEDPIE_0_TwinStickExampleMap
[2026.05.08-16.35.03:497][912]LogWorld: UWorld::CleanupWorld for TwinStickExampleMap, bSessionEnded=true, bCleanupResources=true
[2026.05.08-16.35.03:498][912]LogSlate: InvalidateAllWidgets triggered.  All widgets were invalidated
[2026.05.08-16.35.03:506][912]LogPlayLevel: Display: Shutting down PIE online subsystems
[2026.05.08-16.35.03:508][912]LogSlate: InvalidateAllWidgets triggered.  All widgets were invalidated
[2026.05.08-16.35.03:510][912]LogAudio: Display: Audio Device unregistered from world 'None'.
[2026.05.08-16.35.03:512][912]LogAudioMixer: FMixerPlatformXAudio2::StopAudioStream() called
[2026.05.08-16.35.03:512][912]LogAudioMixer: FMixerPlatformXAudio2::StopAudioStream() called
[2026.05.08-16.35.03:516][912]LogSlate: Updating window title bar state: overlay mode, drag disabled, window buttons hidden, title bar hidden
[2026.05.08-16.35.03:518][912]LogUObjectHash: Compacting FUObjectHashTables data took   0.61ms
[2026.05.08-16.35.03:572][918]LogPlayLevel: Display: Destroying online subsystem :Context_19
[2026.05.08-16.40.24:382][292]LogHotReload: New module detected: UE4Editor-Facade-0038.dll
[2026.05.08-16.40.25:063][295]LogHotReload: Starting Hot-Reload from IDE
[2026.05.08-16.40.25:124][295]LogNativeClassHierarchy: Verbose: Native class hierarchy updated for 'Facade' in 0.0005 seconds. Added 7 classes and 2 folders.
[2026.05.08-16.40.25:126][295]Display: HotReload successful (1 functions remapped  0 scriptstructs remapped)
[2026.05.08-16.40.25:160][295]LogNativeClassHierarchy: Verbose: Native class hierarchy populated in 0.0083 seconds. Added 3829 classes and 930 folders.
[2026.05.08-16.40.25:164][295]Display: HotReload took  0.1s.
[2026.05.08-16.40.27:993][423]LogTemp: Repeating last play command: Simulate
[2026.05.08-16.40.27:998][423]LogPlayLevel: PlayLevel: No blueprints needed recompiling
[2026.05.08-16.40.27:998][423]PIE: New page: Sesión SIE (simulación en el editor): TwinStickExampleMap (8 may. 2026 8:40:27)
[2026.05.08-16.40.28:033][423]LogPlayLevel: Creating play world package: /Game/TwinStickCPP/Maps/UEDPIE_0_TwinStickExampleMap
[2026.05.08-16.40.28:044][423]LogPlayLevel: PIE: StaticDuplicateObject took: (0.010696s)
[2026.05.08-16.40.28:045][423]LogAIModule: Creating AISystem for world TwinStickExampleMap
[2026.05.08-16.40.28:045][423]LogPlayLevel: PIE: World Init took: (0.001182s)
[2026.05.08-16.40.28:045][423]LogPlayLevel: PIE: Created PIE world by copying editor world from /Game/TwinStickCPP/Maps/TwinStickExampleMap.TwinStickExampleMap to /Game/TwinStickCPP/Maps/UEDPIE_0_TwinStickExampleMap.TwinStickExampleMap (0.012139s)
[2026.05.08-16.40.28:055][423]LogUObjectHash: Compacting FUObjectHashTables data took   0.56ms
[2026.05.08-16.40.28:056][423]LogAudio: Display: Creating Audio Device:                 Id: 16, Scope: Unique, Realtime: True
[2026.05.08-16.40.28:056][423]LogAudioMixer: Display: Audio Mixer Platform Settings:
[2026.05.08-16.40.28:056][423]LogAudioMixer: Display: 	Sample Rate:						  48000
[2026.05.08-16.40.28:056][423]LogAudioMixer: Display: 	Callback Buffer Frame Size Requested: 1024
[2026.05.08-16.40.28:056][423]LogAudioMixer: Display: 	Callback Buffer Frame Size To Use:	  1024
[2026.05.08-16.40.28:056][423]LogAudioMixer: Display: 	Number of buffers to queue:			  2
[2026.05.08-16.40.28:056][423]LogAudioMixer: Display: 	Max Channels (voices):				  32
[2026.05.08-16.40.28:056][423]LogAudioMixer: Display: 	Number of Async Source Workers:		  0
[2026.05.08-16.40.28:056][423]LogAudio: Display: AudioDevice MaxSources: 32
[2026.05.08-16.40.28:057][423]LogAudio: Display: Audio Spatialization Plugin: None (built-in).
[2026.05.08-16.40.28:057][423]LogAudio: Display: Audio Reverb Plugin: None (built-in).
[2026.05.08-16.40.28:057][423]LogAudio: Display: Audio Occlusion Plugin: None (built-in).
[2026.05.08-16.40.28:057][423]LogAudioMixer: Display: Initializing audio mixer.
[2026.05.08-16.40.28:059][423]LogAudioMixer: Display: 0: FrontLeft
[2026.05.08-16.40.28:059][423]LogAudioMixer: Display: 1: FrontRight
[2026.05.08-16.40.28:097][423]LogAudioMixer: Display: Using Audio Device Speakers (Realtek(R) Audio)
[2026.05.08-16.40.28:097][423]LogAudioMixer: Display: Initializing Sound Submixes...
[2026.05.08-16.40.28:097][423]LogAudioMixer: Display: Creating Master Submix 'MasterSubmixDefault'
[2026.05.08-16.40.28:097][423]LogAudioMixer: Display: Creating Master Submix 'MasterReverbSubmixDefault'
[2026.05.08-16.40.28:098][423]LogAudioMixer: Display: Creating Master Submix 'MasterEQSubmixDefault'
[2026.05.08-16.40.28:098][423]LogAudioMixer: FMixerPlatformXAudio2::StartAudioStream() called
[2026.05.08-16.40.28:098][423]LogAudioMixer: Display: Output buffers initialized: Frames=1024, Channels=2, Samples=2048
[2026.05.08-16.40.28:099][423]LogAudioMixer: Display: Starting AudioMixerPlatformInterface::RunInternal()
[2026.05.08-16.40.28:099][423]LogAudioMixer: Display: FMixerPlatformXAudio2::SubmitBuffer() called for the first time
[2026.05.08-16.40.28:099][423]LogInit: FAudioDevice initialized.
[2026.05.08-16.40.28:099][423]LogAudio: Display: Audio Device (ID: 16) registered with world 'TwinStickExampleMap'.
[2026.05.08-16.40.28:106][423]LogLoad: Game class is 'FacadeGameMode'
[2026.05.08-16.40.28:107][423]LogWorld: Bringing World /Game/TwinStickCPP/Maps/UEDPIE_0_TwinStickExampleMap.TwinStickExampleMap up for play (max tick rate 0) at 2026.05.08-12.40.28
[2026.05.08-16.40.28:107][423]LogWorld: Bringing up level for play took: 0.000715
[2026.05.08-16.40.28:107][423]LogOnline: OSS: Creating online subsystem instance for: :Context_20
[2026.05.08-16.40.28:110][423]PIE: El servidor ha iniciado la sesión
[2026.05.08-16.40.28:110][423]PIE: Play in editor total start time 0,113 seconds.
[2026.05.08-16.40.34:304][149]LogSlate: Updating window title bar state: overlay mode, drag disabled, window buttons hidden, title bar hidden
[2026.05.08-16.40.34:304][149]LogWorld: BeginTearingDown for /Game/TwinStickCPP/Maps/UEDPIE_0_TwinStickExampleMap
[2026.05.08-16.40.34:304][149]LogWorld: UWorld::CleanupWorld for TwinStickExampleMap, bSessionEnded=true, bCleanupResources=true
[2026.05.08-16.40.34:304][149]LogSlate: InvalidateAllWidgets triggered.  All widgets were invalidated
[2026.05.08-16.40.34:316][149]LogPlayLevel: Display: Shutting down PIE online subsystems
[2026.05.08-16.40.34:318][149]LogSlate: InvalidateAllWidgets triggered.  All widgets were invalidated
[2026.05.08-16.40.34:322][149]LogAudio: Display: Audio Device unregistered from world 'None'.
[2026.05.08-16.40.34:322][149]LogAudioMixer: FMixerPlatformXAudio2::StopAudioStream() called
[2026.05.08-16.40.34:322][149]LogAudioMixer: FMixerPlatformXAudio2::StopAudioStream() called
[2026.05.08-16.40.34:324][149]LogSlate: Updating window title bar state: overlay mode, drag disabled, window buttons hidden, title bar hidden
[2026.05.08-16.40.34:325][149]LogUObjectHash: Compacting FUObjectHashTables data took   0.48ms
[2026.05.08-16.40.34:368][154]LogPlayLevel: Display: Destroying online subsystem :Context_20
[2026.05.08-16.40.47:604][974]LogUObjectHash: Compacting FUObjectHashTables data took   0.45ms
[2026.05.08-16.40.47:640][974]LogSlate: Window 'Facade - Unreal Editor' being destroyed
[2026.05.08-16.40.47:770][975]Cmd: QUIT_EDITOR
[2026.05.08-16.40.47:770][975]LogCore: Engine exit requested (reason: UUnrealEdEngine::CloseEditor())
[2026.05.08-16.40.47:776][975]LogCore: Engine exit requested (reason: EngineExit() was called; note: exit was already requested)
[2026.05.08-16.40.48:311][975]LogAudio: Display: Beginning Audio Device Manager Shutdown (Module: AudioMixerXAudio2)...
[2026.05.08-16.40.48:311][975]LogAudio: Display: Destroying 1 Remaining Audio Device(s)...
[2026.05.08-16.40.48:312][975]LogAudio: Display: Audio Device unregistered from world 'TwinStickExampleMap'.
[2026.05.08-16.40.48:312][975]LogAudioMixer: FMixerPlatformXAudio2::StopAudioStream() called
[2026.05.08-16.40.48:313][975]LogAudioMixer: FMixerPlatformXAudio2::StopAudioStream() called
[2026.05.08-16.40.48:340][975]LogAudio: Display: Audio Device Manager Shutdown
[2026.05.08-16.40.48:341][975]LogWindowsTextInputMethodSystem: Display: IME system deactivated.
[2026.05.08-16.40.48:346][975]LogExit: Preparing to exit.
[2026.05.08-16.40.48:818][975]LogUObjectHash: Compacting FUObjectHashTables data took   0.79ms
[2026.05.08-16.40.48:963][975]LogActorComponent: UnregisterComponent: (None.None) Not registered. Aborting.
[2026.05.08-16.40.48:963][975]LogActorComponent: UnregisterComponent: (None.None) Not registered. Aborting.
[2026.05.08-16.40.48:963][975]LogActorComponent: UnregisterComponent: (None.None) Not registered. Aborting.
[2026.05.08-16.40.48:963][975]LogActorComponent: UnregisterComponent: (None.None) Not registered. Aborting.
[2026.05.08-16.40.48:963][975]LogActorComponent: UnregisterComponent: (None.None) Not registered. Aborting.
[2026.05.08-16.40.48:963][975]LogActorComponent: UnregisterComponent: (None.None) Not registered. Aborting.
[2026.05.08-16.40.48:963][975]LogActorComponent: UnregisterComponent: (None.None) Not registered. Aborting.
[2026.05.08-16.40.48:963][975]LogWorld: UWorld::CleanupWorld for None, bSessionEnded=true, bCleanupResources=true
[2026.05.08-16.40.48:963][975]LogActorComponent: UnregisterComponent: (None.None) Not registered. Aborting.
[2026.05.08-16.40.48:963][975]LogActorComponent: UnregisterComponent: (None.None) Not registered. Aborting.
[2026.05.08-16.40.48:963][975]LogActorComponent: UnregisterComponent: (None.None) Not registered. Aborting.
[2026.05.08-16.40.48:963][975]LogActorComponent: UnregisterComponent: (None.None) Not registered. Aborting.
[2026.05.08-16.40.48:963][975]LogActorComponent: UnregisterComponent: (None.None) Not registered. Aborting.
[2026.05.08-16.40.48:963][975]LogActorComponent: UnregisterComponent: (None.None) Not registered. Aborting.
[2026.05.08-16.40.48:963][975]LogActorComponent: UnregisterComponent: (None.None) Not registered. Aborting.
[2026.05.08-16.40.48:963][975]LogWorld: UWorld::CleanupWorld for None, bSessionEnded=true, bCleanupResources=true
[2026.05.08-16.40.48:963][975]LogActorComponent: UnregisterComponent: (None.None) Not registered. Aborting.
[2026.05.08-16.40.48:963][975]LogActorComponent: UnregisterComponent: (None.None) Not registered. Aborting.
[2026.05.08-16.40.48:963][975]LogActorComponent: UnregisterComponent: (None.None) Not registered. Aborting.
[2026.05.08-16.40.48:963][975]LogActorComponent: UnregisterComponent: (None.None) Not registered. Aborting.
[2026.05.08-16.40.48:963][975]LogActorComponent: UnregisterComponent: (None.None) Not registered. Aborting.
[2026.05.08-16.40.48:963][975]LogActorComponent: UnregisterComponent: (None.None) Not registered. Aborting.
[2026.05.08-16.40.48:963][975]LogActorComponent: UnregisterComponent: (None.None) Not registered. Aborting.
[2026.05.08-16.40.48:963][975]LogWorld: UWorld::CleanupWorld for None, bSessionEnded=true, bCleanupResources=true
[2026.05.08-16.40.48:963][975]LogActorComponent: UnregisterComponent: (None.None) Not registered. Aborting.
[2026.05.08-16.40.48:963][975]LogActorComponent: UnregisterComponent: (None.None) Not registered. Aborting.
[2026.05.08-16.40.48:963][975]LogActorComponent: UnregisterComponent: (None.None) Not registered. Aborting.
[2026.05.08-16.40.48:963][975]LogActorComponent: UnregisterComponent: (None.None) Not registered. Aborting.
[2026.05.08-16.40.48:963][975]LogActorComponent: UnregisterComponent: (None.None) Not registered. Aborting.
[2026.05.08-16.40.48:963][975]LogActorComponent: UnregisterComponent: (None.None) Not registered. Aborting.
[2026.05.08-16.40.48:963][975]LogActorComponent: UnregisterComponent: (None.None) Not registered. Aborting.
[2026.05.08-16.40.48:963][975]LogWorld: UWorld::CleanupWorld for None, bSessionEnded=true, bCleanupResources=true
[2026.05.08-16.40.48:963][975]LogActorComponent: UnregisterComponent: (None.None) Not registered. Aborting.
[2026.05.08-16.40.48:963][975]LogActorComponent: UnregisterComponent: (None.None) Not registered. Aborting.
[2026.05.08-16.40.48:963][975]LogActorComponent: UnregisterComponent: (None.None) Not registered. Aborting.
[2026.05.08-16.40.48:963][975]LogActorComponent: UnregisterComponent: (None.None) Not registered. Aborting.
[2026.05.08-16.40.48:963][975]LogActorComponent: UnregisterComponent: (None.None) Not registered. Aborting.
[2026.05.08-16.40.48:963][975]LogActorComponent: UnregisterComponent: (None.None) Not registered. Aborting.
[2026.05.08-16.40.48:963][975]LogActorComponent: UnregisterComponent: (None.None) Not registered. Aborting.
[2026.05.08-16.40.48:963][975]LogWorld: UWorld::CleanupWorld for None, bSessionEnded=true, bCleanupResources=true
[2026.05.08-16.40.48:994][975]LogDemo: Cleaned up 0 splitscreen connections with owner deletion
[2026.05.08-16.40.49:014][975]LogWorld: UWorld::CleanupWorld for None, bSessionEnded=true, bCleanupResources=true
[2026.05.08-16.40.49:014][975]LogExit: Editor shut down
[2026.05.08-16.40.49:016][975]LogExit: Transaction tracking system shut down
[2026.05.08-16.40.49:435][975]LogExit: Object subsystem successfully closed.
[2026.05.08-16.40.49:465][975]LogShaderCompilers: Display: === FShaderJobCache stats ===
[2026.05.08-16.40.49:465][975]LogShaderCompilers: Display: Total job queries 0, among them cache hits 0 (0.00%)
[2026.05.08-16.40.49:465][975]LogShaderCompilers: Display: Tracking 0 distinct input hashes that result in 0 distinct outputs (0.00%)
[2026.05.08-16.40.49:465][975]LogShaderCompilers: Display: RAM used: 0.00 MB (0.00 GB) of 819.20 MB (0.80 GB) budget. Usage: 0.00%
[2026.05.08-16.40.49:465][975]LogShaderCompilers: Display: ================================================
[2026.05.08-16.40.49:485][975]LogShaderCompilers: Display: Shaders left to compile 0
[2026.05.08-16.40.49:560][975]LogModuleManager: Shutting down and abandoning module Facade (887)
[2026.05.08-16.40.49:560][975]LogModuleManager: Shutting down and abandoning module MovieSceneCapture (876)
[2026.05.08-16.40.49:560][975]LogModuleManager: Shutting down and abandoning module Voice (874)
[2026.05.08-16.40.49:561][975]LogModuleManager: Shutting down and abandoning module HierarchicalLODOutliner (872)
[2026.05.08-16.40.49:561][975]LogModuleManager: Shutting down and abandoning module SceneOutliner (870)
[2026.05.08-16.40.49:561][975]LogModuleManager: Shutting down and abandoning module AddContentDialog (868)
[2026.05.08-16.40.49:564][975]LogModuleManager: Shutting down and abandoning module WidgetCarousel (867)
[2026.05.08-16.40.49:564][975]LogModuleManager: Shutting down and abandoning module EditorWidgets (864)
[2026.05.08-16.40.49:564][975]LogModuleManager: Shutting down and abandoning module StatsViewer (862)
[2026.05.08-16.40.49:564][975]LogModuleManager: Shutting down and abandoning module PIEPreviewDeviceProfileSelector (860)
[2026.05.08-16.40.49:564][975]LogModuleManager: Shutting down and abandoning module SequenceRecorderSections (858)
[2026.05.08-16.40.49:565][975]LogModuleManager: Shutting down and abandoning module AutomationWorker (856)
[2026.05.08-16.40.49:565][975]LogModuleManager: Shutting down and abandoning module SteamVREditor (854)
[2026.05.08-16.40.49:565][975]LogModuleManager: Shutting down and abandoning module OculusMR (852)
[2026.05.08-16.40.49:565][975]LogModuleManager: Shutting down and abandoning module TakeRecorderSources (850)
[2026.05.08-16.40.49:566][975]LogModuleManager: Shutting down and abandoning module TakeRecorder (849)
[2026.05.08-16.40.49:567][975]LogModuleManager: Shutting down and abandoning module TakeTrackRecorders (846)
[2026.05.08-16.40.49:567][975]LogModuleManager: Shutting down and abandoning module TakesCore (844)
[2026.05.08-16.40.49:568][975]LogModuleManager: Shutting down and abandoning module OpenXRInput (842)
[2026.05.08-16.40.49:568][975]LogModuleManager: Shutting down and abandoning module GooglePADEditor (840)
[2026.05.08-16.40.49:568][975]LogModuleManager: Shutting down and abandoning module AudioCaptureEditor (838)
[2026.05.08-16.40.49:568][975]LogModuleManager: Shutting down and abandoning module MatineeToLevelSequence (836)
[2026.05.08-16.40.49:568][975]LogModuleManager: Shutting down and abandoning module TemplateSequenceEditor (834)
[2026.05.08-16.40.49:569][975]LogModuleManager: Shutting down and abandoning module LevelSequenceEditor (832)
[2026.05.08-16.40.49:570][975]LogModuleManager: Shutting down and abandoning module WmfMediaFactory (830)
[2026.05.08-16.40.49:570][975]LogModuleManager: Shutting down and abandoning module WmfMediaEditor (828)
[2026.05.08-16.40.49:570][975]LogModuleManager: Shutting down and abandoning module ActorSequenceEditor (826)
[2026.05.08-16.40.49:570][975]LogModuleManager: Shutting down and abandoning module WebMMediaFactory (824)
[2026.05.08-16.40.49:570][975]LogModuleManager: Shutting down and abandoning module WebMMediaEditor (822)
[2026.05.08-16.40.49:570][975]LogModuleManager: Shutting down and abandoning module WebMMedia (820)
[2026.05.08-16.40.49:571][975]LogModuleManager: Shutting down and abandoning module MediaPlayerEditor (818)
[2026.05.08-16.40.49:572][975]LogModuleManager: Shutting down and abandoning module MediaCompositingEditor (816)
[2026.05.08-16.40.49:572][975]LogModuleManager: Shutting down and abandoning module SequenceRecorder (815)
[2026.05.08-16.40.49:572][975]LogModuleManager: Shutting down and abandoning module OpenExrWrapper (812)
[2026.05.08-16.40.49:573][975]LogModuleManager: Shutting down and abandoning module ImgMediaFactory (810)
[2026.05.08-16.40.49:573][975]LogModuleManager: Shutting down and abandoning module ImgMediaEditor (808)
[2026.05.08-16.40.49:573][975]LogModuleManager: Shutting down and abandoning module AvfMediaFactory (806)
[2026.05.08-16.40.49:573][975]LogModuleManager: Shutting down and abandoning module AvfMediaEditor (804)
[2026.05.08-16.40.49:573][975]LogModuleManager: Shutting down and abandoning module AndroidMediaFactory (802)
[2026.05.08-16.40.49:573][975]LogModuleManager: Shutting down and abandoning module AndroidMediaEditor (800)
[2026.05.08-16.40.49:573][975]LogModuleManager: Shutting down and abandoning module PlanarCut (798)
[2026.05.08-16.40.49:573][975]LogModuleManager: Shutting down and abandoning module MagicLeapMediaCodecFactory (796)
[2026.05.08-16.40.49:573][975]LogModuleManager: Shutting down and abandoning module MagicLeapMediaFactory (794)
[2026.05.08-16.40.49:573][975]LogModuleManager: Shutting down and abandoning module MagicLeapMediaEditor (792)
[2026.05.08-16.40.49:573][975]LogModuleManager: Shutting down and abandoning module TextureAlignMode (790)
[2026.05.08-16.40.49:573][975]LogModuleManager: Shutting down and abandoning module BspMode (788)
[2026.05.08-16.40.49:573][975]LogModuleManager: Shutting down and abandoning module GeometryMode (786)
[2026.05.08-16.40.49:574][975]LogModuleManager: Shutting down and abandoning module CharacterAI (784)
[2026.05.08-16.40.49:574][975]LogModuleManager: Shutting down and abandoning module CameraShakePreviewer (782)
[2026.05.08-16.40.49:574][975]LogModuleManager: Shutting down and abandoning module SmartSnapping (780)
[2026.05.08-16.40.49:574][975]LogModuleManager: Shutting down and abandoning module SessionServices (778)
[2026.05.08-16.40.49:574][975]LogModuleManager: Shutting down and abandoning module MeshPaint (776)
[2026.05.08-16.40.49:575][975]LogModuleManager: Shutting down and abandoning module VirtualTexturingEditor (774)
[2026.05.08-16.40.49:575][975]LogModuleManager: Shutting down and abandoning module FoliageEdit (772)
[2026.05.08-16.40.49:576][975]LogModuleManager: Shutting down and abandoning module LandscapeEditor (770)
[2026.05.08-16.40.49:577][975]LogModuleManager: Shutting down and abandoning module MeshPaintMode (768)
[2026.05.08-16.40.49:577][975]LogModuleManager: Shutting down and abandoning module SceneDepthPickerMode (766)
[2026.05.08-16.40.49:577][975]LogModuleManager: Shutting down and abandoning module ActorPickerMode (764)
[2026.05.08-16.40.49:577][975]LogModuleManager: Shutting down and abandoning module PlacementMode (762)
[2026.05.08-16.40.49:577][975]LogModuleManager: Shutting down and abandoning module ViewportSnapping (760)
[2026.05.08-16.40.49:577][975]LogModuleManager: Shutting down and abandoning module ViewportInteraction (758)
[2026.05.08-16.40.49:577][975]LogModuleManager: Shutting down and abandoning module ClothPainter (756)
[2026.05.08-16.40.49:578][975]LogModuleManager: Shutting down and abandoning module SkeletalMeshEditor (755)
[2026.05.08-16.40.49:579][975]LogModuleManager: Shutting down and abandoning module LogVisualizer (752)
[2026.05.08-16.40.49:580][975]LogModuleManager: Shutting down and abandoning module IntroTutorials (750)
[2026.05.08-16.40.49:580][975]LogModuleManager: Shutting down and abandoning module GameProjectGeneration (749)
[2026.05.08-16.40.49:580][975]LogModuleManager: Shutting down and abandoning module LuminPlatformEditor (746)
[2026.05.08-16.40.49:580][975]LogModuleManager: Shutting down and abandoning module IOSPlatformEditor (744)
[2026.05.08-16.40.49:580][975]LogModuleManager: Shutting down and abandoning module AndroidPlatformEditor (742)
[2026.05.08-16.40.49:581][975]LogModuleManager: Shutting down and abandoning module AndroidDeviceDetection (741)
[2026.05.08-16.40.51:290][975]LogModuleManager: Shutting down and abandoning module WindowsPlatformEditor (738)
[2026.05.08-16.40.51:290][975]LogModuleManager: Shutting down and abandoning module LuminRuntimeSettings (736)
[2026.05.08-16.40.51:290][975]LogModuleManager: Shutting down and abandoning module IOSRuntimeSettings (734)
[2026.05.08-16.40.51:290][975]LogModuleManager: Shutting down and abandoning module AndroidRuntimeSettings (732)
[2026.05.08-16.40.51:290][975]LogModuleManager: Shutting down and abandoning module TraceInsights (730)
[2026.05.08-16.40.51:292][975]MemoryProfiler: Shutdown
[2026.05.08-16.40.51:292][975]NetworkingProfiler: Shutdown
[2026.05.08-16.40.51:292][975]LoadingProfiler: Shutdown
[2026.05.08-16.40.51:293][975]TimingProfiler: Shutdown
[2026.05.08-16.40.51:294][975]LogModuleManager: Shutting down and abandoning module TraceServices (729)
[2026.05.08-16.40.51:295][975]LogModuleManager: Shutting down and abandoning module EditorInteractiveToolsFramework (726)
[2026.05.08-16.40.51:295][975]LogModuleManager: Shutting down and abandoning module TimeManagementEditor (724)
[2026.05.08-16.40.51:295][975]LogModuleManager: Shutting down and abandoning module InputBindingEditor (722)
[2026.05.08-16.40.51:295][975]LogModuleManager: Shutting down and abandoning module MergeActors (720)
[2026.05.08-16.40.51:296][975]LogModuleManager: Shutting down and abandoning module LocalizationDashboard (718)
[2026.05.08-16.40.51:297][975]LogModuleManager: Shutting down and abandoning module LocalizationService (717)
[2026.05.08-16.40.51:297][975]LogModuleManager: Shutting down and abandoning module HardwareTargeting (714)
[2026.05.08-16.40.51:297][975]LogModuleManager: Shutting down and abandoning module DeviceProfileEditor (712)
[2026.05.08-16.40.51:297][975]LogModuleManager: Shutting down and abandoning module UndoHistory (710)
[2026.05.08-16.40.51:297][975]LogModuleManager: Shutting down and abandoning module XmlParser (708)
[2026.05.08-16.40.51:298][975]LogModuleManager: Shutting down and abandoning module Blutility (706)
[2026.05.08-16.40.51:298][975]LogModuleManager: Shutting down and abandoning module ProjectSettingsViewer (704)
[2026.05.08-16.40.51:298][975]LogModuleManager: Shutting down and abandoning module ProjectTargetPlatformEditor (703)
[2026.05.08-16.40.51:298][975]LogModuleManager: Shutting down and abandoning module EditorSettingsViewer (700)
[2026.05.08-16.40.51:299][975]LogModuleManager: Shutting down and abandoning module InternationalizationSettings (699)
[2026.05.08-16.40.51:299][975]LogModuleManager: Shutting down and abandoning module SettingsEditor (696)
[2026.05.08-16.40.51:299][975]LogModuleManager: Shutting down and abandoning module ProjectLauncher (694)
[2026.05.08-16.40.51:300][975]LogModuleManager: Shutting down and abandoning module SessionFrontend (692)
[2026.05.08-16.40.51:300][975]LogModuleManager: Shutting down and abandoning module ProfilerClient (690)
[2026.05.08-16.40.51:300][975]LogModuleManager: Shutting down and abandoning module DeviceManager (688)
[2026.05.08-16.40.51:301][975]LogModuleManager: Shutting down and abandoning module TargetDeviceServices (687)
[2026.05.08-16.40.51:333][975]LogModuleManager: Shutting down and abandoning module AutomationController (684)
[2026.05.08-16.40.51:334][975]LogModuleManager: Shutting down and abandoning module AutomationWindow (682)
[2026.05.08-16.40.51:334][975]LogModuleManager: Shutting down and abandoning module Layers (680)
[2026.05.08-16.40.51:336][975]LogModuleManager: Shutting down and abandoning module ComponentVisualizers (678)
[2026.05.08-16.40.51:336][975]LogModuleManager: Shutting down and abandoning module DetailCustomizations (676)
[2026.05.08-16.40.51:336][975]LogModuleManager: Shutting down and abandoning module PackagesDialog (674)
[2026.05.08-16.40.51:337][975]LogModuleManager: Shutting down and abandoning module AnimationBlueprintEditor (672)
[2026.05.08-16.40.51:339][975]LogModuleManager: Shutting down and abandoning module Persona (670)
[2026.05.08-16.40.51:340][975]LogModuleManager: Shutting down and abandoning module AdvancedPreviewScene (669)
[2026.05.08-16.40.51:340][975]LogModuleManager: Shutting down and abandoning module AnimGraph (667)
[2026.05.08-16.40.51:340][975]LogModuleManager: Shutting down and abandoning module Kismet (664)
[2026.05.08-16.40.51:342][975]LogModuleManager: Shutting down and abandoning module KismetWidgets (663)
[2026.05.08-16.40.51:342][975]LogModuleManager: Shutting down and abandoning module GraphEditor (660)
[2026.05.08-16.40.51:344][975]LogModuleManager: Shutting down and abandoning module StructViewer (658)
[2026.05.08-16.40.51:344][975]LogModuleManager: Shutting down and abandoning module ClassViewer (656)
[2026.05.08-16.40.51:346][975]LogModuleManager: Shutting down and abandoning module Toolbox (654)
[2026.05.08-16.40.51:346][975]LogModuleManager: Shutting down and abandoning module ModuleUI (652)
[2026.05.08-16.40.51:346][975]LogModuleManager: Shutting down and abandoning module OutputLog (650)
[2026.05.08-16.40.51:347][975]LogModuleManager: Shutting down and abandoning module GammaUI (648)
[2026.05.08-16.40.51:348][975]LogModuleManager: Shutting down and abandoning module Documentation (646)
[2026.05.08-16.40.51:348][975]LogModuleManager: Shutting down and abandoning module LiveCoding (644)
[2026.05.08-16.40.51:348][975]LogModuleManager: Shutting down and abandoning module LevelSequence (642)
[2026.05.08-16.40.51:348][975]LogModuleManager: Shutting down and abandoning module MovieSceneTracks (640)
[2026.05.08-16.40.51:349][975]LogModuleManager: Shutting down and abandoning module MovieScene (638)
[2026.05.08-16.40.51:350][975]LogModuleManager: Shutting down and abandoning module StreamingPauseRendering (636)
[2026.05.08-16.40.51:350][975]LogModuleManager: Shutting down and abandoning module LauncherPlatform (634)
[2026.05.08-16.40.51:350][975]LogModuleManager: Shutting down and abandoning module AnalyticsET (632)
[2026.05.08-16.40.51:350][975]LogModuleManager: Shutting down and abandoning module PortalServices (630)
[2026.05.08-16.40.51:350][975]LogModuleManager: Shutting down and abandoning module PortalRpc (628)
[2026.05.08-16.40.51:350][975]LogModuleManager: Shutting down and abandoning module MessagingRpc (626)
[2026.05.08-16.40.51:350][975]LogModuleManager: Shutting down and abandoning module AudioMixerXAudio2 (624)
[2026.05.08-16.40.51:350][975]LogModuleManager: Shutting down and abandoning module AudioMixerCore (623)
[2026.05.08-16.40.51:350][975]LogModuleManager: Shutting down and abandoning module AIModule (620)
[2026.05.08-16.40.51:351][975]LogModuleManager: Shutting down and abandoning module GameplayDebugger (619)
[2026.05.08-16.40.51:351][975]LogModuleManager: Shutting down and abandoning module AITestSuite (617)
[2026.05.08-16.40.51:351][975]LogModuleManager: Shutting down and abandoning module NavigationSystem (615)
[2026.05.08-16.40.51:351][975]LogModuleManager: Shutting down and abandoning module ImageWriteQueue (612)
[2026.05.08-16.40.51:356][975]LogModuleManager: Shutting down and abandoning module ProfilerService (610)
[2026.05.08-16.40.51:389][975]LogModuleManager: Shutting down and abandoning module TaskGraph (608)
[2026.05.08-16.40.51:390][975]LogModuleManager: Shutting down and abandoning module AudioSynesthesiaEditor (606)
[2026.05.08-16.40.51:390][975]LogModuleManager: Shutting down and abandoning module OculusEditor (604)
[2026.05.08-16.40.51:393][975]LogModuleManager: Shutting down and abandoning module OculusInput (602)
[2026.05.08-16.40.51:393][975]LogModuleManager: Shutting down and abandoning module ContentBrowserFileDataSource (600)
[2026.05.08-16.40.51:393][975]LogModuleManager: Shutting down and abandoning module ContentBrowserClassDataSource (598)
[2026.05.08-16.40.51:393][975]LogModuleManager: Shutting down and abandoning module ContentBrowserAssetDataSource (596)
[2026.05.08-16.40.51:393][975]LogModuleManager: Shutting down and abandoning module CollectionManager (595)
[2026.05.08-16.40.51:393][975]LogModuleManager: Shutting down and abandoning module SynthesisEditor (592)
[2026.05.08-16.40.51:393][975]LogModuleManager: Shutting down and abandoning module Synthesis (590)
[2026.05.08-16.40.51:394][975]LogModuleManager: Shutting down and abandoning module TakeSequencer (588)
[2026.05.08-16.40.51:394][975]LogModuleManager: Shutting down and abandoning module TakeMovieScene (586)
[2026.05.08-16.40.51:394][975]LogModuleManager: Shutting down and abandoning module ProceduralMeshComponentEditor (584)
[2026.05.08-16.40.51:394][975]LogModuleManager: Shutting down and abandoning module ProceduralMeshComponent (582)
[2026.05.08-16.40.51:395][975]LogModuleManager: Shutting down and abandoning module ScreenshotTools (580)
[2026.05.08-16.40.51:395][975]LogModuleManager: Shutting down and abandoning module CustomMeshComponent (578)
[2026.05.08-16.40.51:395][975]LogModuleManager: Shutting down and abandoning module OpenXREditor (576)
[2026.05.08-16.40.51:395][975]LogModuleManager: Shutting down and abandoning module MobilePatchingUtils (574)
[2026.05.08-16.40.51:395][975]LogModuleManager: Shutting down and abandoning module GooglePAD (572)
[2026.05.08-16.40.51:395][975]LogModuleManager: Shutting down and abandoning module EditableMesh (570)
[2026.05.08-16.40.51:395][975]LogModuleManager: Shutting down and abandoning module CableComponent (568)
[2026.05.08-16.40.51:395][975]LogModuleManager: Shutting down and abandoning module AudioCapture (566)
[2026.05.08-16.40.51:395][975]LogModuleManager: Shutting down and abandoning module AudioCaptureRtAudio (565)
[2026.05.08-16.40.51:395][975]LogModuleManager: Shutting down and abandoning module AssetTags (562)
[2026.05.08-16.40.51:395][975]LogModuleManager: Shutting down and abandoning module ArchVisCharacter (560)
[2026.05.08-16.40.51:395][975]LogModuleManager: Shutting down and abandoning module AppleImageUtilsBlueprintSupport (558)
[2026.05.08-16.40.51:395][975]LogModuleManager: Shutting down and abandoning module AppleImageUtils (556)
[2026.05.08-16.40.51:395][975]LogModuleManager: Shutting down and abandoning module AndroidPermission (554)
[2026.05.08-16.40.51:395][975]LogModuleManager: Shutting down and abandoning module ActorLayerUtilitiesEditor (552)
[2026.05.08-16.40.51:395][975]LogModuleManager: Shutting down and abandoning module ActorLayerUtilities (550)
[2026.05.08-16.40.51:395][975]LogModuleManager: Shutting down and abandoning module TemplateSequence (548)
[2026.05.08-16.40.51:396][975]LogModuleManager: Shutting down and abandoning module MediaCompositing (546)
[2026.05.08-16.40.51:396][975]LogModuleManager: Shutting down and abandoning module ImgMedia (544)
[2026.05.08-16.40.51:396][975]LogModuleManager: Shutting down and abandoning module MagicLeapSharedWorld (542)
[2026.05.08-16.40.51:396][975]LogModuleManager: Shutting down and abandoning module OpenImageDenoise (540)
[2026.05.08-16.40.51:396][975]LogOpenImageDenoise: OIDN shutting down
[2026.05.08-16.40.51:396][975]LogModuleManager: Shutting down and abandoning module MotoSynthEditor (538)
[2026.05.08-16.40.51:396][975]LogModuleManager: Shutting down and abandoning module MotoSynth (536)
[2026.05.08-16.40.51:396][975]LogModuleManager: Shutting down and abandoning module MagicLeapLightEstimation (534)
[2026.05.08-16.40.51:396][975]LogModuleManager: Shutting down and abandoning module MeshConversion (532)
[2026.05.08-16.40.51:396][975]LogModuleManager: Shutting down and abandoning module DynamicMesh (530)
[2026.05.08-16.40.51:397][975]LogModuleManager: Shutting down and abandoning module GeometryAlgorithms (528)
[2026.05.08-16.40.51:397][975]LogModuleManager: Shutting down and abandoning module GeometricObjects (526)
[2026.05.08-16.40.51:398][975]LogModuleManager: Shutting down and abandoning module MagicLeapHelperVulkan (524)
[2026.05.08-16.40.51:398][975]LogModuleManager: Shutting down and abandoning module MagicLeapHelperOpenGL (522)
[2026.05.08-16.40.51:398][975]LogModuleManager: Shutting down and abandoning module MagicLeapAudio (520)
[2026.05.08-16.40.51:398][975]LogModuleManager: Shutting down and abandoning module SpeedTreeImporter (518)
[2026.05.08-16.40.51:398][975]LogModuleManager: Shutting down and abandoning module GeometryCollectionTracks (516)
[2026.05.08-16.40.51:398][975]LogModuleManager: Shutting down and abandoning module GeometryCollectionSequencer (515)
[2026.05.08-16.40.51:398][975]LogModuleManager: Shutting down and abandoning module GeometryCollectionEditor (512)
[2026.05.08-16.40.51:398][975]LogModuleManager: Shutting down and abandoning module MobileLauncherProfileWizard (510)
[2026.05.08-16.40.51:399][975]LogModuleManager: Shutting down and abandoning module ChaosSolverEditor (508)
[2026.05.08-16.40.51:399][975]LogModuleManager: Shutting down and abandoning module PluginBrowser (506)
[2026.05.08-16.40.51:400][975]LogModuleManager: Shutting down and abandoning module MaterialAnalyzer (504)
[2026.05.08-16.40.51:400][975]LogModuleManager: Shutting down and abandoning module GeometryCacheTracks (502)
[2026.05.08-16.40.51:400][975]LogModuleManager: Shutting down and abandoning module GeometryCacheStreamer (500)
[2026.05.08-16.40.51:400][975]LogModuleManager: Shutting down and abandoning module GeometryCacheSequencer (498)
[2026.05.08-16.40.51:400][975]LogModuleManager: Shutting down and abandoning module CurveEditorTools (496)
[2026.05.08-16.40.51:401][975]LogModuleManager: Shutting down and abandoning module CryptoKeysOpenSSL (494)
[2026.05.08-16.40.51:401][975]LogModuleManager: Shutting down and abandoning module CryptoKeys (492)
[2026.05.08-16.40.51:401][975]LogModuleManager: Shutting down and abandoning module ChaosNiagara (490)
[2026.05.08-16.40.51:401][975]LogModuleManager: Shutting down and abandoning module FractureEditor (488)
[2026.05.08-16.40.51:402][975]LogModuleManager: Shutting down and abandoning module FieldSystemEngine (487)
[2026.05.08-16.40.51:402][975]LogModuleManager: Shutting down and abandoning module ChaosClothEditor (484)
[2026.05.08-16.40.51:402][975]LogModuleManager: Shutting down and abandoning module BackChannel (482)
[2026.05.08-16.40.51:402][975]LogModuleManager: Shutting down and abandoning module AutomationUtilsEditor (480)
[2026.05.08-16.40.51:402][975]LogModuleManager: Shutting down and abandoning module AutomationUtils (478)
[2026.05.08-16.40.51:402][975]LogModuleManager: Shutting down and abandoning module VariantManagerContentEditor (476)
[2026.05.08-16.40.51:402][975]LogModuleManager: Shutting down and abandoning module AlembicImporter (474)
[2026.05.08-16.40.51:402][975]LogModuleManager: Shutting down and abandoning module AlembicLibrary (473)
[2026.05.08-16.40.51:402][975]LogModuleManager: Shutting down and abandoning module GeometryCache (472)
[2026.05.08-16.40.51:402][975]LogModuleManager: Shutting down and abandoning module GeometryCacheEd (471)
[2026.05.08-16.40.51:402][975]LogModuleManager: Shutting down and abandoning module DatasmithContentEditor (466)
[2026.05.08-16.40.51:403][975]LogModuleManager: Shutting down and abandoning module NiagaraEditorWidgets (464)
[2026.05.08-16.40.51:404][975]LogModuleManager: Shutting down and abandoning module VisualStudioSourceCodeAccess (462)
[2026.05.08-16.40.51:404][975]LogModuleManager: Shutting down and abandoning module VisualStudioCodeSourceCodeAccess (460)
[2026.05.08-16.40.51:404][975]LogModuleManager: Shutting down and abandoning module UObjectPlugin (458)
[2026.05.08-16.40.51:404][975]LogModuleManager: Shutting down and abandoning module SubversionSourceControl (456)
[2026.05.08-16.40.51:405][975]LogModuleManager: Shutting down and abandoning module PlasticSourceControl (454)
[2026.05.08-16.40.51:406][975]LogModuleManager: Shutting down and abandoning module RiderSourceCodeAccess (452)
[2026.05.08-16.40.51:406][975]LogModuleManager: Shutting down and abandoning module PluginUtils (450)
[2026.05.08-16.40.51:406][975]LogModuleManager: Shutting down and abandoning module PerforceSourceControl (448)
[2026.05.08-16.40.51:407][975]LogModuleManager: Shutting down and abandoning module GitSourceControl (446)
[2026.05.08-16.40.51:407][975]LogModuleManager: Shutting down and abandoning module SourceControl (445)
[2026.05.08-16.40.51:407][975]LogModuleManager: Shutting down and abandoning module CLionSourceCodeAccess (442)
[2026.05.08-16.40.51:407][975]LogModuleManager: Shutting down and abandoning module AnimationSharingEd (440)
[2026.05.08-16.40.51:408][975]LogModuleManager: Shutting down and abandoning module OodleNetworkHandlerComponent (438)
[2026.05.08-16.40.51:408][975]LogModuleManager: Shutting down and abandoning module LightPropagationVolumeEditor (436)
[2026.05.08-16.40.51:408][975]LogModuleManager: Shutting down and abandoning module LiveLinkSequencer (434)
[2026.05.08-16.40.51:408][975]LogModuleManager: Shutting down and abandoning module LiveLinkMovieScene (432)
[2026.05.08-16.40.51:408][975]LogModuleManager: Shutting down and abandoning module LiveLinkGraphNode (430)
[2026.05.08-16.40.51:408][975]LogModuleManager: Shutting down and abandoning module LiveLinkEditor (428)
[2026.05.08-16.40.51:408][975]LogModuleManager: Shutting down and abandoning module LiveLinkComponents (426)
[2026.05.08-16.40.51:408][975]LogModuleManager: Shutting down and abandoning module LiveLink (424)
[2026.05.08-16.40.52:395][975]LogModuleManager: Shutting down and abandoning module PaperTiledImporter (422)
[2026.05.08-16.40.52:395][975]LogModuleManager: Shutting down and abandoning module PaperSpriteSheetImporter (420)
[2026.05.08-16.40.52:395][975]LogModuleManager: Shutting down and abandoning module Paper2DEditor (418)
[2026.05.08-16.40.52:397][975]LogModuleManager: Shutting down and abandoning module MeshPaintingToolset (416)
[2026.05.08-16.40.52:397][975]LogModuleManager: Shutting down and abandoning module MeshPaintEditorMode (414)
[2026.05.08-16.40.52:397][975]LogModuleManager: Shutting down and abandoning module FacialAnimationEditor (410)
[2026.05.08-16.40.52:397][975]LogModuleManager: Shutting down and abandoning module FacialAnimation (408)
[2026.05.08-16.40.52:397][975]LogModuleManager: Shutting down and abandoning module SoundFields (406)
[2026.05.08-16.40.52:397][975]LogModuleManager: Shutting down and abandoning module RuntimePhysXCooking (404)
[2026.05.08-16.40.52:397][975]LogModuleManager: Shutting down and abandoning module SignificanceManager (402)
[2026.05.08-16.40.52:397][975]LogModuleManager: Shutting down and abandoning module PropertyAccessEditor (400)
[2026.05.08-16.40.52:398][975]LogModuleManager: Shutting down and abandoning module PhysXVehiclesEditor (398)
[2026.05.08-16.40.52:398][975]LogModuleManager: Shutting down and abandoning module LocationServicesBPLibrary (394)
[2026.05.08-16.40.52:398][975]LogModuleManager: Shutting down and abandoning module UdpMessaging (392)
[2026.05.08-16.40.52:499][975]LogModuleManager: Shutting down and abandoning module AudioSynesthesia (390)
[2026.05.08-16.40.52:499][975]LogModuleManager: Shutting down and abandoning module AudioSynesthesiaCore (388)
[2026.05.08-16.40.52:499][975]LogModuleManager: Shutting down and abandoning module TcpMessaging (386)
[2026.05.08-16.40.52:599][975]LogModuleManager: Shutting down and abandoning module ActorSequence (384)
[2026.05.08-16.40.52:599][975]LogModuleManager: Shutting down and abandoning module ImgMediaEngine (382)
[2026.05.08-16.40.52:599][975]LogModuleManager: Shutting down and abandoning module MagicLeapARPin (380)
[2026.05.08-16.40.52:599][975]LogModuleManager: Shutting down and abandoning module PythonScriptPlugin (378)
[2026.05.08-16.40.52:599][975]LogModuleManager: Shutting down and abandoning module GameplayTagsEditor (376)
[2026.05.08-16.40.52:599][975]LogModuleManager: Shutting down and abandoning module MagicLeapHandMeshing (374)
[2026.05.08-16.40.52:599][975]LogModuleManager: Shutting down and abandoning module MagicLeapSecureStorage (372)
[2026.05.08-16.40.52:599][975]LogModuleManager: Shutting down and abandoning module MagicLeapPrivileges (370)
[2026.05.08-16.40.52:599][975]LogModuleManager: Shutting down and abandoning module MagicLeapPlanes (368)
[2026.05.08-16.40.52:600][975]LogMagicLeapPlanes: Planes tracker already destroyed.
[2026.05.08-16.40.52:600][975]LogModuleManager: Shutting down and abandoning module MagicLeapImageTracker (366)
[2026.05.08-16.40.52:600][975]LogModuleManager: Shutting down and abandoning module MagicLeapIdentity (364)
[2026.05.08-16.40.52:600][975]LogModuleManager: Shutting down and abandoning module MagicLeapHandTracking (362)
[2026.05.08-16.40.52:600][975]LogModuleManager: Shutting down and abandoning module MagicLeapEyeTracker (360)
[2026.05.08-16.40.52:600][975]LogModuleManager: Shutting down and abandoning module MagicLeapController (358)
[2026.05.08-16.40.52:600][975]LogModuleManager: Shutting down and abandoning module MagicLeapARPinImpl (356)
[2026.05.08-16.40.52:600][975]LogModuleManager: Shutting down and abandoning module MagicLeapAR (354)
[2026.05.08-16.40.52:600][975]LogModuleManager: Shutting down and abandoning module DataValidation (352)
[2026.05.08-16.40.52:600][975]LogModuleManager: Shutting down and abandoning module AssetManagerEditor (350)
[2026.05.08-16.40.52:601][975]LogModuleManager: Shutting down and abandoning module LevelEditor (349)
[2026.05.08-16.40.52:605][975]LogModuleManager: Shutting down and abandoning module PixelInspectorModule (348)
[2026.05.08-16.40.52:606][975]LogModuleManager: Shutting down and abandoning module CommonMenuExtensions (346)
[2026.05.08-16.40.52:606][975]LogModuleManager: Shutting down and abandoning module MainFrame (344)
[2026.05.08-16.40.52:606][975]LogModuleManager: Shutting down and abandoning module HotReload (343)
[2026.05.08-16.40.52:607][975]LogModuleManager: Shutting down and abandoning module ToolMenus (339)
[2026.05.08-16.40.52:607][975]LogModuleManager: Shutting down and abandoning module TreeMap (337)
[2026.05.08-16.40.52:607][975]LogModuleManager: Shutting down and abandoning module NiagaraAnimNotifies (334)
[2026.05.08-16.40.52:607][975]LogModuleManager: Shutting down and abandoning module Niagara (332)
[2026.05.08-16.40.52:609][975]LogModuleManager: Shutting down and abandoning module SignalProcessing (331)
[2026.05.08-16.40.52:609][975]LogModuleManager: Shutting down and abandoning module NiagaraEditor (329)
[2026.05.08-16.40.52:610][975]LogModuleManager: Shutting down and abandoning module ContentBrowser (328)
[2026.05.08-16.40.52:610][975]LogModuleManager: Shutting down and abandoning module ContentBrowserData (327)
[2026.05.08-16.40.52:610][975]LogModuleManager: Shutting down and abandoning module NiagaraCore (322)
[2026.05.08-16.40.52:610][975]LogModuleManager: Shutting down and abandoning module PropertyAccessNode (320)
[2026.05.08-16.40.52:610][975]LogModuleManager: Shutting down and abandoning module AnimationSharing (318)
[2026.05.08-16.40.52:610][975]LogModuleManager: Shutting down and abandoning module GameplayCameras (316)
[2026.05.08-16.40.52:610][975]LogModuleManager: Shutting down and abandoning module LightPropagationVolumeRuntime (314)
[2026.05.08-16.40.52:610][975]LogModuleManager: Shutting down and abandoning module EnvironmentQueryEditor (312)
[2026.05.08-16.40.52:611][975]LogModuleManager: Shutting down and abandoning module Paper2D (310)
[2026.05.08-16.40.52:611][975]LogModuleManager: Shutting down and abandoning module WindowsMoviePlayer (308)
[2026.05.08-16.40.52:612][975]LogModuleManager: Shutting down and abandoning module WebMMoviePlayer (306)
[2026.05.08-16.40.52:613][975]LogModuleManager: Shutting down and abandoning module NetworkReplayStreaming (304)
[2026.05.08-16.40.52:613][975]LogModuleManager: Shutting down and abandoning module PacketHandler (302)
[2026.05.08-16.40.52:613][975]LogModuleManager: Shutting down and abandoning module ClothingSystemEditor (300)
[2026.05.08-16.40.52:613][975]LogModuleManager: Shutting down and abandoning module ClothingSystemRuntimeNv (298)
[2026.05.08-16.40.52:614][975]LogModuleManager: Shutting down and abandoning module MediaAssets (296)
[2026.05.08-16.40.52:614][975]LogModuleManager: Shutting down and abandoning module Overlay (294)
[2026.05.08-16.40.52:614][975]LogModuleManager: Shutting down and abandoning module OverlayEditor (293)
[2026.05.08-16.40.52:614][975]LogModuleManager: Shutting down and abandoning module VREditor (290)
[2026.05.08-16.40.52:614][975]LogModuleManager: Shutting down and abandoning module StringTableEditor (288)
[2026.05.08-16.40.52:615][975]LogModuleManager: Shutting down and abandoning module GameplayTasksEditor (286)
[2026.05.08-16.40.52:615][975]LogModuleManager: Shutting down and abandoning module BehaviorTreeEditor (284)
[2026.05.08-16.40.52:615][975]LogModuleManager: Shutting down and abandoning module FunctionalTesting (282)
[2026.05.08-16.40.52:615][975]LogModuleManager: Shutting down and abandoning module CollisionAnalyzer (280)
[2026.05.08-16.40.52:616][975]LogModuleManager: Shutting down and abandoning module WorkspaceMenuStructure (279)
[2026.05.08-16.40.52:616][975]LogModuleManager: Shutting down and abandoning module UMG (276)
[2026.05.08-16.40.52:616][975]LogModuleManager: Shutting down and abandoning module UMGEditor (275)
[2026.05.08-16.40.52:617][975]LogModuleManager: Shutting down and abandoning module MessageLog (273)
[2026.05.08-16.40.52:617][975]LogModuleManager: Shutting down and abandoning module SlateReflector (268)
[2026.05.08-16.40.52:619][975]LogModuleManager: Shutting down and abandoning module Slate (266)
[2026.05.08-16.40.52:619][975]LogModuleManager: Shutting down and abandoning module SlateCore (264)
[2026.05.08-16.40.52:620][975]LogModuleManager: Shutting down and abandoning module LandscapeEditorUtilities (262)
[2026.05.08-16.40.52:620][975]LogModuleManager: Shutting down and abandoning module UnrealEd (260)
[2026.05.08-16.40.52:620][975]LogModuleManager: Shutting down and abandoning module MRMesh (258)
[2026.05.08-16.40.52:620][975]LogModuleManager: Shutting down and abandoning module SourceCodeAccess (256)
[2026.05.08-16.40.52:620][975]LogModuleManager: Shutting down and abandoning module HeadMountedDisplay (254)
[2026.05.08-16.40.52:620][975]LogModuleManager: Shutting down and abandoning module XAudio2 (252)
[2026.05.08-16.40.52:620][975]LogModuleManager: Shutting down and abandoning module Networking (250)
[2026.05.08-16.40.52:620][975]LogModuleManager: Shutting down and abandoning module Core (248)
[2026.05.08-16.40.52:621][975]LogModuleManager: Shutting down and abandoning module MaterialEditor (246)
[2026.05.08-16.40.52:621][975]LogModuleManager: Shutting down and abandoning module MovieSceneTools (244)
[2026.05.08-16.40.52:622][975]LogModuleManager: Shutting down and abandoning module CurveEditor (243)
[2026.05.08-16.40.52:622][975]LogModuleManager: Shutting down and abandoning module Sequencer (241)
[2026.05.08-16.40.52:623][975]LogModuleManager: Shutting down and abandoning module EditorStyle (240)
[2026.05.08-16.40.52:625][975]LogModuleManager: Shutting down and abandoning module KismetCompiler (236)
[2026.05.08-16.40.52:625][975]LogModuleManager: Shutting down and abandoning module MeshBuilder (234)
[2026.05.08-16.40.52:626][975]LogModuleManager: Shutting down and abandoning module MeshUtilities (232)
[2026.05.08-16.40.52:626][975]LogModuleManager: Shutting down and abandoning module MeshMergeUtilities (231)
[2026.05.08-16.40.52:626][975]LogModuleManager: Shutting down and abandoning module MeshReductionInterface (230)
[2026.05.08-16.40.52:626][975]LogModuleManager: Shutting down and abandoning module MeshBoneReduction (229)
[2026.05.08-16.40.52:626][975]LogModuleManager: Shutting down and abandoning module SkeletalMeshReduction (227)
[2026.05.08-16.40.52:627][975]LogModuleManager: Shutting down and abandoning module ProxyLODMeshReduction (225)
[2026.05.08-16.40.52:627][975]LogModuleManager: Shutting down and abandoning module QuadricMeshReduction (223)
[2026.05.08-16.40.52:627][975]LogModuleManager: Shutting down and abandoning module MaterialBaking (219)
[2026.05.08-16.40.52:628][975]LogModuleManager: Shutting down and abandoning module NullInstallBundleManager (214)
[2026.05.08-16.40.52:628][975]LogModuleManager: Shutting down and abandoning module DerivedDataCache (212)
[2026.05.08-16.40.52:628][975]LogModuleManager: Shutting down and abandoning module TargetPlatform (210)
[2026.05.08-16.40.52:628][975]LogModuleManager: Shutting down and abandoning module VulkanShaderFormat (209)
[2026.05.08-16.40.52:629][975]LogModuleManager: Shutting down and abandoning module ShaderFormatVectorVM (207)
[2026.05.08-16.40.52:630][975]LogModuleManager: Shutting down and abandoning module ShaderFormatOpenGL (205)
[2026.05.08-16.40.52:630][975]LogModuleManager: Shutting down and abandoning module ShaderFormatD3D (203)
[2026.05.08-16.40.52:630][975]LogModuleManager: Shutting down and abandoning module MetalShaderFormat (201)
[2026.05.08-16.40.52:631][975]LogModuleManager: Shutting down and abandoning module TextureFormatOodle (199)
[2026.05.08-16.40.52:631][975]LogModuleManager: Shutting down and abandoning module TextureFormatUncompressed (197)
[2026.05.08-16.40.52:631][975]LogModuleManager: Shutting down and abandoning module TextureFormatPVR (195)
[2026.05.08-16.40.52:631][975]LogModuleManager: Shutting down and abandoning module TextureFormatETC2 (193)
[2026.05.08-16.40.52:631][975]LogModuleManager: Shutting down and abandoning module TextureFormatDXT (191)
[2026.05.08-16.40.52:631][975]LogModuleManager: Shutting down and abandoning module TextureFormatIntelISPCTexComp (189)
[2026.05.08-16.40.52:632][975]LogModuleManager: Shutting down and abandoning module TextureFormatASTC (187)
[2026.05.08-16.40.52:632][975]LogModuleManager: Shutting down and abandoning module ImageWrapper (186)
[2026.05.08-16.40.52:632][975]LogModuleManager: Shutting down and abandoning module AudioFormatOpus (183)
[2026.05.08-16.40.52:632][975]LogModuleManager: Shutting down and abandoning module AudioFormatOgg (181)
[2026.05.08-16.40.52:632][975]LogModuleManager: Shutting down and abandoning module AudioFormatADPCM (179)
[2026.05.08-16.40.52:632][975]LogModuleManager: Shutting down and abandoning module WindowsServerTargetPlatform (177)
[2026.05.08-16.40.52:632][975]LogModuleManager: Shutting down and abandoning module WindowsClientTargetPlatform (175)
[2026.05.08-16.40.52:632][975]LogModuleManager: Shutting down and abandoning module WindowsTargetPlatform (173)
[2026.05.08-16.40.52:632][975]LogModuleManager: Shutting down and abandoning module WindowsNoEditorTargetPlatform (171)
[2026.05.08-16.40.52:632][975]LogModuleManager: Shutting down and abandoning module TVOSTargetPlatform (169)
[2026.05.08-16.40.52:636][975]LogModuleManager: Shutting down and abandoning module MacServerTargetPlatform (167)
[2026.05.08-16.40.52:636][975]LogModuleManager: Shutting down and abandoning module MacClientTargetPlatform (165)
[2026.05.08-16.40.52:636][975]LogModuleManager: Shutting down and abandoning module MacTargetPlatform (163)
[2026.05.08-16.40.52:636][975]LogModuleManager: Shutting down and abandoning module MacNoEditorTargetPlatform (161)
[2026.05.08-16.40.52:636][975]LogModuleManager: Shutting down and abandoning module LuminTargetPlatform (159)
[2026.05.08-16.40.52:641][975]LogModuleManager: Shutting down and abandoning module LinuxAArch64ServerTargetPlatform (157)
[2026.05.08-16.40.52:641][975]LogModuleManager: Shutting down and abandoning module LinuxAArch64ClientTargetPlatform (155)
[2026.05.08-16.40.52:641][975]LogModuleManager: Shutting down and abandoning module LinuxAArch64NoEditorTargetPlatform (153)
[2026.05.08-16.40.52:641][975]LogModuleManager: Shutting down and abandoning module LinuxServerTargetPlatform (151)
[2026.05.08-16.40.52:643][975]LogModuleManager: Shutting down and abandoning module LinuxClientTargetPlatform (149)
[2026.05.08-16.40.52:643][975]LogModuleManager: Shutting down and abandoning module LinuxNoEditorTargetPlatform (147)
[2026.05.08-16.40.52:643][975]LogModuleManager: Shutting down and abandoning module LinuxTargetPlatform (145)
[2026.05.08-16.40.52:643][975]LogModuleManager: Shutting down and abandoning module Messaging (143)
[2026.05.08-16.40.52:643][975]LogModuleManager: Shutting down and abandoning module IOSTargetPlatform (141)
[2026.05.08-16.40.52:646][975]LogModuleManager: Shutting down and abandoning module AndroidTargetPlatform (139)
[2026.05.08-16.40.52:664][975]LogModuleManager: Shutting down and abandoning module AllDesktopTargetPlatform (137)
[2026.05.08-16.40.52:664][975]LogModuleManager: Shutting down and abandoning module D3D11RHI (134)
[2026.05.08-16.40.52:664][975]LogModuleManager: Shutting down and abandoning module InputCore (132)
[2026.05.08-16.40.52:664][975]LogModuleManager: Shutting down and abandoning module Settings (130)
[2026.05.08-16.40.52:664][975]LogModuleManager: Shutting down and abandoning module DirectoryWatcher (128)
[2026.05.08-16.40.52:665][975]LogModuleManager: Shutting down and abandoning module PhysXCooking (126)
[2026.05.08-16.40.52:665][975]LogModuleManager: Shutting down and abandoning module Chaos (124)
[2026.05.08-16.40.52:665][975]LogModuleManager: Shutting down and abandoning module WindowsPlatformFeatures (122)
[2026.05.08-16.40.52:665][975]LogModuleManager: Shutting down and abandoning module GameplayMediaEncoder (121)
[2026.05.08-16.40.52:666][975]LogModuleManager: Shutting down and abandoning module AVEncoder (120)
[2026.05.08-16.40.52:666][975]LogModuleManager: Shutting down and abandoning module SteamVRInputDevice (116)
[2026.05.08-16.40.52:666][975]LogModuleManager: Shutting down and abandoning module SteamVRInput (114)
[2026.05.08-16.40.52:666][975]LogModuleManager: Shutting down and abandoning module SteamVR (112)
[2026.05.08-16.40.52:666][975]LogHMD: Freeing OpenVRDLLHandle.
[2026.05.08-16.40.52:666][975]LogModuleManager: Shutting down and abandoning module OculusHMD (110)
[2026.05.08-16.40.52:666][975]LogModuleManager: Shutting down and abandoning module OpenXRHandTracking (108)
[2026.05.08-16.40.52:667][975]LogSlate: Slate User Destroyed.  User Index 0, Is Virtual User: 0
[2026.05.08-16.40.52:667][975]LogModuleManager: Shutting down and abandoning module OpenXREyeTracker (106)
[2026.05.08-16.40.52:667][975]LogModuleManager: Shutting down and abandoning module OpenXRAR (104)
[2026.05.08-16.40.52:667][975]LogModuleManager: Shutting down and abandoning module AugmentedReality (103)
[2026.05.08-16.40.52:667][975]LogModuleManager: Shutting down and abandoning module OpenXRHMD (100)
[2026.05.08-16.40.52:669][975]LogModuleManager: Shutting down and abandoning module ExampleDeviceProfileSelector (98)
[2026.05.08-16.40.52:669][975]LogModuleManager: Shutting down and abandoning module ChunkDownloader (96)
[2026.05.08-16.40.52:669][975]LogModuleManager: Shutting down and abandoning module LauncherChunkInstaller (94)
[2026.05.08-16.40.52:669][975]LogModuleManager: Shutting down and abandoning module OnlineBlueprintSupport (92)
[2026.05.08-16.40.52:669][975]LogModuleManager: Shutting down and abandoning module OnlineSubsystem (88)
[2026.05.08-16.40.52:671][975]LogModuleManager: Shutting down and abandoning module XMPP (83)
[2026.05.08-16.40.52:672][975]LogModuleManager: Shutting down and abandoning module WebSockets (82)
[2026.05.08-16.40.52:690][975]LogModuleManager: Shutting down and abandoning module HTTP (79)
[2026.05.08-16.40.52:690][975]LogHttp: Display: Http module shutting down, but needs to wait on 1 outstanding Http requests:
[2026.05.08-16.40.52:690][975]LogHttp: Display: 	verb=[POST] url=[https://datarouter.ol.epicgames.com/datarouter/api/v1/public/data?SessionID=%7B6A0A8B38-4C9F-5601-AC8E-3899F3705646%7D&AppID=UEEditor.Rocket.Release&AppVersion=4.27.2-18319896%2B%2B%2BUE4%2BRelease-4.27&UserID=d975ae6d41715b51fd3ecba185d3fc09%7C8a858a74adcc4c86aa7ca686176ab5bb%7C90f712fe-2f61-4f5c-8f94-fd0757457318&AppEnvironment=datacollector-binary&UploadType=eteventstream] refs=[1] status=Processing
[2026.05.08-16.40.52:690][975]LogHttp: Display: cleaning up 1 outstanding Http requests.
[2026.05.08-16.40.52:690][975]LogHttp: Warning: 0000025154513900: invalid HTTP response code received. URL: https://datarouter.ol.epicgames.com/datarouter/api/v1/public/data?SessionID=%7B6A0A8B38-4C9F-5601-AC8E-3899F3705646%7D&AppID=UEEditor.Rocket.Release&AppVersion=4.27.2-18319896%2B%2B%2BUE4%2BRelease-4.27&UserID=d975ae6d41715b51fd3ecba185d3fc09%7C8a858a74adcc4c86aa7ca686176ab5bb%7C90f712fe-2f61-4f5c-8f94-fd0757457318&AppEnvironment=datacollector-binary&UploadType=eteventstream, HTTP code: 0, content length: 0, actual payload size: 0
[2026.05.08-16.40.52:690][975]LogHttp: Warning: 0000025154513900: request failed, libcurl error: 60 (Peer certificate cannot be authenticated with given CA certificates)
[2026.05.08-16.40.52:690][975]LogHttp: Warning: 0000025154513900: libcurl info message cache 0 (Connection 22 seems to be dead!)
[2026.05.08-16.40.52:690][975]LogHttp: Warning: 0000025154513900: libcurl info message cache 1 (Closing connection 22)
[2026.05.08-16.40.52:690][975]LogHttp: Warning: 0000025154513900: libcurl info message cache 2 (TLSv1.3 (OUT), TLS Unknown, Unknown (21):)
[2026.05.08-16.40.52:690][975]LogHttp: Warning: 0000025154513900: libcurl info message cache 3 (  Trying 34.236.56.225...)
[2026.05.08-16.40.52:690][975]LogHttp: Warning: 0000025154513900: libcurl info message cache 4 (TCP_NODELAY set)
[2026.05.08-16.40.52:690][975]LogHttp: Warning: 0000025154513900: libcurl info message cache 5 (Connected to datarouter.ol.epicgames.com (34.236.56.225) port 443 (#23))
[2026.05.08-16.40.52:690][975]LogHttp: Warning: 0000025154513900: libcurl info message cache 6 (ALPN, offering http/1.1)
[2026.05.08-16.40.52:690][975]LogHttp: Warning: 0000025154513900: libcurl info message cache 7 (Cipher selection: ALL:!EXPORT:!EXPORT40:!EXPORT56:!aNULL:!LOW:!RC4:@STRENGTH)
[2026.05.08-16.40.52:690][975]LogHttp: Warning: 0000025154513900: libcurl info message cache 8 (SSL re-using session ID)
[2026.05.08-16.40.52:690][975]LogHttp: Warning: 0000025154513900: libcurl info message cache 9 (TLSv1.3 (OUT), TLS handshake, Client hello (1):)
[2026.05.08-16.40.52:690][975]LogHttp: Warning: 0000025154513900: libcurl info message cache 10 (TLSv1.3 (IN), TLS handshake, Server hello (2):)
[2026.05.08-16.40.52:690][975]LogHttp: Warning: 0000025154513900: libcurl info message cache 11 (TLSv1.2 (IN), TLS handshake, Certificate (11):)
[2026.05.08-16.40.52:690][975]LogHttp: Warning: 0000025154513900: libcurl info message cache 12 (TLSv1.2 (OUT), TLS alert, Server hello (2):)
[2026.05.08-16.40.52:690][975]LogHttp: Warning: 0000025154513900: libcurl info message cache 13 (SSL certificate problem: self signed certificate in certificate chain)
[2026.05.08-16.40.52:690][975]LogHttp: Warning: 0000025154513900: libcurl info message cache 14 (Closing connection 23)
[2026.05.08-16.40.52:725][975]LogModuleManager: Shutting down and abandoning module SSL (78)
[2026.05.08-16.40.52:727][975]LogModuleManager: Shutting down and abandoning module WmfMedia (74)
[2026.05.08-16.40.52:729][975]LogModuleManager: Shutting down and abandoning module Media (73)
[2026.05.08-16.40.52:731][975]LogModuleManager: Shutting down and abandoning module MediaInfo (72)
[2026.05.08-16.40.52:731][975]LogModuleManager: Shutting down and abandoning module ExrReaderGpu (68)
[2026.05.08-16.40.52:731][975]LogModuleManager: Shutting down and abandoning module MLSDK (66)
[2026.05.08-16.40.52:731][975]LogModuleManager: Shutting down and abandoning module MagicLeap (64)
[2026.05.08-16.40.52:731][975]LogModuleManager: Shutting down and abandoning module ChaosCloth (62)
[2026.05.08-16.40.52:731][975]LogModuleManager: Shutting down and abandoning module VariantManagerContent (60)
[2026.05.08-16.40.52:731][975]LogModuleManager: Shutting down and abandoning module DatasmithContent (58)
[2026.05.08-16.40.52:731][975]LogModuleManager: Shutting down and abandoning module NiagaraVertexFactories (56)
[2026.05.08-16.40.52:731][975]LogModuleManager: Shutting down and abandoning module NiagaraShader (54)
[2026.05.08-16.40.52:731][975]LogModuleManager: Shutting down and abandoning module PixWinPlugin (52)
[2026.05.08-16.40.52:732][975]LogModuleManager: Shutting down and abandoning module AISupportModule (50)
[2026.05.08-16.40.52:732][975]LogModuleManager: Shutting down and abandoning module DesktopPlatform (48)
[2026.05.08-16.40.52:732][975]LogModuleManager: Shutting down and abandoning module PythonScriptPluginPreload (46)
[2026.05.08-16.40.52:732][975]LogModuleManager: Shutting down and abandoning module PlatformCryptoOpenSSL (44)
[2026.05.08-16.40.52:732][975]LogModuleManager: Shutting down and abandoning module PlatformCryptoTypes (42)
[2026.05.08-16.40.52:732][975]LogModuleManager: Shutting down and abandoning module PlatformCrypto (40)
[2026.05.08-16.40.52:732][975]LogModuleManager: Shutting down and abandoning module OodleDataCompressionFormat (38)
[2026.05.08-16.40.52:732][975]LogModuleManager: Shutting down and abandoning module XGEController (36)
[2026.05.08-16.40.52:732][975]LogModuleManager: Shutting down and abandoning module AnimationModifiers (34)
[2026.05.08-16.40.52:732][975]LogModuleManager: Shutting down and abandoning module AudioEditor (32)
[2026.05.08-16.40.52:734][975]LogModuleManager: Shutting down and abandoning module PropertyEditor (31)
[2026.05.08-16.40.52:734][975]LogModuleManager: Shutting down and abandoning module TextureCompressor (28)
[2026.05.08-16.40.52:734][975]LogModuleManager: Shutting down and abandoning module RenderCore (26)
[2026.05.08-16.40.52:734][975]LogModuleManager: Shutting down and abandoning module Landscape (24)
[2026.05.08-16.40.52:734][975]LogModuleManager: Shutting down and abandoning module SlateRHIRenderer (22)
[2026.05.08-16.40.52:736][975]LogModuleManager: Shutting down and abandoning module AnimGraphRuntime (20)
[2026.05.08-16.40.52:736][975]LogModuleManager: Shutting down and abandoning module Renderer (18)
[2026.05.08-16.40.52:736][975]LogModuleManager: Shutting down and abandoning module Engine (16)
[2026.05.08-16.40.52:737][975]LogModuleManager: Shutting down and abandoning module CoreUObject (14)
[2026.05.08-16.40.52:737][975]LogModuleManager: Shutting down and abandoning module NetworkFile (12)
[2026.05.08-16.40.52:737][975]LogModuleManager: Shutting down and abandoning module CookedIterativeFile (10)
[2026.05.08-16.40.52:737][975]LogModuleManager: Shutting down and abandoning module StreamingFile (8)
[2026.05.08-16.40.52:737][975]LogModuleManager: Shutting down and abandoning module SandboxFile (6)
[2026.05.08-16.40.52:737][975]LogModuleManager: Shutting down and abandoning module PakFile (4)
[2026.05.08-16.40.52:737][975]LogModuleManager: Shutting down and abandoning module RSA (3)
[2026.05.08-16.40.52:738][975]LogContentStreaming: Display: There are 1 unreleased StreamingManagers
[2026.05.08-16.40.52:763][975]LogD3D11RHI: Shutdown
[2026.05.08-16.40.52:763][975]LogD3D11RHI: CleanupD3DDevice
[2026.05.08-16.40.52:767][975]LogExit: Exiting.
[2026.05.08-16.40.52:774][975]Log file closed, 05/08/26 12:40:52
