Log file open, 05/08/26 12:41:08
LogWindows: Failed to load 'aqProf.dll' (GetLastError=126)
LogWindows: File 'aqProf.dll' does not exist
LogWindows: Failed to load 'VtuneApi.dll' (GetLastError=126)
LogWindows: File 'VtuneApi.dll' does not exist
LogWindows: Failed to load 'VtuneApi32e.dll' (GetLastError=126)
LogWindows: File 'VtuneApi32e.dll' does not exist
LogConsoleResponse: Display: Failed to find resolution value strings in scalability ini. Falling back to default.
LogConsoleResponse: Display: Failed to find resolution value strings in scalability ini. Falling back to default.
LogInit: Display: Running engine for game: Facade
LogPlatformFile: Not using cached read wrapper
LogTaskGraph: Started task graph with 5 named threads and 35 total threads with 3 sets of task threads.
LogStats: Stats thread started at 0.206952
LogICUInternationalization: ICU TimeZone Detection - Raw Offset: -4:00, Platform Override: ''
LogInit: Display: Loading text-based GConfig....
LogPluginManager: Mounting plugin MeshPainting
LogPluginManager: Mounting plugin XGEController
LogPluginManager: Mounting plugin Paper2D
LogPluginManager: Mounting plugin AISupport
LogPluginManager: Mounting plugin EnvironmentQueryEditor
LogPluginManager: Mounting plugin LiveLink
LogPluginManager: Mounting plugin GameplayCameras
LogPluginManager: Mounting plugin CameraShakePreviewer
LogPluginManager: Mounting plugin OodleData
LogPluginManager: Mounting plugin AssetManagerEditor
LogPluginManager: Mounting plugin OodleNetwork
LogPluginManager: Mounting plugin LightPropagationVolume
LogPluginManager: Mounting plugin CryptoKeys
LogPluginManager: Mounting plugin CurveEditorTools
LogPluginManager: Mounting plugin DataValidation
LogPluginManager: Mounting plugin GeometryMode
LogPluginManager: Mounting plugin MaterialAnalyzer
LogPluginManager: Mounting plugin FacialAnimation
LogPluginManager: Mounting plugin MacGraphicsSwitching
LogPluginManager: Mounting plugin PluginBrowser
LogPluginManager: Mounting plugin MobileLauncherProfileWizard
LogPluginManager: Mounting plugin SpeedTreeImporter
LogPluginManager: Mounting plugin GameplayTagsEditor
LogPluginManager: Mounting plugin AnimationSharing
LogPluginManager: Mounting plugin CLionSourceCodeAccess
LogPluginManager: Mounting plugin CodeLiteSourceCodeAccess
LogPluginManager: Mounting plugin KDevelopSourceCodeAccess
LogPluginManager: Mounting plugin PerforceSourceControl
LogPluginManager: Mounting plugin NullSourceCodeAccess
LogPluginManager: Mounting plugin GitSourceControl
LogPluginManager: Mounting plugin PlasticSourceControl
LogPluginManager: Mounting plugin PluginUtils
LogPluginManager: Mounting plugin PropertyAccessNode
LogPluginManager: Mounting plugin PixWinPlugin
LogPluginManager: Mounting plugin SubversionSourceControl
LogPluginManager: Mounting plugin RiderSourceCodeAccess
LogPluginManager: Mounting plugin TextureFormatOodle
LogPluginManager: Mounting plugin VisualStudioSourceCodeAccess
LogPluginManager: Mounting plugin UObjectPlugin
LogPluginManager: Mounting plugin VisualStudioCodeSourceCodeAccess
LogPluginManager: Mounting plugin XCodeSourceCodeAccess
LogPluginManager: Mounting plugin Niagara
LogPluginManager: Mounting plugin DatasmithContent
LogPluginManager: Mounting plugin AlembicImporter
LogPluginManager: Mounting plugin VariantManagerContent
LogPluginManager: Mounting plugin AutomationUtils
LogPluginManager: Mounting plugin BackChannel
LogPluginManager: Mounting plugin ChaosCloth
LogPluginManager: Mounting plugin ChaosSolverPlugin
LogPluginManager: Mounting plugin ChaosClothEditor
LogPluginManager: Mounting plugin ChaosNiagara
LogPluginManager: Mounting plugin CharacterAI
LogPluginManager: Mounting plugin ChaosEditor
LogPluginManager: Mounting plugin GeometryCache
LogPluginManager: Mounting plugin LuminPlatformFeatures
LogPluginManager: Mounting plugin GeometryCollectionPlugin
LogPluginManager: Mounting plugin MagicLeap
LogPluginManager: Mounting plugin MagicLeapLightEstimation
LogPluginManager: Mounting plugin MagicLeapMedia
LogPluginManager: Mounting plugin MagicLeapPassableWorld
LogPluginManager: Mounting plugin GeometryProcessing
LogPluginManager: Mounting plugin MLSDK
LogPluginManager: Mounting plugin AndroidMedia
LogPluginManager: Mounting plugin AvfMedia
LogPluginManager: Mounting plugin ImgMedia
LogPluginManager: Mounting plugin MediaCompositing
LogPluginManager: Mounting plugin MediaPlayerEditor
LogPluginManager: Mounting plugin WmfMedia
LogPluginManager: Mounting plugin WebMMedia
LogPluginManager: Mounting plugin MotoSynth
LogPluginManager: Mounting plugin OpenImageDenoise
LogPluginManager: Mounting plugin PlanarCut
LogPluginManager: Mounting plugin ProxyLODPlugin
LogPluginManager: Mounting plugin PlatformCrypto
LogPluginManager: Mounting plugin PythonScriptPlugin
LogPluginManager: Mounting plugin SkeletalReduction
LogPluginManager: Mounting plugin UdpMessaging
LogPluginManager: Mounting plugin LevelSequenceEditor
LogPluginManager: Mounting plugin ActorSequence
LogPluginManager: Mounting plugin TcpMessaging
LogPluginManager: Mounting plugin MatineeToLevelSequence
LogPluginManager: Mounting plugin TemplateSequence
LogPluginManager: Mounting plugin OnlineSubsystem
LogPluginManager: Mounting plugin OnlineSubsystemNull
LogPluginManager: Mounting plugin OnlineSubsystemUtils
LogPluginManager: Mounting plugin LauncherChunkInstaller
LogPluginManager: Mounting plugin AndroidDeviceProfileSelector
LogPluginManager: Mounting plugin ActorLayerUtilities
LogPluginManager: Mounting plugin AndroidMoviePlayer
LogPluginManager: Mounting plugin AndroidPermission
LogPluginManager: Mounting plugin AppleMoviePlayer
LogPluginManager: Mounting plugin AppleImageUtils
LogPluginManager: Mounting plugin ArchVisCharacter
LogPluginManager: Mounting plugin AudioCapture
LogPluginManager: Mounting plugin AssetTags
LogPluginManager: Mounting plugin AudioSynesthesia
LogPluginManager: Mounting plugin CableComponent
LogPluginManager: Mounting plugin CustomMeshComponent
LogPluginManager: Mounting plugin ChunkDownloader
LogPluginManager: Mounting plugin ExampleDeviceProfileSelector
LogPluginManager: Mounting plugin EditableMesh
LogPluginManager: Mounting plugin GoogleCloudMessaging
LogPluginManager: Mounting plugin GooglePAD
LogPluginManager: Mounting plugin IOSDeviceProfileSelector
LogPluginManager: Mounting plugin LinuxDeviceProfileSelector
LogPluginManager: Mounting plugin ScreenshotTools
LogPluginManager: Mounting plugin LocationServicesBPLibrary
LogPluginManager: Mounting plugin MobilePatchingUtils
LogPluginManager: Mounting plugin OpenXREyeTracker
LogPluginManager: Mounting plugin OpenXRHandTracking
LogPluginManager: Mounting plugin OpenXR
LogPluginManager: Mounting plugin PhysXVehicles
LogPluginManager: Mounting plugin PostSplashScreen
LogPluginManager: Mounting plugin ProceduralMeshComponent
LogPluginManager: Mounting plugin PropertyAccessEditor
LogPluginManager: Mounting plugin SignificanceManager
LogPluginManager: Mounting plugin RuntimePhysXCooking
LogPluginManager: Mounting plugin SoundFields
LogPluginManager: Mounting plugin Synthesis
LogPluginManager: Mounting plugin WebMMoviePlayer
LogPluginManager: Mounting plugin WindowsMoviePlayer
LogPluginManager: Mounting plugin Takes
LogPluginManager: Mounting plugin ContentBrowserAssetDataSource
LogPluginManager: Mounting plugin ContentBrowserClassDataSource
LogPluginManager: Mounting plugin ContentBrowserFileDataSource
LogPluginManager: Mounting plugin OnlineSubsystemIOS
LogPluginManager: Mounting plugin OnlineSubsystemGooglePlay
LogPluginManager: Mounting plugin OculusVR
LogPluginManager: Mounting plugin SteamVR
PixWinPlugin: PIX capture plugin failed to initialize! Check that the process is launched from PIX.
LogInit: Using libcurl 7.55.1-DEV
LogInit:  - built for x86_64-pc-win32
LogInit:  - supports SSL with OpenSSL/1.1.1
LogInit:  - supports HTTP deflate (compression) using libz 1.2.8
LogInit:  - other features:
LogInit:      CURL_VERSION_SSL
LogInit:      CURL_VERSION_LIBZ
LogInit:      CURL_VERSION_IPV6
LogInit:      CURL_VERSION_ASYNCHDNS
LogInit:      CURL_VERSION_LARGEFILE
LogInit:      CURL_VERSION_IDN
LogInit:  CurlRequestOptions (configurable via config and command line):
LogInit:  - bVerifyPeer = true  - Libcurl will verify peer certificate
LogInit:  - bUseHttpProxy = false  - Libcurl will NOT use HTTP proxy
LogInit:  - bDontReuseConnections = false  - Libcurl will reuse connections
LogInit:  - MaxHostConnections = 16  - Libcurl will limit the number of connections to a host
LogInit:  - LocalHostAddr = Default
LogInit:  - BufferSize = 65536
LogOnline: OSS: Creating online subsystem instance for: NULL
LogInit: WinSock: version 1.1 (2.2), MaxSocks=32767, MaxUdp=65467
LogOnline: OSS: TryLoadSubsystemAndSetDefault: Loaded subsystem for module [NULL]
LogOculusPluginWrapper: OculusPlugin initialized successfully
LogHMD: Failed initializing OVRPlugin 1.59.0
LogInit: Build: ++UE4+Release-4.27-CL-18319896
LogInit: Engine Version: 4.27.2-18319896+++UE4+Release-4.27
LogInit: Compatible Engine Version: 4.27.0-17155196+++UE4+Release-4.27
LogInit: Net CL: 17155196
LogInit: OS: Windows 10 (Release 2009) (), CPU: AMD Ryzen 7 7445HS w/ Radeon 740M Graphics     , GPU: AMD Radeon 740M Graphics
LogInit: Compiled (64-bit): Nov 30 2021 07:12:08
LogInit: Compiled with Visual C++: 19.24.28315.00
LogInit: Build Configuration: Development
LogInit: Branch Name: ++UE4+Release-4.27
LogInit: Command Line: 
LogInit: Base Directory: C:/Program Files/Epic Games/UE_4.27/Engine/Binaries/Win64/
LogInit: Allocator: TBB
LogInit: Installed Engine Build: 1
LogDevObjectVersion: Number of dev versions registered: 29
LogDevObjectVersion:   Dev-Blueprints (B0D832E4-1F89-4F0D-ACCF-7EB736FD4AA2): 10
LogDevObjectVersion:   Dev-Build (E1C64328-A22C-4D53-A36C-8E866417BD8C): 0
LogDevObjectVersion:   Dev-Core (375EC13C-06E4-48FB-B500-84F0262A717E): 4
LogDevObjectVersion:   Dev-Editor (E4B068ED-F494-42E9-A231-DA0B2E46BB41): 40
LogDevObjectVersion:   Dev-Framework (CFFC743F-43B0-4480-9391-14DF171D2073): 37
LogDevObjectVersion:   Dev-Mobile (B02B49B5-BB20-44E9-A304-32B752E40360): 3
LogDevObjectVersion:   Dev-Networking (A4E4105C-59A1-49B5-A7C5-40C4547EDFEE): 0
LogDevObjectVersion:   Dev-Online (39C831C9-5AE6-47DC-9A44-9C173E1C8E7C): 0
LogDevObjectVersion:   Dev-Physics (78F01B33-EBEA-4F98-B9B4-84EACCB95AA2): 14
LogDevObjectVersion:   Dev-Platform (6631380F-2D4D-43E0-8009-CF276956A95A): 0
LogDevObjectVersion:   Dev-Rendering (12F88B9F-8875-4AFC-A67C-D90C383ABD29): 45
LogDevObjectVersion:   Dev-Sequencer (7B5AE74C-D270-4C10-A958-57980B212A5A): 13
LogDevObjectVersion:   Dev-VR (D7296918-1DD6-4BDD-9DE2-64A83CC13884): 3
LogDevObjectVersion:   Dev-LoadTimes (C2A15278-BFE7-4AFE-6C17-90FF531DF755): 1
LogDevObjectVersion:   Private-Geometry (6EACA3D4-40EC-4CC1-B786-8BED09428FC5): 3
LogDevObjectVersion:   Dev-AnimPhys (29E575DD-E0A3-4627-9D10-D276232CDCEA): 17
LogDevObjectVersion:   Dev-Anim (AF43A65D-7FD3-4947-9873-3E8ED9C1BB05): 15
LogDevObjectVersion:   Dev-ReflectionCapture (6B266CEC-1EC7-4B8F-A30B-E4D90942FC07): 1
LogDevObjectVersion:   Dev-Automation (0DF73D61-A23F-47EA-B727-89E90C41499A): 1
LogDevObjectVersion:   FortniteMain (601D1886-AC64-4F84-AA16-D3DE0DEAC7D6): 47
LogDevObjectVersion:   FortniteRelease (E7086368-6B23-4C58-8439-1B7016265E91): 1
LogDevObjectVersion:   Dev-Enterprise (9DFFBCD6-494F-0158-E221-12823C92A888): 10
LogDevObjectVersion:   Dev-Niagara (F2AED0AC-9AFE-416F-8664-AA7FFA26D6FC): 1
LogDevObjectVersion:   Dev-Destruction (174F1F0B-B4C6-45A5-B13F-2EE8D0FB917D): 10
LogDevObjectVersion:   Dev-Physics-Ext (35F94A83-E258-406C-A318-09F59610247C): 41
LogDevObjectVersion:   Dev-PhysicsMaterial-Chaos (B68FC16E-8B1B-42E2-B453-215C058844FE): 1
LogDevObjectVersion:   Dev-CineCamera (B2E18506-4273-CFC2-A54E-F4BB758BBA07): 1
LogDevObjectVersion:   Dev-VirtualProduction (64F58936-FD1B-42BA-BA96-7289D5D0FA4E): 1
LogDevObjectVersion:   Dev-MediaFramework (6F0ED827-A609-4895-9C91-998D90180EA4): 2
LogInit: Presizing for max 25165824 objects, including 0 objects not considered by GC, pre-allocating 0 bytes for permanent pool.
LogConfig: Applying CVar settings from Section [/Script/Engine.StreamingSettings] File [C:/Users/2026/Documents/Unreal Projects/Facade/Saved/Config/Windows/Engine.ini]
LogConfig: Setting CVar [[s.MinBulkDataSizeForAsyncLoading:131072]]
LogConfig: Setting CVar [[s.AsyncLoadingThreadEnabled:0]]
LogConfig: Setting CVar [[s.EventDrivenLoaderEnabled:1]]
LogConfig: Setting CVar [[s.WarnIfTimeLimitExceeded:0]]
LogConfig: Setting CVar [[s.TimeLimitExceededMultiplier:1.5]]
LogConfig: Setting CVar [[s.TimeLimitExceededMinTime:0.005]]
LogConfig: Setting CVar [[s.UseBackgroundLevelStreaming:1]]
LogConfig: Setting CVar [[s.PriorityAsyncLoadingExtraTime:15.0]]
LogConfig: Setting CVar [[s.LevelStreamingActorsUpdateTimeLimit:5.0]]
LogConfig: Setting CVar [[s.PriorityLevelStreamingActorsUpdateExtraTime:5.0]]
LogConfig: Setting CVar [[s.LevelStreamingComponentsRegistrationGranularity:10]]
LogConfig: Setting CVar [[s.UnregisterComponentsTimeLimit:1.0]]
LogConfig: Setting CVar [[s.LevelStreamingComponentsUnregistrationGranularity:5]]
LogConfig: Setting CVar [[s.FlushStreamingOnExit:1]]
LogInit: Object subsystem initialized
LogConfig: Setting CVar [[con.DebugEarlyDefault:1]]
LogConfig: Setting CVar [[r.setres:1280x720]]
[2026.05.08-16.41.08:442][  0]LogConfig: Setting CVar [[r.VSync:0]]
[2026.05.08-16.41.08:442][  0]LogConfig: Setting CVar [[r.RHICmdBypass:0]]
[2026.05.08-16.41.08:442][  0]LogConfig: Applying CVar settings from Section [/Script/Engine.RendererSettings] File [C:/Users/2026/Documents/Unreal Projects/Facade/Saved/Config/Windows/Engine.ini]
[2026.05.08-16.41.08:442][  0]LogConfig: Setting CVar [[r.GPUCrashDebugging:0]]
[2026.05.08-16.41.08:442][  0]LogConfig: Setting CVar [[r.Mobile.DisableVertexFog:1]]
[2026.05.08-16.41.08:442][  0]LogConfig: Setting CVar [[r.Shadow.CSM.MaxMobileCascades:2]]
[2026.05.08-16.41.08:442][  0]LogConfig: Setting CVar [[r.MobileMSAA:1]]
[2026.05.08-16.41.08:442][  0]LogConfig: Setting CVar [[r.Mobile.AllowDitheredLODTransition:0]]
[2026.05.08-16.41.08:442][  0]LogConfig: Setting CVar [[r.Mobile.AllowSoftwareOcclusion:0]]
[2026.05.08-16.41.08:442][  0]LogConfig: Setting CVar [[r.Mobile.VirtualTextures:0]]
[2026.05.08-16.41.08:442][  0]LogConfig: Setting CVar [[r.DiscardUnusedQuality:0]]
[2026.05.08-16.41.08:442][  0]LogConfig: Setting CVar [[r.AllowOcclusionQueries:1]]
[2026.05.08-16.41.08:442][  0]LogConfig: Setting CVar [[r.MinScreenRadiusForLights:0.030000]]
[2026.05.08-16.41.08:442][  0]LogConfig: Setting CVar [[r.MinScreenRadiusForDepthPrepass:0.030000]]
[2026.05.08-16.41.08:442][  0]LogConfig: Setting CVar [[r.MinScreenRadiusForCSMDepth:0.010000]]
[2026.05.08-16.41.08:442][  0]LogConfig: Setting CVar [[r.PrecomputedVisibilityWarning:0]]
[2026.05.08-16.41.08:442][  0]LogConfig: Setting CVar [[r.TextureStreaming:1]]
[2026.05.08-16.41.08:442][  0]LogConfig: Setting CVar [[Compat.UseDXT5NormalMaps:0]]
[2026.05.08-16.41.08:442][  0]LogConfig: Setting CVar [[r.VirtualTextures:0]]
[2026.05.08-16.41.08:442][  0]LogConfig: Setting CVar [[r.VT.EnableAutoImport:1]]
[2026.05.08-16.41.08:442][  0]LogConfig: Setting CVar [[r.VirtualTexturedLightmaps:0]]
[2026.05.08-16.41.08:442][  0]LogConfig: Setting CVar [[r.VT.TileSize:128]]
[2026.05.08-16.41.08:442][  0]LogConfig: Setting CVar [[r.VT.TileBorderSize:4]]
[2026.05.08-16.41.08:442][  0]LogConfig: Setting CVar [[r.vt.FeedbackFactor:16]]
[2026.05.08-16.41.08:442][  0]LogConfig: Setting CVar [[r.VT.EnableCompressZlib:1]]
[2026.05.08-16.41.08:442][  0]LogConfig: Setting CVar [[r.VT.EnableCompressCrunch:0]]
[2026.05.08-16.41.08:442][  0]LogConfig: Setting CVar [[r.ClearCoatNormal:0]]
[2026.05.08-16.41.08:442][  0]LogConfig: Setting CVar [[r.ReflectionCaptureResolution:128]]
[2026.05.08-16.41.08:442][  0]LogConfig: Setting CVar [[r.Mobile.ReflectionCaptureCompression:0]]
[2026.05.08-16.41.08:442][  0]LogConfig: Setting CVar [[r.ReflectionEnvironmentLightmapMixBasedOnRoughness:1]]
[2026.05.08-16.41.08:442][  0]LogConfig: Setting CVar [[r.ForwardShading:0]]
[2026.05.08-16.41.08:442][  0]LogConfig: Setting CVar [[r.VertexFoggingForOpaque:1]]
[2026.05.08-16.41.08:442][  0]LogConfig: Setting CVar [[r.AllowStaticLighting:1]]
[2026.05.08-16.41.08:443][  0]LogConfig: Setting CVar [[r.NormalMapsForStaticLighting:0]]
[2026.05.08-16.41.08:443][  0]LogConfig: Setting CVar [[r.GenerateMeshDistanceFields:0]]
[2026.05.08-16.41.08:443][  0]LogConfig: Setting CVar [[r.DistanceFieldBuild.EightBit:0]]
[2026.05.08-16.41.08:443][  0]LogConfig: Setting CVar [[r.GenerateLandscapeGIData:0]]
[2026.05.08-16.41.08:443][  0]LogConfig: Setting CVar [[r.DistanceFieldBuild.Compress:0]]
[2026.05.08-16.41.08:443][  0]LogConfig: Setting CVar [[r.TessellationAdaptivePixelsPerTriangle:48.000000]]
[2026.05.08-16.41.08:443][  0]LogConfig: Setting CVar [[r.SeparateTranslucency:1]]
[2026.05.08-16.41.08:443][  0]LogConfig: Setting CVar [[r.TranslucentSortPolicy:0]]
[2026.05.08-16.41.08:443][  0]LogConfig: Setting CVar [[vr.VRS.HMDFixedFoveationLevel:0]]
[2026.05.08-16.41.08:443][  0]LogConfig: Setting CVar [[r.CustomDepth:1]]
[2026.05.08-16.41.08:443][  0]LogConfig: Setting CVar [[r.CustomDepthTemporalAAJitter:1]]
[2026.05.08-16.41.08:443][  0]LogConfig: Setting CVar [[r.PostProcessing.PropagateAlpha:0]]
[2026.05.08-16.41.08:443][  0]LogConfig: Setting CVar [[r.DefaultFeature.Bloom:1]]
[2026.05.08-16.41.08:443][  0]LogConfig: Setting CVar [[r.DefaultFeature.AmbientOcclusion:1]]
[2026.05.08-16.41.08:443][  0]LogConfig: Setting CVar [[r.DefaultFeature.AmbientOcclusionStaticFraction:1]]
[2026.05.08-16.41.08:443][  0]LogConfig: Setting CVar [[r.DefaultFeature.AutoExposure:0]]
[2026.05.08-16.41.08:443][  0]LogConfig: Setting CVar [[r.DefaultFeature.AutoExposure.Method:0]]
[2026.05.08-16.41.08:443][  0]LogConfig: Setting CVar [[r.DefaultFeature.AutoExposure.Bias:1.000000]]
[2026.05.08-16.41.08:443][  0]LogConfig: Setting CVar [[r.DefaultFeature.AutoExposure.ExtendDefaultLuminanceRange:0]]
[2026.05.08-16.41.08:443][  0]LogConfig: Setting CVar [[r.UsePreExposure:1]]
[2026.05.08-16.41.08:443][  0]LogConfig: Setting CVar [[r.EyeAdaptation.EditorOnly:0]]
[2026.05.08-16.41.08:443][  0]LogConfig: Setting CVar [[r.DefaultFeature.MotionBlur:0]]
[2026.05.08-16.41.08:443][  0]LogConfig: Setting CVar [[r.DefaultFeature.LensFlare:0]]
[2026.05.08-16.41.08:443][  0]LogConfig: Setting CVar [[r.TemporalAA.Upsampling:0]]
[2026.05.08-16.41.08:443][  0]LogConfig: Setting CVar [[r.SSGI.Enable:0]]
[2026.05.08-16.41.08:443][  0]LogConfig: Setting CVar [[r.DefaultFeature.AntiAliasing:0]]
[2026.05.08-16.41.08:443][  0]LogConfig: Setting CVar [[r.DefaultFeature.LightUnits:1]]
[2026.05.08-16.41.08:443][  0]LogConfig: Setting CVar [[r.DefaultBackBufferPixelFormat:4]]
[2026.05.08-16.41.08:443][  0]LogConfig: Setting CVar [[r.Shadow.UnbuiltPreviewInGame:1]]
[2026.05.08-16.41.08:443][  0]LogConfig: Setting CVar [[r.StencilForLODDither:0]]
[2026.05.08-16.41.08:443][  0]LogConfig: Setting CVar [[r.EarlyZPass:3]]
[2026.05.08-16.41.08:443][  0]LogConfig: Setting CVar [[r.EarlyZPassOnlyMaterialMasking:0]]
[2026.05.08-16.41.08:443][  0]LogConfig: Setting CVar [[r.DBuffer:1]]
[2026.05.08-16.41.08:443][  0]LogConfig: Setting CVar [[r.ClearSceneMethod:1]]
[2026.05.08-16.41.08:443][  0]LogConfig: Setting CVar [[r.BasePassOutputsVelocity:0]]
[2026.05.08-16.41.08:443][  0]LogConfig: Setting CVar [[r.VertexDeformationOutputsVelocity:0]]
[2026.05.08-16.41.08:443][  0]LogConfig: Setting CVar [[r.SelectiveBasePassOutputs:0]]
[2026.05.08-16.41.08:443][  0]LogConfig: Setting CVar [[fx.GPUSimulationTextureSizeX:1024]]
[2026.05.08-16.41.08:443][  0]LogConfig: Setting CVar [[fx.GPUSimulationTextureSizeY:1024]]
[2026.05.08-16.41.08:443][  0]LogConfig: Setting CVar [[r.AllowGlobalClipPlane:0]]
[2026.05.08-16.41.08:443][  0]LogConfig: Setting CVar [[r.GBufferFormat:1]]
[2026.05.08-16.41.08:443][  0]LogConfig: Setting CVar [[r.MorphTarget.Mode:1]]
[2026.05.08-16.41.08:443][  0]LogConfig: Setting CVar [[vr.InstancedStereo:0]]
[2026.05.08-16.41.08:443][  0]LogConfig: Setting CVar [[r.MobileHDR:1]]
[2026.05.08-16.41.08:443][  0]LogConfig: Setting CVar [[vr.MobileMultiView:0]]
[2026.05.08-16.41.08:443][  0]LogConfig: Setting CVar [[r.Mobile.UseHWsRGBEncoding:0]]
[2026.05.08-16.41.08:443][  0]LogConfig: Setting CVar [[vr.RoundRobinOcclusion:0]]
[2026.05.08-16.41.08:443][  0]LogConfig: Setting CVar [[vr.ODSCapture:0]]
[2026.05.08-16.41.08:443][  0]LogConfig: Setting CVar [[r.MeshStreaming:0]]
[2026.05.08-16.41.08:443][  0]LogConfig: Setting CVar [[r.WireframeCullThreshold:5.000000]]
[2026.05.08-16.41.08:443][  0]LogConfig: Setting CVar [[r.RayTracing:0]]
[2026.05.08-16.41.08:443][  0]LogConfig: Setting CVar [[r.RayTracing.UseTextureLod:0]]
[2026.05.08-16.41.08:443][  0]LogConfig: Setting CVar [[r.SupportStationarySkylight:1]]
[2026.05.08-16.41.08:443][  0]LogConfig: Setting CVar [[r.SupportLowQualityLightmaps:1]]
[2026.05.08-16.41.08:443][  0]LogConfig: Setting CVar [[r.SupportPointLightWholeSceneShadows:1]]
[2026.05.08-16.41.08:443][  0]LogConfig: Setting CVar [[r.SupportAtmosphericFog:1]]
[2026.05.08-16.41.08:443][  0]LogConfig: Setting CVar [[r.SupportSkyAtmosphere:1]]
[2026.05.08-16.41.08:443][  0]LogConfig: Setting CVar [[r.SupportSkyAtmosphereAffectsHeightFog:0]]
[2026.05.08-16.41.08:443][  0]LogConfig: Setting CVar [[r.SkinCache.CompileShaders:0]]
[2026.05.08-16.41.08:443][  0]LogConfig: Setting CVar [[r.SkinCache.DefaultBehavior:1]]
[2026.05.08-16.41.08:443][  0]LogConfig: Setting CVar [[r.SkinCache.SceneMemoryLimitInMB:128.000000]]
[2026.05.08-16.41.08:443][  0]LogConfig: Setting CVar [[r.Mobile.EnableStaticAndCSMShadowReceivers:1]]
[2026.05.08-16.41.08:443][  0]LogConfig: Setting CVar [[r.Mobile.EnableMovableLightCSMShaderCulling:1]]
[2026.05.08-16.41.08:443][  0]LogConfig: Setting CVar [[r.Mobile.AllowDistanceFieldShadows:1]]
[2026.05.08-16.41.08:443][  0]LogConfig: Setting CVar [[r.Mobile.AllowMovableDirectionalLights:1]]
[2026.05.08-16.41.08:443][  0]LogConfig: Setting CVar [[r.MobileNumDynamicPointLights:4]]
[2026.05.08-16.41.08:443][  0]LogConfig: Setting CVar [[r.MobileDynamicPointLightsUseStaticBranch:1]]
[2026.05.08-16.41.08:443][  0]LogConfig: Setting CVar [[r.Mobile.EnableMovableSpotlights:0]]
[2026.05.08-16.41.08:443][  0]LogConfig: Setting CVar [[r.Mobile.EnableMovableSpotlightsShadow:0]]
[2026.05.08-16.41.08:443][  0]LogConfig: Setting CVar [[r.GPUSkin.Support16BitBoneIndex:0]]
[2026.05.08-16.41.08:443][  0]LogConfig: Setting CVar [[r.GPUSkin.Limit2BoneInfluences:0]]
[2026.05.08-16.41.08:443][  0]LogConfig: Setting CVar [[r.SupportDepthOnlyIndexBuffers:1]]
[2026.05.08-16.41.08:443][  0]LogConfig: Setting CVar [[r.SupportReversedIndexBuffers:1]]
[2026.05.08-16.41.08:443][  0]LogConfig: Setting CVar [[r.LightPropagationVolume:0]]
[2026.05.08-16.41.08:443][  0]LogConfig: Setting CVar [[r.Mobile.AmbientOcclusion:0]]
[2026.05.08-16.41.08:443][  0]LogConfig: Setting CVar [[r.GPUSkin.UnlimitedBoneInfluences:0]]
[2026.05.08-16.41.08:443][  0]LogConfig: Setting CVar [[r.GPUSkin.UnlimitedBoneInfluencesThreshold:8]]
[2026.05.08-16.41.08:443][  0]LogConfig: Setting CVar [[r.Mobile.PlanarReflectionMode:0]]
[2026.05.08-16.41.08:443][  0]LogConfig: Setting CVar [[r.Mobile.SupportsGen4TAA:0]]
[2026.05.08-16.41.08:443][  0]LogConfig: Applying CVar settings from Section [/Script/Engine.RendererOverrideSettings] File [C:/Users/2026/Documents/Unreal Projects/Facade/Saved/Config/Windows/Engine.ini]
[2026.05.08-16.41.08:443][  0]LogConfig: Applying CVar settings from Section [/Script/Engine.StreamingSettings] File [C:/Users/2026/Documents/Unreal Projects/Facade/Saved/Config/Windows/Engine.ini]
[2026.05.08-16.41.08:443][  0]LogConfig: Setting CVar [[s.MinBulkDataSizeForAsyncLoading:131072]]
[2026.05.08-16.41.08:443][  0]LogConfig: Setting CVar [[s.AsyncLoadingThreadEnabled:0]]
[2026.05.08-16.41.08:443][  0]LogConfig: Setting CVar [[s.EventDrivenLoaderEnabled:1]]
[2026.05.08-16.41.08:443][  0]LogConfig: Setting CVar [[s.WarnIfTimeLimitExceeded:0]]
[2026.05.08-16.41.08:443][  0]LogConfig: Setting CVar [[s.TimeLimitExceededMultiplier:1.5]]
[2026.05.08-16.41.08:443][  0]LogConfig: Setting CVar [[s.TimeLimitExceededMinTime:0.005]]
[2026.05.08-16.41.08:443][  0]LogConfig: Setting CVar [[s.UseBackgroundLevelStreaming:1]]
[2026.05.08-16.41.08:443][  0]LogConfig: Setting CVar [[s.PriorityAsyncLoadingExtraTime:15.0]]
[2026.05.08-16.41.08:443][  0]LogConfig: Setting CVar [[s.LevelStreamingActorsUpdateTimeLimit:5.0]]
[2026.05.08-16.41.08:443][  0]LogConfig: Setting CVar [[s.PriorityLevelStreamingActorsUpdateExtraTime:5.0]]
[2026.05.08-16.41.08:443][  0]LogConfig: Setting CVar [[s.LevelStreamingComponentsRegistrationGranularity:10]]
[2026.05.08-16.41.08:443][  0]LogConfig: Setting CVar [[s.UnregisterComponentsTimeLimit:1.0]]
[2026.05.08-16.41.08:443][  0]LogConfig: Setting CVar [[s.LevelStreamingComponentsUnregistrationGranularity:5]]
[2026.05.08-16.41.08:443][  0]LogConfig: Setting CVar [[s.FlushStreamingOnExit:1]]
[2026.05.08-16.41.08:443][  0]LogConfig: Applying CVar settings from Section [/Script/Engine.GarbageCollectionSettings] File [C:/Users/2026/Documents/Unreal Projects/Facade/Saved/Config/Windows/Engine.ini]
[2026.05.08-16.41.08:443][  0]LogConfig: Setting CVar [[gc.MaxObjectsNotConsideredByGC:1]]
[2026.05.08-16.41.08:443][  0]LogConfig: Setting CVar [[gc.SizeOfPermanentObjectPool:0]]
[2026.05.08-16.41.08:443][  0]LogConfig: Setting CVar [[gc.FlushStreamingOnGC:0]]
[2026.05.08-16.41.08:443][  0]LogConfig: Setting CVar [[gc.NumRetriesBeforeForcingGC:10]]
[2026.05.08-16.41.08:443][  0]LogConfig: Setting CVar [[gc.AllowParallelGC:1]]
[2026.05.08-16.41.08:443][  0]LogConfig: Setting CVar [[gc.TimeBetweenPurgingPendingKillObjects:61.1]]
[2026.05.08-16.41.08:443][  0]LogConfig: Setting CVar [[gc.MaxObjectsInEditor:25165824]]
[2026.05.08-16.41.08:443][  0]LogConfig: Setting CVar [[gc.IncrementalBeginDestroyEnabled:1]]
[2026.05.08-16.41.08:443][  0]LogConfig: Setting CVar [[gc.CreateGCClusters:1]]
[2026.05.08-16.41.08:443][  0]LogConfig: Setting CVar [[gc.MinGCClusterSize:5]]
[2026.05.08-16.41.08:443][  0]LogConfig: Setting CVar [[gc.ActorClusteringEnabled:0]]
[2026.05.08-16.41.08:443][  0]LogConfig: Setting CVar [[gc.BlueprintClusteringEnabled:0]]
[2026.05.08-16.41.08:443][  0]LogConfig: Setting CVar [[gc.UseDisregardForGCOnDedicatedServers:0]]
[2026.05.08-16.41.08:443][  0]LogConfig: Setting CVar [[gc.MultithreadedDestructionEnabled:1]]
[2026.05.08-16.41.08:443][  0]LogConfig: Applying CVar settings from Section [/Script/Engine.NetworkSettings] File [C:/Users/2026/Documents/Unreal Projects/Facade/Saved/Config/Windows/Engine.ini]
[2026.05.08-16.41.08:443][  0]LogConfig: Applying CVar settings from Section [/Script/UnrealEd.CookerSettings] File [C:/Users/2026/Documents/Unreal Projects/Facade/Saved/Config/Windows/Engine.ini]
[2026.05.08-16.41.08:447][  0]LogConfig: Applying CVar settings from Section [ViewDistanceQuality@3] File [C:/Users/2026/Documents/Unreal Projects/Facade/Saved/Config/Windows/Scalability.ini]
[2026.05.08-16.41.08:447][  0]LogConfig: Setting CVar [[r.SkeletalMeshLODBias:0]]
[2026.05.08-16.41.08:447][  0]LogConfig: Setting CVar [[r.ViewDistanceScale:1.0]]
[2026.05.08-16.41.08:447][  0]LogConfig: Applying CVar settings from Section [AntiAliasingQuality@3] File [C:/Users/2026/Documents/Unreal Projects/Facade/Saved/Config/Windows/Scalability.ini]
[2026.05.08-16.41.08:447][  0]LogConfig: Setting CVar [[r.PostProcessAAQuality:4]]
[2026.05.08-16.41.08:447][  0]LogConfig: Applying CVar settings from Section [ShadowQuality@3] File [C:/Users/2026/Documents/Unreal Projects/Facade/Saved/Config/Windows/Scalability.ini]
[2026.05.08-16.41.08:447][  0]LogConfig: Setting CVar [[r.LightFunctionQuality:1]]
[2026.05.08-16.41.08:447][  0]LogConfig: Setting CVar [[r.ShadowQuality:5]]
[2026.05.08-16.41.08:447][  0]LogConfig: Setting CVar [[r.Shadow.CSM.MaxCascades:10]]
[2026.05.08-16.41.08:447][  0]LogConfig: Setting CVar [[r.Shadow.MaxResolution:2048]]
[2026.05.08-16.41.08:447][  0]LogConfig: Setting CVar [[r.Shadow.MaxCSMResolution:2048]]
[2026.05.08-16.41.08:447][  0]LogConfig: Setting CVar [[r.Shadow.RadiusThreshold:0.01]]
[2026.05.08-16.41.08:447][  0]LogConfig: Setting CVar [[r.Shadow.DistanceScale:1.0]]
[2026.05.08-16.41.08:447][  0]LogConfig: Setting CVar [[r.Shadow.CSM.TransitionScale:1.0]]
[2026.05.08-16.41.08:447][  0]LogConfig: Setting CVar [[r.Shadow.PreShadowResolutionFactor:1.0]]
[2026.05.08-16.41.08:447][  0]LogConfig: Setting CVar [[r.DistanceFieldShadowing:1]]
[2026.05.08-16.41.08:447][  0]LogConfig: Setting CVar [[r.DistanceFieldAO:1]]
[2026.05.08-16.41.08:447][  0]LogConfig: Setting CVar [[r.AOQuality:2]]
[2026.05.08-16.41.08:447][  0]LogConfig: Setting CVar [[r.VolumetricFog:1]]
[2026.05.08-16.41.08:447][  0]LogConfig: Setting CVar [[r.VolumetricFog.GridPixelSize:8]]
[2026.05.08-16.41.08:447][  0]LogConfig: Setting CVar [[r.VolumetricFog.GridSizeZ:128]]
[2026.05.08-16.41.08:447][  0]LogConfig: Setting CVar [[r.VolumetricFog.HistoryMissSupersampleCount:4]]
[2026.05.08-16.41.08:447][  0]LogConfig: Setting CVar [[r.LightMaxDrawDistanceScale:1]]
[2026.05.08-16.41.08:447][  0]LogConfig: Setting CVar [[r.CapsuleShadows:1]]
[2026.05.08-16.41.08:447][  0]LogConfig: Applying CVar settings from Section [PostProcessQuality@3] File [C:/Users/2026/Documents/Unreal Projects/Facade/Saved/Config/Windows/Scalability.ini]
[2026.05.08-16.41.08:447][  0]LogConfig: Setting CVar [[r.MotionBlurQuality:4]]
[2026.05.08-16.41.08:447][  0]LogConfig: Setting CVar [[r.AmbientOcclusionMipLevelFactor:0.4]]
[2026.05.08-16.41.08:447][  0]LogConfig: Setting CVar [[r.AmbientOcclusionMaxQuality:100]]
[2026.05.08-16.41.08:447][  0]LogConfig: Setting CVar [[r.AmbientOcclusionLevels:-1]]
[2026.05.08-16.41.08:447][  0]LogConfig: Setting CVar [[r.AmbientOcclusionRadiusScale:1.0]]
[2026.05.08-16.41.08:447][  0]LogConfig: Setting CVar [[r.DepthOfFieldQuality:2]]
[2026.05.08-16.41.08:447][  0]LogConfig: Setting CVar [[r.RenderTargetPoolMin:400]]
[2026.05.08-16.41.08:447][  0]LogConfig: Setting CVar [[r.LensFlareQuality:2]]
[2026.05.08-16.41.08:447][  0]LogConfig: Setting CVar [[r.SceneColorFringeQuality:1]]
[2026.05.08-16.41.08:447][  0]LogConfig: Setting CVar [[r.EyeAdaptationQuality:2]]
[2026.05.08-16.41.08:447][  0]LogConfig: Setting CVar [[r.BloomQuality:5]]
[2026.05.08-16.41.08:447][  0]LogConfig: Setting CVar [[r.FastBlurThreshold:100]]
[2026.05.08-16.41.08:447][  0]LogConfig: Setting CVar [[r.Upscale.Quality:3]]
[2026.05.08-16.41.08:447][  0]LogConfig: Setting CVar [[r.Tonemapper.GrainQuantization:1]]
[2026.05.08-16.41.08:447][  0]LogConfig: Setting CVar [[r.LightShaftQuality:1]]
[2026.05.08-16.41.08:447][  0]LogConfig: Setting CVar [[r.Filter.SizeScale:1]]
[2026.05.08-16.41.08:447][  0]LogConfig: Setting CVar [[r.Tonemapper.Quality:5]]
[2026.05.08-16.41.08:447][  0]LogConfig: Setting CVar [[r.DOF.Gather.AccumulatorQuality:1        ; higher gathering accumulator quality]]
[2026.05.08-16.41.08:447][  0]LogConfig: Setting CVar [[r.DOF.Gather.PostfilterMethod:1          ; Median3x3 postfilering method]]
[2026.05.08-16.41.08:447][  0]LogConfig: Setting CVar [[r.DOF.Gather.EnableBokehSettings:0       ; no bokeh simulation when gathering]]
[2026.05.08-16.41.08:447][  0]LogConfig: Setting CVar [[r.DOF.Gather.RingCount:4                 ; medium number of samples when gathering]]
[2026.05.08-16.41.08:447][  0]LogConfig: Setting CVar [[r.DOF.Scatter.ForegroundCompositing:1    ; additive foreground scattering]]
[2026.05.08-16.41.08:447][  0]LogConfig: Setting CVar [[r.DOF.Scatter.BackgroundCompositing:2    ; additive background scattering]]
[2026.05.08-16.41.08:447][  0]LogConfig: Setting CVar [[r.DOF.Scatter.EnableBokehSettings:1      ; bokeh simulation when scattering]]
[2026.05.08-16.41.08:447][  0]LogConfig: Setting CVar [[r.DOF.Scatter.MaxSpriteRatio:0.1         ; only a maximum of 10% of scattered bokeh]]
[2026.05.08-16.41.08:447][  0]LogConfig: Setting CVar [[r.DOF.Recombine.Quality:1                ; cheap slight out of focus]]
[2026.05.08-16.41.08:447][  0]LogConfig: Setting CVar [[r.DOF.Recombine.EnableBokehSettings:0    ; no bokeh simulation on slight out of focus]]
[2026.05.08-16.41.08:447][  0]LogConfig: Setting CVar [[r.DOF.TemporalAAQuality:1                ; more stable temporal accumulation]]
[2026.05.08-16.41.08:447][  0]LogConfig: Setting CVar [[r.DOF.Kernel.MaxForegroundRadius:0.025]]
[2026.05.08-16.41.08:447][  0]LogConfig: Setting CVar [[r.DOF.Kernel.MaxBackgroundRadius:0.025]]
[2026.05.08-16.41.08:447][  0]LogConfig: Applying CVar settings from Section [TextureQuality@3] File [C:/Users/2026/Documents/Unreal Projects/Facade/Saved/Config/Windows/Scalability.ini]
[2026.05.08-16.41.08:447][  0]LogConfig: Setting CVar [[r.Streaming.MipBias:0]]
[2026.05.08-16.41.08:447][  0]LogConfig: Setting CVar [[r.Streaming.AmortizeCPUToGPUCopy:0]]
[2026.05.08-16.41.08:447][  0]LogConfig: Setting CVar [[r.Streaming.MaxNumTexturesToStreamPerFrame:0]]
[2026.05.08-16.41.08:447][  0]LogConfig: Setting CVar [[r.Streaming.Boost:1]]
[2026.05.08-16.41.08:447][  0]LogConfig: Setting CVar [[r.MaxAnisotropy:8]]
[2026.05.08-16.41.08:447][  0]LogConfig: Setting CVar [[r.VT.MaxAnisotropy:8]]
[2026.05.08-16.41.08:447][  0]LogConfig: Setting CVar [[r.Streaming.LimitPoolSizeToVRAM:0]]
[2026.05.08-16.41.08:447][  0]LogConfig: Setting CVar [[r.Streaming.PoolSize:1000]]
[2026.05.08-16.41.08:447][  0]LogConfig: Setting CVar [[r.Streaming.MaxEffectiveScreenSize:0]]
[2026.05.08-16.41.08:447][  0]LogConfig: Applying CVar settings from Section [EffectsQuality@3] File [C:/Users/2026/Documents/Unreal Projects/Facade/Saved/Config/Windows/Scalability.ini]
[2026.05.08-16.41.08:447][  0]LogConfig: Setting CVar [[r.TranslucencyLightingVolumeDim:64]]
[2026.05.08-16.41.08:447][  0]LogConfig: Setting CVar [[r.RefractionQuality:2]]
[2026.05.08-16.41.08:447][  0]LogConfig: Setting CVar [[r.SSR.Quality:3]]
[2026.05.08-16.41.08:447][  0]LogConfig: Setting CVar [[r.SSR.HalfResSceneColor:0]]
[2026.05.08-16.41.08:447][  0]LogConfig: Setting CVar [[r.SceneColorFormat:4]]
[2026.05.08-16.41.08:447][  0]LogConfig: Setting CVar [[r.DetailMode:2]]
[2026.05.08-16.41.08:447][  0]LogConfig: Setting CVar [[r.TranslucencyVolumeBlur:1]]
[2026.05.08-16.41.08:447][  0]LogConfig: Setting CVar [[r.MaterialQualityLevel:1 ; High quality]]
[2026.05.08-16.41.08:447][  0]LogConfig: Setting CVar [[r.AnisotropicMaterials:1]]
[2026.05.08-16.41.08:447][  0]LogConfig: Setting CVar [[r.SSS.Scale:1]]
[2026.05.08-16.41.08:447][  0]LogConfig: Setting CVar [[r.SSS.SampleSet:2]]
[2026.05.08-16.41.08:447][  0]LogConfig: Setting CVar [[r.SSS.Quality:1]]
[2026.05.08-16.41.08:447][  0]LogConfig: Setting CVar [[r.SSS.HalfRes:0]]
[2026.05.08-16.41.08:447][  0]LogConfig: Setting CVar [[r.SSGI.Quality:3]]
[2026.05.08-16.41.08:447][  0]LogConfig: Setting CVar [[r.EmitterSpawnRateScale:1.0]]
[2026.05.08-16.41.08:447][  0]LogConfig: Setting CVar [[r.ParticleLightQuality:2]]
[2026.05.08-16.41.08:447][  0]LogConfig: Setting CVar [[r.SkyAtmosphere.AerialPerspectiveLUT.FastApplyOnOpaque:1 ; Always have FastSkyLUT 1 in this case to avoid wrong sky]]
[2026.05.08-16.41.08:447][  0]LogConfig: Setting CVar [[r.SkyAtmosphere.AerialPerspectiveLUT.SampleCountMaxPerSlice:4]]
[2026.05.08-16.41.08:447][  0]LogConfig: Setting CVar [[r.SkyAtmosphere.AerialPerspectiveLUT.DepthResolution:16.0]]
[2026.05.08-16.41.08:447][  0]LogConfig: Setting CVar [[r.SkyAtmosphere.FastSkyLUT:1]]
[2026.05.08-16.41.08:447][  0]LogConfig: Setting CVar [[r.SkyAtmosphere.FastSkyLUT.SampleCountMin:4.0]]
[2026.05.08-16.41.08:447][  0]LogConfig: Setting CVar [[r.SkyAtmosphere.FastSkyLUT.SampleCountMax:128.0]]
[2026.05.08-16.41.08:447][  0]LogConfig: Setting CVar [[r.SkyAtmosphere.SampleCountMin:4.0]]
[2026.05.08-16.41.08:447][  0]LogConfig: Setting CVar [[r.SkyAtmosphere.SampleCountMax:128.0]]
[2026.05.08-16.41.08:447][  0]LogConfig: Setting CVar [[r.SkyAtmosphere.TransmittanceLUT.UseSmallFormat:0]]
[2026.05.08-16.41.08:447][  0]LogConfig: Setting CVar [[r.SkyAtmosphere.TransmittanceLUT.SampleCount:10.0]]
[2026.05.08-16.41.08:447][  0]LogConfig: Setting CVar [[r.SkyAtmosphere.MultiScatteringLUT.SampleCount:15.0]]
[2026.05.08-16.41.08:448][  0]LogConfig: Setting CVar [[r.SkyLight.RealTimeReflectionCapture:1]]
[2026.05.08-16.41.08:448][  0]LogConfig: Applying CVar settings from Section [FoliageQuality@3] File [C:/Users/2026/Documents/Unreal Projects/Facade/Saved/Config/Windows/Scalability.ini]
[2026.05.08-16.41.08:448][  0]LogConfig: Setting CVar [[foliage.DensityScale:1.0]]
[2026.05.08-16.41.08:448][  0]LogConfig: Setting CVar [[grass.DensityScale:1.0]]
[2026.05.08-16.41.08:448][  0]LogConfig: Applying CVar settings from Section [ShadingQuality@3] File [C:/Users/2026/Documents/Unreal Projects/Facade/Saved/Config/Windows/Scalability.ini]
[2026.05.08-16.41.08:448][  0]LogConfig: Setting CVar [[r.HairStrands.SkyLighting.IntegrationType:2]]
[2026.05.08-16.41.08:448][  0]LogConfig: Setting CVar [[r.HairStrands.SkyAO.SampleCount:4]]
[2026.05.08-16.41.08:448][  0]LogConfig: Setting CVar [[r.HairStrands.Visibility.MSAA.SamplePerPixel:4]]
[2026.05.08-16.41.08:448][  0]LogInit: Selected Device Profile: [Windows]
[2026.05.08-16.41.08:448][  0]LogInit: Applying CVar settings loaded from the selected device profile: [Windows]
[2026.05.08-16.41.08:448][  0]LogHAL: Display: Platform has ~ 16 GB [16396115968 / 17179869184 / 16], which maps to Larger [LargestMinGB=32, LargerMinGB=12, DefaultMinGB=8, SmallerMinGB=6, SmallestMinGB=0)
[2026.05.08-16.41.08:448][  0]LogInit: Going up to parent DeviceProfile []
[2026.05.08-16.41.08:448][  0]LogConfig: Applying CVar settings from Section [ViewDistanceQuality@3] File [C:/Users/2026/Documents/Unreal Projects/Facade/Saved/Config/Windows/Scalability.ini]
[2026.05.08-16.41.08:448][  0]LogConfig: Setting CVar [[r.SkeletalMeshLODBias:0]]
[2026.05.08-16.41.08:448][  0]LogConfig: Setting CVar [[r.ViewDistanceScale:1.0]]
[2026.05.08-16.41.08:448][  0]LogConfig: Applying CVar settings from Section [AntiAliasingQuality@3] File [C:/Users/2026/Documents/Unreal Projects/Facade/Saved/Config/Windows/Scalability.ini]
[2026.05.08-16.41.08:448][  0]LogConfig: Setting CVar [[r.PostProcessAAQuality:4]]
[2026.05.08-16.41.08:448][  0]LogConfig: Applying CVar settings from Section [ShadowQuality@3] File [C:/Users/2026/Documents/Unreal Projects/Facade/Saved/Config/Windows/Scalability.ini]
[2026.05.08-16.41.08:448][  0]LogConfig: Setting CVar [[r.LightFunctionQuality:1]]
[2026.05.08-16.41.08:448][  0]LogConfig: Setting CVar [[r.ShadowQuality:5]]
[2026.05.08-16.41.08:448][  0]LogConfig: Setting CVar [[r.Shadow.CSM.MaxCascades:10]]
[2026.05.08-16.41.08:448][  0]LogConfig: Setting CVar [[r.Shadow.MaxResolution:2048]]
[2026.05.08-16.41.08:448][  0]LogConfig: Setting CVar [[r.Shadow.MaxCSMResolution:2048]]
[2026.05.08-16.41.08:448][  0]LogConfig: Setting CVar [[r.Shadow.RadiusThreshold:0.01]]
[2026.05.08-16.41.08:448][  0]LogConfig: Setting CVar [[r.Shadow.DistanceScale:1.0]]
[2026.05.08-16.41.08:448][  0]LogConfig: Setting CVar [[r.Shadow.CSM.TransitionScale:1.0]]
[2026.05.08-16.41.08:448][  0]LogConfig: Setting CVar [[r.Shadow.PreShadowResolutionFactor:1.0]]
[2026.05.08-16.41.08:448][  0]LogConfig: Setting CVar [[r.DistanceFieldShadowing:1]]
[2026.05.08-16.41.08:448][  0]LogConfig: Setting CVar [[r.DistanceFieldAO:1]]
[2026.05.08-16.41.08:448][  0]LogConfig: Setting CVar [[r.AOQuality:2]]
[2026.05.08-16.41.08:448][  0]LogConfig: Setting CVar [[r.VolumetricFog:1]]
[2026.05.08-16.41.08:448][  0]LogConfig: Setting CVar [[r.VolumetricFog.GridPixelSize:8]]
[2026.05.08-16.41.08:448][  0]LogConfig: Setting CVar [[r.VolumetricFog.GridSizeZ:128]]
[2026.05.08-16.41.08:448][  0]LogConfig: Setting CVar [[r.VolumetricFog.HistoryMissSupersampleCount:4]]
[2026.05.08-16.41.08:448][  0]LogConfig: Setting CVar [[r.LightMaxDrawDistanceScale:1]]
[2026.05.08-16.41.08:448][  0]LogConfig: Setting CVar [[r.CapsuleShadows:1]]
[2026.05.08-16.41.08:448][  0]LogConfig: Applying CVar settings from Section [PostProcessQuality@3] File [C:/Users/2026/Documents/Unreal Projects/Facade/Saved/Config/Windows/Scalability.ini]
[2026.05.08-16.41.08:448][  0]LogConfig: Setting CVar [[r.MotionBlurQuality:4]]
[2026.05.08-16.41.08:448][  0]LogConfig: Setting CVar [[r.AmbientOcclusionMipLevelFactor:0.4]]
[2026.05.08-16.41.08:448][  0]LogConfig: Setting CVar [[r.AmbientOcclusionMaxQuality:100]]
[2026.05.08-16.41.08:448][  0]LogConfig: Setting CVar [[r.AmbientOcclusionLevels:-1]]
[2026.05.08-16.41.08:448][  0]LogConfig: Setting CVar [[r.AmbientOcclusionRadiusScale:1.0]]
[2026.05.08-16.41.08:448][  0]LogConfig: Setting CVar [[r.DepthOfFieldQuality:2]]
[2026.05.08-16.41.08:448][  0]LogConfig: Setting CVar [[r.RenderTargetPoolMin:400]]
[2026.05.08-16.41.08:448][  0]LogConfig: Setting CVar [[r.LensFlareQuality:2]]
[2026.05.08-16.41.08:448][  0]LogConfig: Setting CVar [[r.SceneColorFringeQuality:1]]
[2026.05.08-16.41.08:448][  0]LogConfig: Setting CVar [[r.EyeAdaptationQuality:2]]
[2026.05.08-16.41.08:448][  0]LogConfig: Setting CVar [[r.BloomQuality:5]]
[2026.05.08-16.41.08:448][  0]LogConfig: Setting CVar [[r.FastBlurThreshold:100]]
[2026.05.08-16.41.08:448][  0]LogConfig: Setting CVar [[r.Upscale.Quality:3]]
[2026.05.08-16.41.08:448][  0]LogConfig: Setting CVar [[r.Tonemapper.GrainQuantization:1]]
[2026.05.08-16.41.08:448][  0]LogConfig: Setting CVar [[r.LightShaftQuality:1]]
[2026.05.08-16.41.08:448][  0]LogConfig: Setting CVar [[r.Filter.SizeScale:1]]
[2026.05.08-16.41.08:448][  0]LogConfig: Setting CVar [[r.Tonemapper.Quality:5]]
[2026.05.08-16.41.08:448][  0]LogConfig: Setting CVar [[r.DOF.Gather.AccumulatorQuality:1        ; higher gathering accumulator quality]]
[2026.05.08-16.41.08:448][  0]LogConfig: Setting CVar [[r.DOF.Gather.PostfilterMethod:1          ; Median3x3 postfilering method]]
[2026.05.08-16.41.08:448][  0]LogConfig: Setting CVar [[r.DOF.Gather.EnableBokehSettings:0       ; no bokeh simulation when gathering]]
[2026.05.08-16.41.08:448][  0]LogConfig: Setting CVar [[r.DOF.Gather.RingCount:4                 ; medium number of samples when gathering]]
[2026.05.08-16.41.08:448][  0]LogConfig: Setting CVar [[r.DOF.Scatter.ForegroundCompositing:1    ; additive foreground scattering]]
[2026.05.08-16.41.08:448][  0]LogConfig: Setting CVar [[r.DOF.Scatter.BackgroundCompositing:2    ; additive background scattering]]
[2026.05.08-16.41.08:448][  0]LogConfig: Setting CVar [[r.DOF.Scatter.EnableBokehSettings:1      ; bokeh simulation when scattering]]
[2026.05.08-16.41.08:448][  0]LogConfig: Setting CVar [[r.DOF.Scatter.MaxSpriteRatio:0.1         ; only a maximum of 10% of scattered bokeh]]
[2026.05.08-16.41.08:448][  0]LogConfig: Setting CVar [[r.DOF.Recombine.Quality:1                ; cheap slight out of focus]]
[2026.05.08-16.41.08:448][  0]LogConfig: Setting CVar [[r.DOF.Recombine.EnableBokehSettings:0    ; no bokeh simulation on slight out of focus]]
[2026.05.08-16.41.08:448][  0]LogConfig: Setting CVar [[r.DOF.TemporalAAQuality:1                ; more stable temporal accumulation]]
[2026.05.08-16.41.08:448][  0]LogConfig: Setting CVar [[r.DOF.Kernel.MaxForegroundRadius:0.025]]
[2026.05.08-16.41.08:448][  0]LogConfig: Setting CVar [[r.DOF.Kernel.MaxBackgroundRadius:0.025]]
[2026.05.08-16.41.08:448][  0]LogConfig: Applying CVar settings from Section [TextureQuality@3] File [C:/Users/2026/Documents/Unreal Projects/Facade/Saved/Config/Windows/Scalability.ini]
[2026.05.08-16.41.08:448][  0]LogConfig: Setting CVar [[r.Streaming.MipBias:0]]
[2026.05.08-16.41.08:448][  0]LogConfig: Setting CVar [[r.Streaming.AmortizeCPUToGPUCopy:0]]
[2026.05.08-16.41.08:448][  0]LogConfig: Setting CVar [[r.Streaming.MaxNumTexturesToStreamPerFrame:0]]
[2026.05.08-16.41.08:448][  0]LogConfig: Setting CVar [[r.Streaming.Boost:1]]
[2026.05.08-16.41.08:448][  0]LogConfig: Setting CVar [[r.MaxAnisotropy:8]]
[2026.05.08-16.41.08:448][  0]LogConfig: Setting CVar [[r.VT.MaxAnisotropy:8]]
[2026.05.08-16.41.08:448][  0]LogConfig: Setting CVar [[r.Streaming.LimitPoolSizeToVRAM:0]]
[2026.05.08-16.41.08:448][  0]LogConfig: Setting CVar [[r.Streaming.PoolSize:1000]]
[2026.05.08-16.41.08:448][  0]LogConfig: Setting CVar [[r.Streaming.MaxEffectiveScreenSize:0]]
[2026.05.08-16.41.08:448][  0]LogConfig: Applying CVar settings from Section [EffectsQuality@3] File [C:/Users/2026/Documents/Unreal Projects/Facade/Saved/Config/Windows/Scalability.ini]
[2026.05.08-16.41.08:448][  0]LogConfig: Setting CVar [[r.TranslucencyLightingVolumeDim:64]]
[2026.05.08-16.41.08:448][  0]LogConfig: Setting CVar [[r.RefractionQuality:2]]
[2026.05.08-16.41.08:448][  0]LogConfig: Setting CVar [[r.SSR.Quality:3]]
[2026.05.08-16.41.08:448][  0]LogConfig: Setting CVar [[r.SSR.HalfResSceneColor:0]]
[2026.05.08-16.41.08:448][  0]LogConfig: Setting CVar [[r.SceneColorFormat:4]]
[2026.05.08-16.41.08:448][  0]LogConfig: Setting CVar [[r.DetailMode:2]]
[2026.05.08-16.41.08:448][  0]LogConfig: Setting CVar [[r.TranslucencyVolumeBlur:1]]
[2026.05.08-16.41.08:448][  0]LogConfig: Setting CVar [[r.MaterialQualityLevel:1 ; High quality]]
[2026.05.08-16.41.08:448][  0]LogConfig: Setting CVar [[r.AnisotropicMaterials:1]]
[2026.05.08-16.41.08:448][  0]LogConfig: Setting CVar [[r.SSS.Scale:1]]
[2026.05.08-16.41.08:448][  0]LogConfig: Setting CVar [[r.SSS.SampleSet:2]]
[2026.05.08-16.41.08:448][  0]LogConfig: Setting CVar [[r.SSS.Quality:1]]
[2026.05.08-16.41.08:448][  0]LogConfig: Setting CVar [[r.SSS.HalfRes:0]]
[2026.05.08-16.41.08:448][  0]LogConfig: Setting CVar [[r.SSGI.Quality:3]]
[2026.05.08-16.41.08:448][  0]LogConfig: Setting CVar [[r.EmitterSpawnRateScale:1.0]]
[2026.05.08-16.41.08:448][  0]LogConfig: Setting CVar [[r.ParticleLightQuality:2]]
[2026.05.08-16.41.08:448][  0]LogConfig: Setting CVar [[r.SkyAtmosphere.AerialPerspectiveLUT.FastApplyOnOpaque:1 ; Always have FastSkyLUT 1 in this case to avoid wrong sky]]
[2026.05.08-16.41.08:448][  0]LogConfig: Setting CVar [[r.SkyAtmosphere.AerialPerspectiveLUT.SampleCountMaxPerSlice:4]]
[2026.05.08-16.41.08:448][  0]LogConfig: Setting CVar [[r.SkyAtmosphere.AerialPerspectiveLUT.DepthResolution:16.0]]
[2026.05.08-16.41.08:448][  0]LogConfig: Setting CVar [[r.SkyAtmosphere.FastSkyLUT:1]]
[2026.05.08-16.41.08:448][  0]LogConfig: Setting CVar [[r.SkyAtmosphere.FastSkyLUT.SampleCountMin:4.0]]
[2026.05.08-16.41.08:448][  0]LogConfig: Setting CVar [[r.SkyAtmosphere.FastSkyLUT.SampleCountMax:128.0]]
[2026.05.08-16.41.08:448][  0]LogConfig: Setting CVar [[r.SkyAtmosphere.SampleCountMin:4.0]]
[2026.05.08-16.41.08:448][  0]LogConfig: Setting CVar [[r.SkyAtmosphere.SampleCountMax:128.0]]
[2026.05.08-16.41.08:448][  0]LogConfig: Setting CVar [[r.SkyAtmosphere.TransmittanceLUT.UseSmallFormat:0]]
[2026.05.08-16.41.08:448][  0]LogConfig: Setting CVar [[r.SkyAtmosphere.TransmittanceLUT.SampleCount:10.0]]
[2026.05.08-16.41.08:448][  0]LogConfig: Setting CVar [[r.SkyAtmosphere.MultiScatteringLUT.SampleCount:15.0]]
[2026.05.08-16.41.08:448][  0]LogConfig: Setting CVar [[r.SkyLight.RealTimeReflectionCapture:1]]
[2026.05.08-16.41.08:448][  0]LogConfig: Applying CVar settings from Section [FoliageQuality@3] File [C:/Users/2026/Documents/Unreal Projects/Facade/Saved/Config/Windows/Scalability.ini]
[2026.05.08-16.41.08:448][  0]LogConfig: Setting CVar [[foliage.DensityScale:1.0]]
[2026.05.08-16.41.08:448][  0]LogConfig: Setting CVar [[grass.DensityScale:1.0]]
[2026.05.08-16.41.08:448][  0]LogConfig: Applying CVar settings from Section [ShadingQuality@3] File [C:/Users/2026/Documents/Unreal Projects/Facade/Saved/Config/Windows/Scalability.ini]
[2026.05.08-16.41.08:448][  0]LogConfig: Setting CVar [[r.HairStrands.SkyLighting.IntegrationType:2]]
[2026.05.08-16.41.08:448][  0]LogConfig: Setting CVar [[r.HairStrands.SkyAO.SampleCount:4]]
[2026.05.08-16.41.08:448][  0]LogConfig: Setting CVar [[r.HairStrands.Visibility.MSAA.SamplePerPixel:4]]
[2026.05.08-16.41.08:448][  0]LogConfig: Applying CVar settings from Section [Startup] File [../../../Engine/Config/ConsoleVariables.ini]
[2026.05.08-16.41.08:449][  0]LogConfig: Setting CVar [[net.UseAdaptiveNetUpdateFrequency:0]]
[2026.05.08-16.41.08:449][  0]LogConfig: Setting CVar [[p.chaos.AllowCreatePhysxBodies:1]]
[2026.05.08-16.41.08:449][  0]LogConfig: Setting CVar [[fx.SkipVectorVMBackendOptimizations:1]]
[2026.05.08-16.41.08:449][  0]LogConfig: Applying CVar settings from Section [ConsoleVariables] File [C:/Users/2026/Documents/Unreal Projects/Facade/Saved/Config/Windows/Engine.ini]
[2026.05.08-16.41.08:449][  0]LogConfig: Applying CVar settings from Section [ConsoleVariables] File [C:/Users/2026/Documents/Unreal Projects/Facade/Saved/Config/Windows/Editor.ini]
[2026.05.08-16.41.08:449][  0]LogInit: Computer: LAPTOP-590ECT4E
[2026.05.08-16.41.08:449][  0]LogInit: User: 2026
[2026.05.08-16.41.08:449][  0]LogInit: CPU Page size=4096, Cores=6
[2026.05.08-16.41.08:449][  0]LogInit: High frequency timer resolution =10.000000 MHz
[2026.05.08-16.41.08:449][  0]LogMemory: Memory total: Physical=15.3GB (16GB approx)
[2026.05.08-16.41.08:449][  0]LogMemory: Platform Memory Stats for Windows
[2026.05.08-16.41.08:449][  0]LogMemory: Process Physical Memory: 148.01 MB used, 148.01 MB peak
[2026.05.08-16.41.08:449][  0]LogMemory: Process Virtual Memory: 126.18 MB used, 126.18 MB peak
[2026.05.08-16.41.08:449][  0]LogMemory: Physical Memory: 7811.10 MB used,  7825.46 MB free, 15636.55 MB total
[2026.05.08-16.41.08:449][  0]LogMemory: Virtual Memory: 134198232.00 MB used,  19497.61 MB free, 134217728.00 MB total
[2026.05.08-16.41.08:453][  0]LogWindows: WindowsPlatformFeatures enabled
[2026.05.08-16.41.08:489][  0]LogInit: Physics initialised using underlying interface: PhysX
[2026.05.08-16.41.08:489][  0]LogInit: Using OS detected language (es-ES).
[2026.05.08-16.41.08:489][  0]LogInit: Using OS detected locale (es-ES).
[2026.05.08-16.41.08:491][  0]LogTextLocalizationManager: No specific localization for 'es-ES' exists, so the 'es' localization will be used.
[2026.05.08-16.41.08:511][  0]LogInit: Setting process to per monitor DPI aware
[2026.05.08-16.41.08:525][  0]LogWindowsTextInputMethodSystem: Display: IME system deactivated.
[2026.05.08-16.41.08:536][  0]LogSlate: New Slate User Created.  User Index 0, Is Virtual User: 0
[2026.05.08-16.41.08:536][  0]LogSlate: Slate User Registered.  User Index 0, Is Virtual User: 0
[2026.05.08-16.41.08:627][  0]LogD3D11RHI: Loaded GFSDK_Aftermath_Lib.x64.dll
[2026.05.08-16.41.08:689][  0]LogHMD: Failed to initialize OpenVR with code 110
[2026.05.08-16.41.08:689][  0]LogD3D11RHI: D3D11 min allowed feature level: 11_0
[2026.05.08-16.41.08:689][  0]LogD3D11RHI: D3D11 max allowed feature level: 11_0
[2026.05.08-16.41.08:689][  0]LogD3D11RHI: D3D11 adapters:
[2026.05.08-16.41.08:828][  0]LogD3D11RHI:    0. 'NVIDIA GeForce RTX 4050 Laptop GPU' (Feature Level 11_0)
[2026.05.08-16.41.08:828][  0]LogD3D11RHI:       5921/0/7818 MB DedicatedVideo/DedicatedSystem/SharedSystem, Outputs:1, VendorId:0x10de
[2026.05.08-16.41.08:903][  0]LogD3D11RHI:    1. 'AMD Radeon 740M Graphics' (Feature Level 11_0)
[2026.05.08-16.41.08:903][  0]LogD3D11RHI:       420/0/7818 MB DedicatedVideo/DedicatedSystem/SharedSystem, Outputs:0, VendorId:0x1002
[2026.05.08-16.41.08:906][  0]LogD3D11RHI:    2. 'Microsoft Basic Render Driver' (Feature Level 11_0)
[2026.05.08-16.41.08:906][  0]LogD3D11RHI:       0/0/7818 MB DedicatedVideo/DedicatedSystem/SharedSystem, Outputs:0, VendorId:0x1414
[2026.05.08-16.41.08:906][  0]LogD3D11RHI: Chosen D3D11 Adapter:
[2026.05.08-16.41.08:906][  0]LogD3D11RHI:     Description : NVIDIA GeForce RTX 4050 Laptop GPU
[2026.05.08-16.41.08:906][  0]LogD3D11RHI:     VendorId    : 10de
[2026.05.08-16.41.08:906][  0]LogD3D11RHI:     DeviceId    : 28e1
[2026.05.08-16.41.08:906][  0]LogD3D11RHI:     SubSysId    : 14f41043
[2026.05.08-16.41.08:906][  0]LogD3D11RHI:     Revision    : 00a1
[2026.05.08-16.41.08:906][  0]LogD3D11RHI:     DedicatedVideoMemory : 6208618496 bytes
[2026.05.08-16.41.08:906][  0]LogD3D11RHI:     DedicatedSystemMemory : 0 bytes
[2026.05.08-16.41.08:906][  0]LogD3D11RHI:     SharedSystemMemory : 8198057984 bytes
[2026.05.08-16.41.08:906][  0]LogD3D11RHI:     AdapterLuid : 0 75372
[2026.05.08-16.41.08:913][  0]LogD3D11RHI: Creating new Direct3DDevice
[2026.05.08-16.41.08:913][  0]LogD3D11RHI:     GPU DeviceId: 0x28e1 (for the marketing name, search the web for "GPU Device Id")
[2026.05.08-16.41.08:913][  0]LogWindows: EnumDisplayDevices:
[2026.05.08-16.41.08:913][  0]LogWindows:    0. 'AMD Radeon 740M Graphics' (P:1 D:1)
[2026.05.08-16.41.08:913][  0]LogWindows:    1. 'AMD Radeon 740M Graphics' (P:0 D:0)
[2026.05.08-16.41.08:913][  0]LogWindows:    2. 'AMD Radeon 740M Graphics' (P:0 D:0)
[2026.05.08-16.41.08:913][  0]LogWindows:    3. 'AMD Radeon 740M Graphics' (P:0 D:0)
[2026.05.08-16.41.08:913][  0]LogWindows:    4. 'AMD Radeon 740M Graphics' (P:0 D:0)
[2026.05.08-16.41.08:914][  0]LogWindows:    5. 'NVIDIA GeForce RTX 4050 Laptop GPU' (P:0 D:0)
[2026.05.08-16.41.08:914][  0]LogWindows:    6. 'NVIDIA GeForce RTX 4050 Laptop GPU' (P:0 D:0)
[2026.05.08-16.41.08:914][  0]LogWindows:    7. 'NVIDIA GeForce RTX 4050 Laptop GPU' (P:0 D:0)
[2026.05.08-16.41.08:914][  0]LogWindows:    8. 'NVIDIA GeForce RTX 4050 Laptop GPU' (P:0 D:0)
[2026.05.08-16.41.08:914][  0]LogWindows: DebugString: PrimaryIsNotTheChoosenAdapter PrimaryIsNotTheChoosenAdapter PrimaryIsNotTheChoosenAdapter PrimaryIsNotTheChoosenAdapter PrimaryIsNotTheChoosenAdapter FoundDriverCount:4 
[2026.05.08-16.41.08:914][  0]LogD3D11RHI:     Adapter Name: NVIDIA GeForce RTX 4050 Laptop GPU
[2026.05.08-16.41.08:914][  0]LogD3D11RHI:   Driver Version: 573.05 (internal:32.0.15.7305, unified:573.05)
[2026.05.08-16.41.08:914][  0]LogD3D11RHI:      Driver Date: 4-20-2025
[2026.05.08-16.41.08:914][  0]LogRHI: Texture pool is 4144 MB (70% of 5921 MB)
[2026.05.08-16.41.08:914][  0]LogD3D11RHI: Creating D3DDevice using adapter:
[2026.05.08-16.41.08:914][  0]LogD3D11RHI:     Description : NVIDIA GeForce RTX 4050 Laptop GPU
[2026.05.08-16.41.08:914][  0]LogD3D11RHI:     VendorId    : 10de
[2026.05.08-16.41.08:914][  0]LogD3D11RHI:     DeviceId    : 28e1
[2026.05.08-16.41.08:914][  0]LogD3D11RHI:     SubSysId    : 14f41043
[2026.05.08-16.41.08:914][  0]LogD3D11RHI:     Revision    : 00a1
[2026.05.08-16.41.08:914][  0]LogD3D11RHI:     DedicatedVideoMemory : 6208618496 bytes
[2026.05.08-16.41.08:914][  0]LogD3D11RHI:     DedicatedSystemMemory : 0 bytes
[2026.05.08-16.41.08:914][  0]LogD3D11RHI:     SharedSystemMemory : 8198057984 bytes
[2026.05.08-16.41.08:914][  0]LogD3D11RHI:     AdapterLuid : 0 75372
[2026.05.08-16.41.09:014][  0]LogD3D11RHI: RHI has support for 64 bit atomics
[2026.05.08-16.41.09:014][  0]LogD3D11RHI: Async texture creation enabled
[2026.05.08-16.41.09:014][  0]LogD3D11RHI: Array index from any shader is supported
[2026.05.08-16.41.09:027][  0]LogD3D11RHI: GPU Timing Frequency: 1000.000000 (Debug: 2 1)
[2026.05.08-16.41.09:057][  0]LogRHI: GeForceNow SDK initialized: 1
[2026.05.08-16.41.09:299][  0]LogTargetPlatformManager: Display: Loaded TargetPlatform 'AllDesktop'
[2026.05.08-16.41.09:316][  0]LogTargetPlatformManager: Display: Loaded TargetPlatform 'Android'
[2026.05.08-16.41.09:316][  0]LogTargetPlatformManager: Display: Loaded TargetPlatform 'Android_ASTC'
[2026.05.08-16.41.09:316][  0]LogTargetPlatformManager: Display: Loaded TargetPlatform 'Android_DXT'
[2026.05.08-16.41.09:316][  0]LogTargetPlatformManager: Display: Loaded TargetPlatform 'Android_ETC2'
[2026.05.08-16.41.09:316][  0]LogTargetPlatformManager: Display: Loaded TargetPlatform 'AndroidClient'
[2026.05.08-16.41.09:316][  0]LogTargetPlatformManager: Display: Loaded TargetPlatform 'Android_ASTCClient'
[2026.05.08-16.41.09:316][  0]LogTargetPlatformManager: Display: Loaded TargetPlatform 'Android_DXTClient'
[2026.05.08-16.41.09:316][  0]LogTargetPlatformManager: Display: Loaded TargetPlatform 'Android_ETC2Client'
[2026.05.08-16.41.09:316][  0]LogTargetPlatformManager: Display: Loaded TargetPlatform 'Android_Multi'
[2026.05.08-16.41.09:316][  0]LogTargetPlatformManager: Display: Loaded TargetPlatform 'Android_MultiClient'
[2026.05.08-16.41.09:330][  0]LogTargetPlatformManager: Display: Loaded TargetPlatform 'IOSClient'
[2026.05.08-16.41.09:330][  0]LogTargetPlatformManager: Display: Loaded TargetPlatform 'IOS'
[2026.05.08-16.41.09:338][  0]LogTargetPlatformManager: Display: Loaded TargetPlatform 'Linux'
[2026.05.08-16.41.09:343][  0]LogTargetPlatformManager: Display: Loaded TargetPlatform 'LinuxNoEditor'
[2026.05.08-16.41.09:348][  0]LogTargetPlatformManager: Display: Loaded TargetPlatform 'LinuxClient'
[2026.05.08-16.41.09:353][  0]LogTargetPlatformManager: Display: Loaded TargetPlatform 'LinuxServer'
[2026.05.08-16.41.09:362][  0]LogTargetPlatformManager: Display: Loaded TargetPlatform 'LinuxAArch64NoEditor'
[2026.05.08-16.41.09:366][  0]LogTargetPlatformManager: Display: Loaded TargetPlatform 'LinuxAArch64Client'
[2026.05.08-16.41.09:369][  0]LogTargetPlatformManager: Display: Loaded TargetPlatform 'LinuxAArch64Server'
[2026.05.08-16.41.09:387][  0]LogTargetPlatformManager: Display: Loaded TargetPlatform 'Lumin'
[2026.05.08-16.41.09:387][  0]LogTargetPlatformManager: Display: Loaded TargetPlatform 'LuminClient'
[2026.05.08-16.41.09:393][  0]LogTargetPlatformManager: Display: Loaded TargetPlatform 'MacNoEditor'
[2026.05.08-16.41.09:398][  0]LogTargetPlatformManager: Display: Loaded TargetPlatform 'Mac'
[2026.05.08-16.41.09:401][  0]LogTargetPlatformManager: Display: Loaded TargetPlatform 'MacClient'
[2026.05.08-16.41.09:405][  0]LogTargetPlatformManager: Display: Loaded TargetPlatform 'MacServer'
[2026.05.08-16.41.09:413][  0]LogTargetPlatformManager: Display: Loaded TargetPlatform 'TVOSClient'
[2026.05.08-16.41.09:413][  0]LogTargetPlatformManager: Display: Loaded TargetPlatform 'TVOS'
[2026.05.08-16.41.09:422][  0]LogTargetPlatformManager: Display: Loaded TargetPlatform 'WindowsNoEditor'
[2026.05.08-16.41.09:427][  0]LogTargetPlatformManager: Display: Loaded TargetPlatform 'Windows'
[2026.05.08-16.41.09:432][  0]LogTargetPlatformManager: Display: Loaded TargetPlatform 'WindowsClient'
[2026.05.08-16.41.09:437][  0]LogTargetPlatformManager: Display: Loaded TargetPlatform 'WindowsServer'
[2026.05.08-16.41.09:437][  0]LogTargetPlatformManager: Display: Building Assets For Windows
[2026.05.08-16.41.09:448][  0]LogAudioDebug: Display: Lib vorbis DLL was dynamically loaded.
[2026.05.08-16.41.09:476][  0]LogTextureFormatOodle: Display: Oodle Texture 2.9.0 init RDO Off
[2026.05.08-16.41.09:503][  0]LogRendererCore: Ray tracing is disabled. Reason: r.RayTracing=0.
[2026.05.08-16.41.09:503][  0]LogShaderCompilers: Guid format shader working directory is -17 characters bigger than the processId version (../../../../../../Users/2026/Documents/Unreal Projects/Facade/Intermediate/Shaders/WorkingDirectory/16852/).
[2026.05.08-16.41.09:503][  0]LogShaderCompilers: Cleaned the shader compiler working directory 'C:/Users/2026/AppData/Local/Temp/UnrealShaderWorkingDir/BBB4674E42C080C50D04BA82C34CC1FC/'.
[2026.05.08-16.41.09:503][  0]LogXGEController: Cannot use XGE Controller as Incredibuild is not installed on this machine.
[2026.05.08-16.41.09:503][  0]LogShaderCompilers: Cannot use XGE Shader Compiler as Incredibuild is not installed on this machine.
[2026.05.08-16.41.09:503][  0]LogShaderCompilers: Display: Using Local Shader Compiler.
[2026.05.08-16.41.09:993][  0]LogDerivedDataCache: Display: Max Cache Size: 512 MB
[2026.05.08-16.41.10:040][  0]LogDerivedDataCache: Loaded boot cache 0.05s 95MB C:/Users/2026/AppData/Local/UnrealEngine/4.27/DerivedDataCache/Boot.ddc.
[2026.05.08-16.41.10:040][  0]LogDerivedDataCache: Display: Loaded Boot cache: C:/Users/2026/AppData/Local/UnrealEngine/4.27/DerivedDataCache/Boot.ddc
[2026.05.08-16.41.10:040][  0]LogDerivedDataCache: FDerivedDataBackendGraph:  Pak pak cache file ../../../../../../Users/2026/Documents/Unreal Projects/Facade/DerivedDataCache/DDC.ddp not found, will not use a pak cache.
[2026.05.08-16.41.10:040][  0]LogDerivedDataCache: Unable to find inner node Pak for hierarchical cache Hierarchy.
[2026.05.08-16.41.10:040][  0]LogDerivedDataCache: FDerivedDataBackendGraph:  CompressedPak pak cache file ../../../../../../Users/2026/Documents/Unreal Projects/Facade/DerivedDataCache/Compressed.ddp not found, will not use a pak cache.
[2026.05.08-16.41.10:040][  0]LogDerivedDataCache: Unable to find inner node CompressedPak for hierarchical cache Hierarchy.
[2026.05.08-16.41.10:053][  0]LogDerivedDataCache: Display: Pak cache opened for reading ../../../Engine/DerivedDataCache/Compressed.ddp.
[2026.05.08-16.41.10:053][  0]LogDerivedDataCache: FDerivedDataBackendGraph:  EnterprisePak pak cache file ../../../Enterprise/DerivedDataCache/Compressed.ddp not found, will not use a pak cache.
[2026.05.08-16.41.10:053][  0]LogDerivedDataCache: Unable to find inner node EnterprisePak for hierarchical cache Hierarchy.
[2026.05.08-16.41.10:060][  0]LogDerivedDataCache: Speed tests for C:/Users/2026/AppData/Local/UnrealEngine/Common/DerivedDataCache took 0.01 seconds
[2026.05.08-16.41.10:060][  0]LogDerivedDataCache: Display: Performance to C:/Users/2026/AppData/Local/UnrealEngine/Common/DerivedDataCache: Latency=0.02ms. RandomReadSpeed=1268.85MBs, RandomWriteSpeed=167.49MBs. Assigned SpeedClass 'Local'
[2026.05.08-16.41.10:061][  0]LogDerivedDataCache: Using Local data cache path C:/Users/2026/AppData/Local/UnrealEngine/Common/DerivedDataCache: Writable
[2026.05.08-16.41.10:062][  0]LogDerivedDataCache: Shared data cache path not found in *engine.ini, will not use an Shared cache.
[2026.05.08-16.41.10:062][  0]LogDerivedDataCache: Unable to find inner node Shared for hierarchical cache Hierarchy.
[2026.05.08-16.41.10:099][  0]LogSlate: Using FreeType 2.10.0
[2026.05.08-16.41.10:099][  0]LogSlate: SlateFontServices - WITH_FREETYPE: 1, WITH_HARFBUZZ: 1
[2026.05.08-16.41.10:118][  0]LogAssetRegistry: FAssetRegistry took 0.0024 seconds to start up
[2026.05.08-16.41.10:301][  0]LogInit: Selected Device Profile: [Windows]
[2026.05.08-16.41.10:301][  0]LogInit: Active device profile: [000001F1BE511400][000001F1B1540880 49] Windows
[2026.05.08-16.41.10:301][  0]LogInit: Profiles: [000001F1BE511400][000001F1B1540880 49] Windows, [000001F1BE39F300][000001F1B15689C0 49] WindowsNoEditor, [000001F1BE510E00][000001F1B88AEB00 49] WindowsServer, [000001F1BE39CF00][000001F1B88B6C80 49] WindowsClient, [000001F1BE512700][000001F1B88BEE00 49] IOS, [000001F1BE323F00][000001F1B88CEF80 49] iPadAir, [000001F1BE39C300][000001F1B88D3100 49] iPadAir2, [000001F1BF528800][000001F1BCD1F3C0 49] IPadPro, [000001F1BF528900][000001F1B88DB400 49] iPadAir3, [000001F1BE320100][000001F1BCD23580 49] iPadAir4, [000001F1BF52AF00][000001F1BCD2B700 49] iPadMini2, [000001F1BE322600][000001F1B3849880 49] iPadMini3, [000001F1BF52B800][000001F1B385DA00 49] iPadMini4, [000001F1BE320A00][000001F1BCA71B80 49] iPadMini5, [000001F1BE511D00][000001F1BCA782C0 49] iPhone6, [000001F1BE511F00][000001F1BCA74300 49] iPodTouch6, [000001F1BF523E00][000001F1BF25A5C0 49] iPhone7, [000001F1BF523F00][000001F1BF256600 49] iPodTouch7, [000001F1BF52BD00][000001F1BCA9C780 49] iPhone5S, [000001F1BF521800][000001F1BCAA0900 49] iPhone6Plus, [000001F1BF528700][000001F1B88B2A40 49] iPhone6S, [000001F1BF523200][000001F1BCAA4B80 49] iPhone6SPlus, [000001F1BE513C00][000001F1BCAA8CC0 49] iPhone7Plus, [000001F1BF520600][000001F1C062CE40 49] iPhoneSE, [000001F1BE512500][000001F1C0630FC0 49] iPhone8, [000001F1BF521D00][000001F1C0635140 49] iPhone8Plus, [000001F1BE512900][000001F1C06392C0 49] iPhoneX, [000001F1BF522B00][000001F1C0679440 49] iPhoneXS, [000001F1BE510C00][000001F1C07875C0 49] iPhoneXSMax, [000001F1BF520900][000001F1C078F740 49] iPhoneXR, [000001F1BE513500][000001F1C07938C0 49] iPhone11, [000001F1BF523D00][000001F1C0797A40 49] iPhone11Pro, [000001F1BE513300][000001F1C079BBC0 49] iPhone11ProMax, [000001F1BF522000][000001F1C07A21C0 49] iPhoneSE2, [000001F1BE512D00][000001F1C07A6340 49] iPhone12Mini, [000001F1BF521300][000001F1C07AA4C0 49] iPhone12, [000001F1BE513600][000001F1C07AE640 49] iPhone12Pro, [000001F1BF523000][000001F1C07B27C0 49] iPhone12ProMax, [000001F1BE513200][000001F1C07B6940 49] iPadPro105, [000001F1BF520700][000001F1C07BAAC0 49] iPadPro129, [000001F1BE513100][000001F1C0628C00 49] iPadPro97, [000001F1BF523300][000001F1C07BED40 49] iPadPro2_129, [000001F1BE511B00][000001F1C07C2E80 49] iPad5, [000001F1BF520200][000001F1C07C6FC0 49] iPad6, [000001F1BE510400][000001F1C07CF140 49] iPad7, [000001F1BF522300][000001F1C07D32C0 49] iPad8, [000001F1BE511C00][000001F1C07ED440 49] iPadPro11, [000001F1BF522600][000001F1C07FD5C0 49] iPadPro2_11, [000001F1BE513700][000001F1BF23F740 49] iPadPro3_129, [000001F1BF522400][000001F1BF24B8C0 49] iPadPro4_129, [000001F1BE510500][000001F1BF24FA40 49] AppleTV, [000001F1BF522500][000001F1BF253BC0 49] AppleTV4K, [000001F1BE510200][000001F1BF19A1C0 49] TVOS, [000001F1BF522200][000001F1BF1A2340 49] Mac, [000001F1BE512400][000001F1BF1A64C0 49] MacClient, [000001F1BF521000][000001F1BF1AE640 49] MacNoEditor, [000001F1BE512E00][000001F1BF1B27C0 49] MacServer, [000001F1BF522100][000001F1BF1B6940 49] Linux, [000001F1BE511300][000001F1BF1BAAC0 49] LinuxAArch64, [000001F1BF520D00][000001F1BF1AAC40 49] LinuxNoEditor, [000001F1BE513400][000001F1C07CAD80 49] LinuxAArch64NoEditor, [000001F1BF522800][000001F1BF19EEC0 49] LinuxClient, [000001F1BE511600][000001F1BCA93000 49] LinuxAArch64Client, [000001F1BF522900][000001F1BCA97140 49] LinuxServer, [000001F1BE510F00][000001F1C06032C0 49] LinuxAArch64Server, [000001F1BF520B00][000001F1C0607440 49] Android, [000001F1BE510100][000001F1C060B5C0 49] Android_Low, [000001F1BE39D700][000001F1C078B740 49] Android_Mid, [000001F1BF529E00][000001F1BCD278C0 49] Android_High, [000001F1BE39E100][000001F1BCD2FA40 49] Android_Default, [000001F1BF52BC00][000001F1C060FBC0 49] Android_Adreno4xx, [000001F1BE39FC00][000001F1C06121C0 49] Android_Adreno5xx_Low, [000001F1BF529A00][000001F1C0616340 49] Android_Adreno5xx, [000001F1BE39D600][000001F1C061A4C0 49] Android_Adreno6xx, [000001F1BF529900][000001F1C061E640 49] Android_Adreno6xx_Vulkan, [000001F1BE39FB00][000001F1C06227C0 49] Android_Mali_T6xx, [000001F1BF52B400][000001F1C0710940 49] Android_Mali_T7xx, [000001F1BE39FA00][000001F1C0714AC0 49] Android_Mali_T8xx, [000001F1BF52B900][000001F1C0718C40 49] Android_Mali_G71, [000001F1BE39E000][000001F1C071CDC0 49] Android_Mali_G72, [000001F1BF529400][000001F1C0720F40 49] Android_Mali_G72_Vulkan, [000001F1BE39EE00][000001F1C05FF080 49] Android_Mali_G76, [000001F1BF528500][000001F1C07251C0 49] Android_Mali_G76_Vulkan, [000001F1BE39D300][000001F1C0729300 49] Android_Mali_G77, [000001F1BF52A100][000001F1C0731480 49] Android_Mali_G77_Vulkan, [000001F1BE39EA00][000001F1C0735600 49] Android_Mali_G78, [000001F1BF52AC00][000001F1C0739780 49] Android_Mali_G78_Vulkan, [000001F1BE39DD00][000001F1C073D900 49] Android_Mali_G710, [000001F1BF52A500][000001F1C0741A80 49] Android_Mali_G710_Vulkan, [000001F1BE39D200][000001F1C0745C00 49] Android_Vulkan_SM5, [000001F1BF529700][000001F1C0524200 49] Android_PowerVR_G6xxx, [000001F1BE39E800][000001F1C0528380 49] Android_PowerVR_GT7xxx, [000001F1BF528C00][000001F1C052C500 49] Android_PowerVR_GE8xxx, [000001F1BE39E200][000001F1C0530680 49] Android_PowerVR_GM9xxx, [000001F1BF52A600][000001F1C0534800 49] Android_PowerVR_GM9xxx_Vulkan, [000001F1BE39C100][000001F1C0538980 49] Android_TegraK1, [000001F1BF528D00][000001F1C053CB00 49] Android_Unknown_Vulkan, [000001F1BE39F500][000001F1C0540C80 49] Lumin, [000001F1BF52BA00][000001F1C0544E00 49] Lumin_Desktop, [000001F1BE512100][000001F1C0548F80 49] HoloLens, 
[2026.05.08-16.41.10:396][  0]LogMeshReduction: Using QuadricMeshReduction for automatic static mesh reduction
[2026.05.08-16.41.10:396][  0]LogMeshReduction: Using SimplygonMeshReduction for automatic skeletal mesh reduction
[2026.05.08-16.41.10:396][  0]LogMeshReduction: Using ProxyLODMeshReduction for automatic mesh merging
[2026.05.08-16.41.10:396][  0]LogMeshReduction: No distributed automatic mesh merging module available
[2026.05.08-16.41.10:396][  0]LogMeshMerging: No distributed automatic mesh merging module available
[2026.05.08-16.41.10:407][  0]LogNetVersion: Facade 1.0.0, NetCL: 17155196, EngineNetVer: 17, GameNetVer: 0 (Checksum: 3346877052)
[2026.05.08-16.41.10:689][  0]LogTexture: Default maximum texture size for cubemaps generated from long-lat sources has been changed from 512 to unlimited. In order to preserve old behaiour for '/Engine/MapTemplates/Sky/DaylightAmbientCubemap.DaylightAmbientCubemap', its maximum texture size has been explicitly set to 512.
[2026.05.08-16.41.10:734][  0]LogHMD: PokeAHoleMaterial loaded successfully
[2026.05.08-16.41.10:740][  0]LogUObjectArray: 17178 objects as part of root set at end of initial load.
[2026.05.08-16.41.10:740][  0]LogUObjectAllocator: 4302048 out of 0 bytes used by permanent object pool.
[2026.05.08-16.41.10:740][  0]LogUObjectArray: CloseDisregardForGC: 0/0 objects in disregard for GC pool
[2026.05.08-16.41.10:963][  0]LogNiagaraDebuggerClient: Niagara Debugger Client Initialized | Session: 9166B6694740C20BAD8AFE8CDD50CEC3 | Instance: 9FF4407B480E3CDA6B62DE80C099313F (LAPTOP-590ECT4E-16852).
[2026.05.08-16.41.11:055][  0]LogPython: Using Python 3.7.7
[2026.05.08-16.41.11:421][  0]LogUdpMessaging: Initializing bridge on interface 0.0.0.0:0 to multicast group 230.0.0.1:6666.
[2026.05.08-16.41.11:432][  0]LogTcpMessaging: Initializing TcpMessaging bridge
[2026.05.08-16.41.11:619][  0]SourceControl: El control de código fuente está desactivado
[2026.05.08-16.41.11:619][  0]SourceControl: El control de código fuente está desactivado
[2026.05.08-16.41.11:622][  0]SourceControl: El control de código fuente está desactivado
[2026.05.08-16.41.11:624][  0]SourceControl: El control de código fuente está desactivado
[2026.05.08-16.41.11:630][  0]SourceControl: El control de código fuente está desactivado
[2026.05.08-16.41.11:636][  0]LogUProjectInfo: Found projects:
[2026.05.08-16.41.11:812][  0]LogOpenImageDenoise: OIDN starting up
[2026.05.08-16.41.11:826][  0]LogAndroidPermission: UAndroidPermissionCallbackProxy::GetInstance
[2026.05.08-16.41.11:843][  0]LogAudioCaptureCore: Display: No Audio Capture implementations found. Audio input will be silent.
[2026.05.08-16.41.11:843][  0]LogAudioCaptureCore: Display: No Audio Capture implementations found. Audio input will be silent.
[2026.05.08-16.41.11:944][  0]LogCollectionManager: Loaded 0 collections in 0.001905 seconds
[2026.05.08-16.41.11:969][  0]LogFileCache: Scanning file cache for directory 'C:/Users/2026/Documents/Unreal Projects/Facade/Saved/Collections/' took 0.00s
[2026.05.08-16.41.11:969][  0]LogFileCache: Scanning file cache for directory 'C:/Users/2026/Documents/Unreal Projects/Facade/Content/Developers/2026/Collections/' took 0.00s
[2026.05.08-16.41.11:969][  0]LogFileCache: Scanning file cache for directory 'C:/Users/2026/Documents/Unreal Projects/Facade/Content/Collections/' took 0.00s
[2026.05.08-16.41.11:969][  0]LogOcInput: OculusInput pre-init called
[2026.05.08-16.41.12:165][  0]LogEngine: Initializing Engine...
[2026.05.08-16.41.12:169][  0]LogHMD: Failed to enumerate extensions. Please check that you have a valid OpenXR runtime installed.
[2026.05.08-16.41.12:169][  0]LogHMD: Failed to initialize OpenVR with code 110
[2026.05.08-16.41.12:169][  0]LogMagicLeap: Warning: VR disabled because ZI is not enabled.  To enable, in the editor, Edit -> Project Settings -> Plugins -> Magic Leap Plugin -> Enable Zero Iteration
[2026.05.08-16.41.12:170][  0]LogStats: UGameplayTagsManager::InitializeManager -  0.000 s
[2026.05.08-16.41.12:263][  0]LogInit: Initializing FReadOnlyCVARCache
[2026.05.08-16.41.12:274][  0]LogAIModule: Creating AISystem for world Untitled
[2026.05.08-16.41.12:275][  0]LogAudio: Display: Initializing Audio Device Manager...
[2026.05.08-16.41.12:277][  0]LogAudio: Display: Loading Default Audio Settings Objects...
[2026.05.08-16.41.12:278][  0]LogAudio: Display: No default SoundConcurrencyObject specified (or failed to load).
[2026.05.08-16.41.12:278][  0]LogAudio: Display: Audio Device Manager Initialized
[2026.05.08-16.41.12:278][  0]LogAudio: Display: Creating Audio Device:                 Id: 1, Scope: Shared, Realtime: True
[2026.05.08-16.41.12:278][  0]LogAudioMixer: Display: Audio Mixer Platform Settings:
[2026.05.08-16.41.12:278][  0]LogAudioMixer: Display: 	Sample Rate:						  48000
[2026.05.08-16.41.12:278][  0]LogAudioMixer: Display: 	Callback Buffer Frame Size Requested: 1024
[2026.05.08-16.41.12:278][  0]LogAudioMixer: Display: 	Callback Buffer Frame Size To Use:	  1024
[2026.05.08-16.41.12:278][  0]LogAudioMixer: Display: 	Number of buffers to queue:			  2
[2026.05.08-16.41.12:278][  0]LogAudioMixer: Display: 	Max Channels (voices):				  32
[2026.05.08-16.41.12:278][  0]LogAudioMixer: Display: 	Number of Async Source Workers:		  0
[2026.05.08-16.41.12:278][  0]LogAudio: Display: AudioDevice MaxSources: 32
[2026.05.08-16.41.12:278][  0]LogAudio: Display: Audio Spatialization Plugin: None (built-in).
[2026.05.08-16.41.12:278][  0]LogAudio: Display: Audio Reverb Plugin: None (built-in).
[2026.05.08-16.41.12:278][  0]LogAudio: Display: Audio Occlusion Plugin: None (built-in).
[2026.05.08-16.41.12:278][  0]LogAudioMixer: Display: Initializing audio mixer.
[2026.05.08-16.41.12:287][  0]LogAudioMixer: Display: 0: FrontLeft
[2026.05.08-16.41.12:287][  0]LogAudioMixer: Display: 1: FrontRight
[2026.05.08-16.41.12:411][  0]LogAudioMixer: Display: Using Audio Device Speakers (Realtek(R) Audio)
[2026.05.08-16.41.12:412][  0]LogAudioMixer: Display: Initializing Sound Submixes...
[2026.05.08-16.41.12:414][  0]LogAudioMixer: Display: Creating Master Submix 'MasterSubmixDefault'
[2026.05.08-16.41.12:414][  0]LogAudioMixer: Display: Creating Master Submix 'MasterReverbSubmixDefault'
[2026.05.08-16.41.12:415][  0]LogAudioMixer: Display: Creating Master Submix 'MasterEQSubmixDefault'
[2026.05.08-16.41.12:415][  0]LogAudioMixer: FMixerPlatformXAudio2::StartAudioStream() called
[2026.05.08-16.41.12:415][  0]LogAudioMixer: Display: Output buffers initialized: Frames=1024, Channels=2, Samples=2048
[2026.05.08-16.41.12:417][  0]LogAudioMixer: Display: Starting AudioMixerPlatformInterface::RunInternal()
[2026.05.08-16.41.12:417][  0]LogAudioMixer: Display: FMixerPlatformXAudio2::SubmitBuffer() called for the first time
[2026.05.08-16.41.12:417][  0]LogInit: FAudioDevice initialized.
[2026.05.08-16.41.12:417][  0]LogAudio: Display: Audio Device (ID: 1) registered with world 'Untitled'.
[2026.05.08-16.41.12:418][  0]LogNetVersion: Set ProjectVersion to 1.0.0.0. Version Checksum will be recalculated on next use.
[2026.05.08-16.41.12:467][  0]LogDerivedDataCache: Saved boot cache 0.05s 95MB C:/Users/2026/AppData/Local/UnrealEngine/4.27/DerivedDataCache/Boot.ddc.
[2026.05.08-16.41.12:467][  0]LogInit: Texture streaming: Enabled
[2026.05.08-16.41.12:478][  0]LogAnalytics: Display: [UEEditor.Rocket.Release] APIServer = https://datarouter.ol.epicgames.com/. AppVersion = 4.27.2-18319896+++UE4+Release-4.27
[2026.05.08-16.41.12:481][  0]LogEngineSessionManager: EngineSessionManager initialized
[2026.05.08-16.41.12:481][  0]LogEditorSessionSummary: Verbose: Initializing EditorSessionSummaryWriter for editor session tracking
[2026.05.08-16.41.12:483][  0]LogEditorSessionSummary: EditorSessionSummaryWriter initialized
[2026.05.08-16.41.12:508][  0]LogInit: Transaction tracking system initialized
[2026.05.08-16.41.12:528][  0]BlueprintLog: New page: Cargar el editor
[2026.05.08-16.41.12:574][  0]LocalizationService: Localization service is disabled
[2026.05.08-16.41.12:595][  0]TimingProfiler: Initialize
[2026.05.08-16.41.12:595][  0]TimingProfiler: OnSessionChanged
[2026.05.08-16.41.12:595][  0]LoadingProfiler: Initialize
[2026.05.08-16.41.12:596][  0]LoadingProfiler: OnSessionChanged
[2026.05.08-16.41.12:596][  0]NetworkingProfiler: Initialize
[2026.05.08-16.41.12:596][  0]NetworkingProfiler: OnSessionChanged
[2026.05.08-16.41.12:596][  0]MemoryProfiler: Initialize
[2026.05.08-16.41.12:596][  0]MemoryProfiler: OnSessionChanged
[2026.05.08-16.41.12:711][  0]LogCook: Display: CookSettings for Memory: MemoryMaxUsedVirtual 0MiB, MemoryMaxUsedPhysical 16384MiB, MemoryMinFreeVirtual 0MiB, MemoryMinFreePhysical 1024MiB
[2026.05.08-16.41.12:711][  0]LogCook: Display: Mobile HDR setting 1
[2026.05.08-16.41.12:860][  0]LogFileCache: Scanning file cache for directory 'C:/Users/2026/Documents/Unreal Projects/Facade/Content/' took 0.00s
[2026.05.08-16.41.13:010][  0]LogInit: Display: Engine is initialized. Leaving FEngineLoop::Init()
[2026.05.08-16.41.13:012][  0]SourceControl: El control de código fuente está desactivado
[2026.05.08-16.41.13:012][  0]LogUnrealEdMisc: Loading editor; pre map load, took 5.314
[2026.05.08-16.41.13:012][  0]Cmd: MAP LOAD FILE="../../../../../../Users/2026/Documents/Unreal Projects/Facade/Content/TwinStickCPP/Maps/TwinStickExampleMap.umap" TEMPLATE=0 SHOWPROGRESS=1 FEATURELEVEL=3
[2026.05.08-16.41.13:013][  0]LightingResults: New page: Diseñar la iluminación
[2026.05.08-16.41.13:014][  0]LogWorld: UWorld::CleanupWorld for Untitled, bSessionEnded=true, bCleanupResources=true
[2026.05.08-16.41.13:014][  0]LogSlate: InvalidateAllWidgets triggered.  All widgets were invalidated
[2026.05.08-16.41.13:014][  0]MapCheck: New page: Revisión del mapa
[2026.05.08-16.41.13:014][  0]LightingResults: New page: Diseñar la iluminación
[2026.05.08-16.41.13:021][  0]LogAudio: Display: Audio Device unregistered from world 'None'.
[2026.05.08-16.41.13:023][  0]LogUObjectHash: Compacting FUObjectHashTables data took   0.58ms
[2026.05.08-16.41.13:082][  0]LogAudio: Display: Audio Device (ID: 1) registered with world 'TwinStickExampleMap'.
[2026.05.08-16.41.13:082][  0]LogAIModule: Creating AISystem for world TwinStickExampleMap
[2026.05.08-16.41.13:101][  0]LogEditorServer: Finished looking for orphan Actors (0.000 secs)
[2026.05.08-16.41.13:106][  0]LogUObjectHash: Compacting FUObjectHashTables data took   0.77ms
[2026.05.08-16.41.13:106][  0]Cmd: MAP CHECKDEP NOCLEARLOG
[2026.05.08-16.41.13:107][  0]MapCheck: Map check complete: 0 Error(s), 0 Warning(s), took 0,194ms to complete.
[2026.05.08-16.41.13:107][  0]LogFileHelpers: Loading map 'TwinStickExampleMap' took 0.095
[2026.05.08-16.41.13:110][  0]LogUnrealEdMisc: Total Editor Startup Time, took 5.412
[2026.05.08-16.41.13:208][  0]LogSlate: Updating window title bar state: overlay mode, drag disabled, window buttons hidden, title bar hidden
[2026.05.08-16.41.13:212][  0]LogSlate: Updating window title bar state: overlay mode, drag disabled, window buttons hidden, title bar hidden
[2026.05.08-16.41.13:216][  0]LogSlate: Updating window title bar state: overlay mode, drag disabled, window buttons hidden, title bar hidden
[2026.05.08-16.41.13:220][  0]LogSlate: Updating window title bar state: overlay mode, drag disabled, window buttons hidden, title bar hidden
[2026.05.08-16.41.13:235][  0]LogNativeClassHierarchy: Verbose: Native class hierarchy populated in 0.0106 seconds. Added 3829 classes and 930 folders.
[2026.05.08-16.41.13:238][  0]LogNativeClassHierarchy: Verbose: Native class hierarchy updated for 'WidgetCarousel' in 0.0003 seconds. Added 0 classes and 0 folders.
[2026.05.08-16.41.13:242][  0]LogPakFile: PakFile PrimaryIndexSize=187
[2026.05.08-16.41.13:242][  0]LogPakFile: PakFile PathHashIndexSize=101
[2026.05.08-16.41.13:242][  0]LogPakFile: PakFile FullDirectoryIndexSize=148
[2026.05.08-16.41.13:242][  0]LogShaderLibrary: Display: ShaderCodeLibraryPakFileMountedCallback: PakFile 'C:/Program Files/Epic Games/UE_4.27/FeaturePacks/FP_FirstPerson.upack' (chunk index -1, root 'root:/') mounted
[2026.05.08-16.41.13:242][  0]LogShaderLibrary: Display: ShaderCodeLibraryPakFileMountedCallback: pending pak file info (ChunkID:-1 Root:root:/ File:C:/Program Files/Epic Games/UE_4.27/FeaturePacks/FP_FirstPerson.upack)
[2026.05.08-16.41.13:242][  0]LogPakFile: OnPakFileMounted2Time == 0.000059
[2026.05.08-16.41.13:243][  0]LogPakFile: PakFile PrimaryIndexSize=189
[2026.05.08-16.41.13:243][  0]LogPakFile: PakFile PathHashIndexSize=101
[2026.05.08-16.41.13:243][  0]LogPakFile: PakFile FullDirectoryIndexSize=152
[2026.05.08-16.41.13:243][  0]LogShaderLibrary: Display: ShaderCodeLibraryPakFileMountedCallback: PakFile 'C:/Program Files/Epic Games/UE_4.27/FeaturePacks/FP_FirstPersonBP.upack' (chunk index -1, root 'root:/') mounted
[2026.05.08-16.41.13:243][  0]LogShaderLibrary: Display: ShaderCodeLibraryPakFileMountedCallback: pending pak file info (ChunkID:-1 Root:root:/ File:C:/Program Files/Epic Games/UE_4.27/FeaturePacks/FP_FirstPersonBP.upack)
[2026.05.08-16.41.13:243][  0]LogPakFile: OnPakFileMounted2Time == 0.000042
[2026.05.08-16.41.13:244][  0]LogPakFile: PakFile PrimaryIndexSize=191
[2026.05.08-16.41.13:244][  0]LogPakFile: PakFile PathHashIndexSize=101
[2026.05.08-16.41.13:244][  0]LogPakFile: PakFile FullDirectoryIndexSize=160
[2026.05.08-16.41.13:244][  0]LogShaderLibrary: Display: ShaderCodeLibraryPakFileMountedCallback: PakFile 'C:/Program Files/Epic Games/UE_4.27/FeaturePacks/MobileStarterContent.upack' (chunk index -1, root 'root:/') mounted
[2026.05.08-16.41.13:244][  0]LogShaderLibrary: Display: ShaderCodeLibraryPakFileMountedCallback: pending pak file info (ChunkID:-1 Root:root:/ File:C:/Program Files/Epic Games/UE_4.27/FeaturePacks/MobileStarterContent.upack)
[2026.05.08-16.41.13:244][  0]LogPakFile: OnPakFileMounted2Time == 0.000034
[2026.05.08-16.41.13:246][  0]LogPakFile: PakFile PrimaryIndexSize=185
[2026.05.08-16.41.13:246][  0]LogPakFile: PakFile PathHashIndexSize=101
[2026.05.08-16.41.13:246][  0]LogPakFile: PakFile FullDirectoryIndexSize=148
[2026.05.08-16.41.13:246][  0]LogShaderLibrary: Display: ShaderCodeLibraryPakFileMountedCallback: PakFile 'C:/Program Files/Epic Games/UE_4.27/FeaturePacks/StarterContent.upack' (chunk index -1, root 'root:/') mounted
[2026.05.08-16.41.13:246][  0]LogShaderLibrary: Display: ShaderCodeLibraryPakFileMountedCallback: pending pak file info (ChunkID:-1 Root:root:/ File:C:/Program Files/Epic Games/UE_4.27/FeaturePacks/StarterContent.upack)
[2026.05.08-16.41.13:246][  0]LogPakFile: OnPakFileMounted2Time == 0.000024
[2026.05.08-16.41.13:247][  0]LogPakFile: PakFile PrimaryIndexSize=190
[2026.05.08-16.41.13:247][  0]LogPakFile: PakFile PathHashIndexSize=101
[2026.05.08-16.41.13:247][  0]LogPakFile: PakFile FullDirectoryIndexSize=154
[2026.05.08-16.41.13:247][  0]LogShaderLibrary: Display: ShaderCodeLibraryPakFileMountedCallback: PakFile 'C:/Program Files/Epic Games/UE_4.27/FeaturePacks/TP_2DSideScroller.upack' (chunk index -1, root 'root:/') mounted
[2026.05.08-16.41.13:247][  0]LogShaderLibrary: Display: ShaderCodeLibraryPakFileMountedCallback: pending pak file info (ChunkID:-1 Root:root:/ File:C:/Program Files/Epic Games/UE_4.27/FeaturePacks/TP_2DSideScroller.upack)
[2026.05.08-16.41.13:247][  0]LogPakFile: OnPakFileMounted2Time == 0.000022
[2026.05.08-16.41.13:248][  0]LogPakFile: PakFile PrimaryIndexSize=192
[2026.05.08-16.41.13:248][  0]LogPakFile: PakFile PathHashIndexSize=101
[2026.05.08-16.41.13:248][  0]LogPakFile: PakFile FullDirectoryIndexSize=158
[2026.05.08-16.41.13:248][  0]LogShaderLibrary: Display: ShaderCodeLibraryPakFileMountedCallback: PakFile 'C:/Program Files/Epic Games/UE_4.27/FeaturePacks/TP_2DSideScrollerBP.upack' (chunk index -1, root 'root:/') mounted
[2026.05.08-16.41.13:248][  0]LogShaderLibrary: Display: ShaderCodeLibraryPakFileMountedCallback: pending pak file info (ChunkID:-1 Root:root:/ File:C:/Program Files/Epic Games/UE_4.27/FeaturePacks/TP_2DSideScrollerBP.upack)
[2026.05.08-16.41.13:248][  0]LogPakFile: OnPakFileMounted2Time == 0.000031
[2026.05.08-16.41.13:250][  0]LogPakFile: PakFile PrimaryIndexSize=182
[2026.05.08-16.41.13:250][  0]LogPakFile: PakFile PathHashIndexSize=101
[2026.05.08-16.41.13:250][  0]LogPakFile: PakFile FullDirectoryIndexSize=138
[2026.05.08-16.41.13:250][  0]LogShaderLibrary: Display: ShaderCodeLibraryPakFileMountedCallback: PakFile 'C:/Program Files/Epic Games/UE_4.27/FeaturePacks/TP_Flying.upack' (chunk index -1, root 'root:/') mounted
[2026.05.08-16.41.13:250][  0]LogShaderLibrary: Display: ShaderCodeLibraryPakFileMountedCallback: pending pak file info (ChunkID:-1 Root:root:/ File:C:/Program Files/Epic Games/UE_4.27/FeaturePacks/TP_Flying.upack)
[2026.05.08-16.41.13:250][  0]LogPakFile: OnPakFileMounted2Time == 0.000038
[2026.05.08-16.41.13:251][  0]LogPakFile: PakFile PrimaryIndexSize=184
[2026.05.08-16.41.13:251][  0]LogPakFile: PakFile PathHashIndexSize=101
[2026.05.08-16.41.13:251][  0]LogPakFile: PakFile FullDirectoryIndexSize=142
[2026.05.08-16.41.13:251][  0]LogShaderLibrary: Display: ShaderCodeLibraryPakFileMountedCallback: PakFile 'C:/Program Files/Epic Games/UE_4.27/FeaturePacks/TP_FlyingBP.upack' (chunk index -1, root 'root:/') mounted
[2026.05.08-16.41.13:251][  0]LogShaderLibrary: Display: ShaderCodeLibraryPakFileMountedCallback: pending pak file info (ChunkID:-1 Root:root:/ File:C:/Program Files/Epic Games/UE_4.27/FeaturePacks/TP_FlyingBP.upack)
[2026.05.08-16.41.13:251][  0]LogPakFile: OnPakFileMounted2Time == 0.000021
[2026.05.08-16.41.13:252][  0]LogPakFile: PakFile PrimaryIndexSize=188
[2026.05.08-16.41.13:252][  0]LogPakFile: PakFile PathHashIndexSize=101
[2026.05.08-16.41.13:252][  0]LogPakFile: PakFile FullDirectoryIndexSize=150
[2026.05.08-16.41.13:252][  0]LogShaderLibrary: Display: ShaderCodeLibraryPakFileMountedCallback: PakFile 'C:/Program Files/Epic Games/UE_4.27/FeaturePacks/TP_HandheldARBP.upack' (chunk index -1, root 'root:/') mounted
[2026.05.08-16.41.13:252][  0]LogShaderLibrary: Display: ShaderCodeLibraryPakFileMountedCallback: pending pak file info (ChunkID:-1 Root:root:/ File:C:/Program Files/Epic Games/UE_4.27/FeaturePacks/TP_HandheldARBP.upack)
[2026.05.08-16.41.13:253][  0]LogPakFile: OnPakFileMounted2Time == 0.000031
[2026.05.08-16.41.13:255][  0]LogPakFile: PakFile PrimaryIndexSize=182
[2026.05.08-16.41.13:255][  0]LogPakFile: PakFile PathHashIndexSize=101
[2026.05.08-16.41.13:255][  0]LogPakFile: PakFile FullDirectoryIndexSize=138
[2026.05.08-16.41.13:255][  0]LogShaderLibrary: Display: ShaderCodeLibraryPakFileMountedCallback: PakFile 'C:/Program Files/Epic Games/UE_4.27/FeaturePacks/TP_Puzzle.upack' (chunk index -1, root 'root:/') mounted
[2026.05.08-16.41.13:255][  0]LogShaderLibrary: Display: ShaderCodeLibraryPakFileMountedCallback: pending pak file info (ChunkID:-1 Root:root:/ File:C:/Program Files/Epic Games/UE_4.27/FeaturePacks/TP_Puzzle.upack)
[2026.05.08-16.41.13:255][  0]LogPakFile: OnPakFileMounted2Time == 0.000034
[2026.05.08-16.41.13:256][  0]LogPakFile: PakFile PrimaryIndexSize=184
[2026.05.08-16.41.13:256][  0]LogPakFile: PakFile PathHashIndexSize=101
[2026.05.08-16.41.13:256][  0]LogPakFile: PakFile FullDirectoryIndexSize=142
[2026.05.08-16.41.13:256][  0]LogShaderLibrary: Display: ShaderCodeLibraryPakFileMountedCallback: PakFile 'C:/Program Files/Epic Games/UE_4.27/FeaturePacks/TP_PuzzleBP.upack' (chunk index -1, root 'root:/') mounted
[2026.05.08-16.41.13:256][  0]LogShaderLibrary: Display: ShaderCodeLibraryPakFileMountedCallback: pending pak file info (ChunkID:-1 Root:root:/ File:C:/Program Files/Epic Games/UE_4.27/FeaturePacks/TP_PuzzleBP.upack)
[2026.05.08-16.41.13:256][  0]LogPakFile: OnPakFileMounted2Time == 0.000032
[2026.05.08-16.41.13:258][  0]LogPakFile: PakFile PrimaryIndexSize=183
[2026.05.08-16.41.13:258][  0]LogPakFile: PakFile PathHashIndexSize=101
[2026.05.08-16.41.13:258][  0]LogPakFile: PakFile FullDirectoryIndexSize=140
[2026.05.08-16.41.13:258][  0]LogShaderLibrary: Display: ShaderCodeLibraryPakFileMountedCallback: PakFile 'C:/Program Files/Epic Games/UE_4.27/FeaturePacks/TP_Rolling.upack' (chunk index -1, root 'root:/') mounted
[2026.05.08-16.41.13:258][  0]LogShaderLibrary: Display: ShaderCodeLibraryPakFileMountedCallback: pending pak file info (ChunkID:-1 Root:root:/ File:C:/Program Files/Epic Games/UE_4.27/FeaturePacks/TP_Rolling.upack)
[2026.05.08-16.41.13:258][  0]LogPakFile: OnPakFileMounted2Time == 0.000032
[2026.05.08-16.41.13:259][  0]LogPakFile: PakFile PrimaryIndexSize=185
[2026.05.08-16.41.13:259][  0]LogPakFile: PakFile PathHashIndexSize=101
[2026.05.08-16.41.13:259][  0]LogPakFile: PakFile FullDirectoryIndexSize=144
[2026.05.08-16.41.13:259][  0]LogShaderLibrary: Display: ShaderCodeLibraryPakFileMountedCallback: PakFile 'C:/Program Files/Epic Games/UE_4.27/FeaturePacks/TP_RollingBP.upack' (chunk index -1, root 'root:/') mounted
[2026.05.08-16.41.13:259][  0]LogShaderLibrary: Display: ShaderCodeLibraryPakFileMountedCallback: pending pak file info (ChunkID:-1 Root:root:/ File:C:/Program Files/Epic Games/UE_4.27/FeaturePacks/TP_RollingBP.upack)
[2026.05.08-16.41.13:259][  0]LogPakFile: OnPakFileMounted2Time == 0.000022
[2026.05.08-16.41.13:261][  0]LogPakFile: PakFile PrimaryIndexSize=188
[2026.05.08-16.41.13:261][  0]LogPakFile: PakFile PathHashIndexSize=101
[2026.05.08-16.41.13:261][  0]LogPakFile: PakFile FullDirectoryIndexSize=150
[2026.05.08-16.41.13:261][  0]LogShaderLibrary: Display: ShaderCodeLibraryPakFileMountedCallback: PakFile 'C:/Program Files/Epic Games/UE_4.27/FeaturePacks/TP_SideScroller.upack' (chunk index -1, root 'root:/') mounted
[2026.05.08-16.41.13:261][  0]LogShaderLibrary: Display: ShaderCodeLibraryPakFileMountedCallback: pending pak file info (ChunkID:-1 Root:root:/ File:C:/Program Files/Epic Games/UE_4.27/FeaturePacks/TP_SideScroller.upack)
[2026.05.08-16.41.13:261][  0]LogPakFile: OnPakFileMounted2Time == 0.000021
[2026.05.08-16.41.13:262][  0]LogPakFile: PakFile PrimaryIndexSize=190
[2026.05.08-16.41.13:262][  0]LogPakFile: PakFile PathHashIndexSize=101
[2026.05.08-16.41.13:262][  0]LogPakFile: PakFile FullDirectoryIndexSize=154
[2026.05.08-16.41.13:262][  0]LogShaderLibrary: Display: ShaderCodeLibraryPakFileMountedCallback: PakFile 'C:/Program Files/Epic Games/UE_4.27/FeaturePacks/TP_SideScrollerBP.upack' (chunk index -1, root 'root:/') mounted
[2026.05.08-16.41.13:262][  0]LogShaderLibrary: Display: ShaderCodeLibraryPakFileMountedCallback: pending pak file info (ChunkID:-1 Root:root:/ File:C:/Program Files/Epic Games/UE_4.27/FeaturePacks/TP_SideScrollerBP.upack)
[2026.05.08-16.41.13:262][  0]LogPakFile: OnPakFileMounted2Time == 0.000031
[2026.05.08-16.41.13:263][  0]LogPakFile: PakFile PrimaryIndexSize=187
[2026.05.08-16.41.13:263][  0]LogPakFile: PakFile PathHashIndexSize=101
[2026.05.08-16.41.13:263][  0]LogPakFile: PakFile FullDirectoryIndexSize=148
[2026.05.08-16.41.13:263][  0]LogShaderLibrary: Display: ShaderCodeLibraryPakFileMountedCallback: PakFile 'C:/Program Files/Epic Games/UE_4.27/FeaturePacks/TP_ThirdPerson.upack' (chunk index -1, root 'root:/') mounted
[2026.05.08-16.41.13:263][  0]LogShaderLibrary: Display: ShaderCodeLibraryPakFileMountedCallback: pending pak file info (ChunkID:-1 Root:root:/ File:C:/Program Files/Epic Games/UE_4.27/FeaturePacks/TP_ThirdPerson.upack)
[2026.05.08-16.41.13:263][  0]LogPakFile: OnPakFileMounted2Time == 0.000028
[2026.05.08-16.41.13:264][  0]LogPakFile: PakFile PrimaryIndexSize=189
[2026.05.08-16.41.13:264][  0]LogPakFile: PakFile PathHashIndexSize=101
[2026.05.08-16.41.13:264][  0]LogPakFile: PakFile FullDirectoryIndexSize=152
[2026.05.08-16.41.13:264][  0]LogShaderLibrary: Display: ShaderCodeLibraryPakFileMountedCallback: PakFile 'C:/Program Files/Epic Games/UE_4.27/FeaturePacks/TP_ThirdPersonBP.upack' (chunk index -1, root 'root:/') mounted
[2026.05.08-16.41.13:264][  0]LogShaderLibrary: Display: ShaderCodeLibraryPakFileMountedCallback: pending pak file info (ChunkID:-1 Root:root:/ File:C:/Program Files/Epic Games/UE_4.27/FeaturePacks/TP_ThirdPersonBP.upack)
[2026.05.08-16.41.13:264][  0]LogPakFile: OnPakFileMounted2Time == 0.000031
[2026.05.08-16.41.13:265][  0]LogPakFile: PakFile PrimaryIndexSize=183
[2026.05.08-16.41.13:265][  0]LogPakFile: PakFile PathHashIndexSize=101
[2026.05.08-16.41.13:265][  0]LogPakFile: PakFile FullDirectoryIndexSize=140
[2026.05.08-16.41.13:265][  0]LogShaderLibrary: Display: ShaderCodeLibraryPakFileMountedCallback: PakFile 'C:/Program Files/Epic Games/UE_4.27/FeaturePacks/TP_TopDown.upack' (chunk index -1, root 'root:/') mounted
[2026.05.08-16.41.13:265][  0]LogShaderLibrary: Display: ShaderCodeLibraryPakFileMountedCallback: pending pak file info (ChunkID:-1 Root:root:/ File:C:/Program Files/Epic Games/UE_4.27/FeaturePacks/TP_TopDown.upack)
[2026.05.08-16.41.13:265][  0]LogPakFile: OnPakFileMounted2Time == 0.000035
[2026.05.08-16.41.13:267][  0]LogPakFile: PakFile PrimaryIndexSize=185
[2026.05.08-16.41.13:267][  0]LogPakFile: PakFile PathHashIndexSize=101
[2026.05.08-16.41.13:267][  0]LogPakFile: PakFile FullDirectoryIndexSize=144
[2026.05.08-16.41.13:267][  0]LogShaderLibrary: Display: ShaderCodeLibraryPakFileMountedCallback: PakFile 'C:/Program Files/Epic Games/UE_4.27/FeaturePacks/TP_TopDownBP.upack' (chunk index -1, root 'root:/') mounted
[2026.05.08-16.41.13:267][  0]LogShaderLibrary: Display: ShaderCodeLibraryPakFileMountedCallback: pending pak file info (ChunkID:-1 Root:root:/ File:C:/Program Files/Epic Games/UE_4.27/FeaturePacks/TP_TopDownBP.upack)
[2026.05.08-16.41.13:267][  0]LogPakFile: OnPakFileMounted2Time == 0.000060
[2026.05.08-16.41.13:269][  0]LogPakFile: PakFile PrimaryIndexSize=185
[2026.05.08-16.41.13:269][  0]LogPakFile: PakFile PathHashIndexSize=101
[2026.05.08-16.41.13:269][  0]LogPakFile: PakFile FullDirectoryIndexSize=144
[2026.05.08-16.41.13:269][  0]LogShaderLibrary: Display: ShaderCodeLibraryPakFileMountedCallback: PakFile 'C:/Program Files/Epic Games/UE_4.27/FeaturePacks/TP_TwinStick.upack' (chunk index -1, root 'root:/') mounted
[2026.05.08-16.41.13:269][  0]LogShaderLibrary: Display: ShaderCodeLibraryPakFileMountedCallback: pending pak file info (ChunkID:-1 Root:root:/ File:C:/Program Files/Epic Games/UE_4.27/FeaturePacks/TP_TwinStick.upack)
[2026.05.08-16.41.13:269][  0]LogPakFile: OnPakFileMounted2Time == 0.000030
[2026.05.08-16.41.13:270][  0]LogPakFile: PakFile PrimaryIndexSize=187
[2026.05.08-16.41.13:270][  0]LogPakFile: PakFile PathHashIndexSize=101
[2026.05.08-16.41.13:270][  0]LogPakFile: PakFile FullDirectoryIndexSize=148
[2026.05.08-16.41.13:270][  0]LogShaderLibrary: Display: ShaderCodeLibraryPakFileMountedCallback: PakFile 'C:/Program Files/Epic Games/UE_4.27/FeaturePacks/TP_TwinStickBP.upack' (chunk index -1, root 'root:/') mounted
[2026.05.08-16.41.13:270][  0]LogShaderLibrary: Display: ShaderCodeLibraryPakFileMountedCallback: pending pak file info (ChunkID:-1 Root:root:/ File:C:/Program Files/Epic Games/UE_4.27/FeaturePacks/TP_TwinStickBP.upack)
[2026.05.08-16.41.13:270][  0]LogPakFile: OnPakFileMounted2Time == 0.000031
[2026.05.08-16.41.13:271][  0]LogPakFile: PakFile PrimaryIndexSize=183
[2026.05.08-16.41.13:271][  0]LogPakFile: PakFile PathHashIndexSize=101
[2026.05.08-16.41.13:271][  0]LogPakFile: PakFile FullDirectoryIndexSize=140
[2026.05.08-16.41.13:271][  0]LogShaderLibrary: Display: ShaderCodeLibraryPakFileMountedCallback: PakFile 'C:/Program Files/Epic Games/UE_4.27/FeaturePacks/TP_Vehicle.upack' (chunk index -1, root 'root:/') mounted
[2026.05.08-16.41.13:271][  0]LogShaderLibrary: Display: ShaderCodeLibraryPakFileMountedCallback: pending pak file info (ChunkID:-1 Root:root:/ File:C:/Program Files/Epic Games/UE_4.27/FeaturePacks/TP_Vehicle.upack)
[2026.05.08-16.41.13:271][  0]LogPakFile: OnPakFileMounted2Time == 0.000035
[2026.05.08-16.41.13:273][  0]LogPakFile: PakFile PrimaryIndexSize=186
[2026.05.08-16.41.13:273][  0]LogPakFile: PakFile PathHashIndexSize=101
[2026.05.08-16.41.13:273][  0]LogPakFile: PakFile FullDirectoryIndexSize=146
[2026.05.08-16.41.13:273][  0]LogShaderLibrary: Display: ShaderCodeLibraryPakFileMountedCallback: PakFile 'C:/Program Files/Epic Games/UE_4.27/FeaturePacks/TP_VehicleAdv.upack' (chunk index -1, root 'root:/') mounted
[2026.05.08-16.41.13:273][  0]LogShaderLibrary: Display: ShaderCodeLibraryPakFileMountedCallback: pending pak file info (ChunkID:-1 Root:root:/ File:C:/Program Files/Epic Games/UE_4.27/FeaturePacks/TP_VehicleAdv.upack)
[2026.05.08-16.41.13:273][  0]LogPakFile: OnPakFileMounted2Time == 0.000033
[2026.05.08-16.41.13:274][  0]LogPakFile: PakFile PrimaryIndexSize=188
[2026.05.08-16.41.13:274][  0]LogPakFile: PakFile PathHashIndexSize=101
[2026.05.08-16.41.13:274][  0]LogPakFile: PakFile FullDirectoryIndexSize=150
[2026.05.08-16.41.13:274][  0]LogShaderLibrary: Display: ShaderCodeLibraryPakFileMountedCallback: PakFile 'C:/Program Files/Epic Games/UE_4.27/FeaturePacks/TP_VehicleAdvBP.upack' (chunk index -1, root 'root:/') mounted
[2026.05.08-16.41.13:274][  0]LogShaderLibrary: Display: ShaderCodeLibraryPakFileMountedCallback: pending pak file info (ChunkID:-1 Root:root:/ File:C:/Program Files/Epic Games/UE_4.27/FeaturePacks/TP_VehicleAdvBP.upack)
[2026.05.08-16.41.13:274][  0]LogPakFile: OnPakFileMounted2Time == 0.000022
[2026.05.08-16.41.13:275][  0]LogPakFile: PakFile PrimaryIndexSize=185
[2026.05.08-16.41.13:275][  0]LogPakFile: PakFile PathHashIndexSize=101
[2026.05.08-16.41.13:275][  0]LogPakFile: PakFile FullDirectoryIndexSize=144
[2026.05.08-16.41.13:275][  0]LogShaderLibrary: Display: ShaderCodeLibraryPakFileMountedCallback: PakFile 'C:/Program Files/Epic Games/UE_4.27/FeaturePacks/TP_VehicleBP.upack' (chunk index -1, root 'root:/') mounted
[2026.05.08-16.41.13:275][  0]LogShaderLibrary: Display: ShaderCodeLibraryPakFileMountedCallback: pending pak file info (ChunkID:-1 Root:root:/ File:C:/Program Files/Epic Games/UE_4.27/FeaturePacks/TP_VehicleBP.upack)
[2026.05.08-16.41.13:275][  0]LogPakFile: OnPakFileMounted2Time == 0.000032
[2026.05.08-16.41.13:277][  0]LogPakFile: PakFile PrimaryIndexSize=192
[2026.05.08-16.41.13:277][  0]LogPakFile: PakFile PathHashIndexSize=101
[2026.05.08-16.41.13:277][  0]LogPakFile: PakFile FullDirectoryIndexSize=158
[2026.05.08-16.41.13:277][  0]LogShaderLibrary: Display: ShaderCodeLibraryPakFileMountedCallback: PakFile 'C:/Program Files/Epic Games/UE_4.27/FeaturePacks/TP_VirtualRealityBP.upack' (chunk index -1, root 'root:/') mounted
[2026.05.08-16.41.13:277][  0]LogShaderLibrary: Display: ShaderCodeLibraryPakFileMountedCallback: pending pak file info (ChunkID:-1 Root:root:/ File:C:/Program Files/Epic Games/UE_4.27/FeaturePacks/TP_VirtualRealityBP.upack)
[2026.05.08-16.41.13:277][  0]LogPakFile: OnPakFileMounted2Time == 0.000020
[2026.05.08-16.41.13:388][  0]LogNativeClassHierarchy: Verbose: Native class hierarchy updated for 'AddContentDialog' in 0.0003 seconds. Added 0 classes and 0 folders.
[2026.05.08-16.41.13:389][  0]LogNativeClassHierarchy: Verbose: Native class hierarchy updated for 'SceneOutliner' in 0.0001 seconds. Added 2 classes and 0 folders.
[2026.05.08-16.41.13:591][  0]LogSlate: Took 0.000431 seconds to synchronously load lazily loaded font '../../../Engine/Content/Slate/Fonts/Roboto-Regular.ttf' (155K)
[2026.05.08-16.41.13:593][  0]LogSlate: Took 0.001186 seconds to synchronously load lazily loaded font '../../../Engine/Content/Editor/Slate/Fonts/FontAwesome.ttf' (139K)
[2026.05.08-16.41.13:594][  0]LogSlate: Took 0.000163 seconds to synchronously load lazily loaded font '../../../Engine/Content/Slate/Fonts/Roboto-Bold.ttf' (160K)
[2026.05.08-16.41.13:641][  0]LogRenderer: Reallocating scene render targets to support 1128x488 Format 10 NumSamples 1 (Frame:1).
[2026.05.08-16.41.13:680][  0]LogSlate: Took 0.000838 seconds to synchronously load lazily loaded font '../../../Engine/Content/Slate/Fonts/Roboto-Light.ttf' (167K)
[2026.05.08-16.41.13:830][  0]LogNativeClassHierarchy: Verbose: Native class hierarchy updated for 'HierarchicalLODOutliner' in 0.0003 seconds. Added 0 classes and 0 folders.
[2026.05.08-16.41.13:830][  0]LogLoad: (Engine Initialization) Total time: 6.13 seconds
[2026.05.08-16.41.13:830][  0]LogLoad: (Engine Initialization) Total Blueprint compile time: 0.00 seconds
[2026.05.08-16.41.13:866][  0]LogAssetRegistry: Asset discovery search completed in 3.7490 seconds
[2026.05.08-16.41.13:870][  0]LogCollectionManager: Fixed up redirectors for 0 collections in 0.000004 seconds (updated 0 objects)
[2026.05.08-16.41.13:871][  0]LogContentStreaming: Texture pool size now 1000 MB
[2026.05.08-16.41.30:206][700]LogVSAccessor: Warning: Couldn't goto line number '1' in 'C:/Users/2026/Documents/Unreal Projects/Facade/Source/Facade/FacadeGAME.h'
[2026.05.08-16.42.12:620][827]LogHotReload: New module detected: UE4Editor-Facade-0039.dll
[2026.05.08-16.42.12:973][829]LogHttp: Warning: 000001F18659D600: invalid HTTP response code received. URL: https://datarouter.ol.epicgames.com/datarouter/api/v1/public/data?SessionID=%7B60C66382-42BA-89B0-6242-F1AF2594F6FB%7D&AppID=UEEditor.Rocket.Release&AppVersion=4.27.2-18319896%2B%2B%2BUE4%2BRelease-4.27&UserID=d975ae6d41715b51fd3ecba185d3fc09%7C8a858a74adcc4c86aa7ca686176ab5bb%7C90f712fe-2f61-4f5c-8f94-fd0757457318&AppEnvironment=datacollector-binary&UploadType=eteventstream, HTTP code: 0, content length: 0, actual payload size: 0
[2026.05.08-16.42.12:973][829]LogHttp: Warning: 000001F18659D600: request failed, libcurl error: 60 (Peer certificate cannot be authenticated with given CA certificates)
[2026.05.08-16.42.12:973][829]LogHttp: Warning: 000001F18659D600: libcurl info message cache 0 (  Trying 3.234.46.94...)
[2026.05.08-16.42.12:973][829]LogHttp: Warning: 000001F18659D600: libcurl info message cache 1 (TCP_NODELAY set)
[2026.05.08-16.42.12:973][829]LogHttp: Warning: 000001F18659D600: libcurl info message cache 2 (Connected to datarouter.ol.epicgames.com (3.234.46.94) port 443 (#0))
[2026.05.08-16.42.12:973][829]LogHttp: Warning: 000001F18659D600: libcurl info message cache 3 (ALPN, offering http/1.1)
[2026.05.08-16.42.12:973][829]LogHttp: Warning: 000001F18659D600: libcurl info message cache 4 (Cipher selection: ALL:!EXPORT:!EXPORT40:!EXPORT56:!aNULL:!LOW:!RC4:@STRENGTH)
[2026.05.08-16.42.12:973][829]LogHttp: Warning: 000001F18659D600: libcurl info message cache 5 (TLSv1.3 (OUT), TLS handshake, Client hello (1):)
[2026.05.08-16.42.12:973][829]LogHttp: Warning: 000001F18659D600: libcurl info message cache 6 (TLSv1.3 (IN), TLS handshake, Server hello (2):)
[2026.05.08-16.42.12:973][829]LogHttp: Warning: 000001F18659D600: libcurl info message cache 7 (TLSv1.2 (IN), TLS handshake, Certificate (11):)
[2026.05.08-16.42.12:973][829]LogHttp: Warning: 000001F18659D600: libcurl info message cache 8 (TLSv1.2 (OUT), TLS alert, Server hello (2):)
[2026.05.08-16.42.12:973][829]LogHttp: Warning: 000001F18659D600: libcurl info message cache 9 (SSL certificate problem: self signed certificate in certificate chain)
[2026.05.08-16.42.12:973][829]LogHttp: Warning: 000001F18659D600: libcurl info message cache 10 (Closing connection 0)
[2026.05.08-16.42.13:315][830]LogHotReload: Starting Hot-Reload from IDE
[2026.05.08-16.42.13:321][830]LogSlate: Took 0.000164 seconds to synchronously load lazily loaded font '../../../Engine/Content/Slate/Fonts/Roboto-Light.ttf' (167K)
[2026.05.08-16.42.13:378][830]LogNativeClassHierarchy: Verbose: Native class hierarchy updated for 'Facade' in 0.0003 seconds. Added 7 classes and 2 folders.
[2026.05.08-16.42.13:382][830]Display: HotReload successful (1 functions remapped  0 scriptstructs remapped)
[2026.05.08-16.42.13:426][830]LogNativeClassHierarchy: Verbose: Native class hierarchy populated in 0.0075 seconds. Added 3829 classes and 930 folders.
[2026.05.08-16.42.13:435][830]Display: HotReload took  0.1s.
[2026.05.08-16.42.13:467][830]LogHttp: Warning: Retry exhausted on https://datarouter.ol.epicgames.com/datarouter/api/v1/public/data?SessionID=%7B60C66382-42BA-89B0-6242-F1AF2594F6FB%7D&AppID=UEEditor.Rocket.Release&AppVersion=4.27.2-18319896%2B%2B%2BUE4%2BRelease-4.27&UserID=d975ae6d41715b51fd3ecba185d3fc09%7C8a858a74adcc4c86aa7ca686176ab5bb%7C90f712fe-2f61-4f5c-8f94-fd0757457318&AppEnvironment=datacollector-binary&UploadType=eteventstream
[2026.05.08-16.42.18:115][961]LogTemp: Repeating last play command: Simulate
[2026.05.08-16.42.18:119][961]LogPlayLevel: PlayLevel: No blueprints needed recompiling
[2026.05.08-16.42.18:120][961]PIE: New page: Sesión SIE (simulación en el editor): TwinStickExampleMap (8 may. 2026 8:42:18)
[2026.05.08-16.42.18:122][961]LogOnline: OSS: Creating online subsystem instance for: NULL
[2026.05.08-16.42.18:122][961]LogOnline: OSS: TryLoadSubsystemAndSetDefault: Loaded subsystem for module [NULL]
[2026.05.08-16.42.18:122][961]LogPlayLevel: Creating play world package: /Game/TwinStickCPP/Maps/UEDPIE_0_TwinStickExampleMap
[2026.05.08-16.42.18:133][961]LogPlayLevel: PIE: StaticDuplicateObject took: (0.009399s)
[2026.05.08-16.42.18:134][961]LogAIModule: Creating AISystem for world TwinStickExampleMap
[2026.05.08-16.42.18:134][961]LogPlayLevel: PIE: World Init took: (0.001058s)
[2026.05.08-16.42.18:134][961]LogPlayLevel: PIE: Created PIE world by copying editor world from /Game/TwinStickCPP/Maps/TwinStickExampleMap.TwinStickExampleMap to /Game/TwinStickCPP/Maps/UEDPIE_0_TwinStickExampleMap.TwinStickExampleMap (0.010688s)
[2026.05.08-16.42.18:144][961]LogUObjectHash: Compacting FUObjectHashTables data took   0.45ms
[2026.05.08-16.42.18:145][961]LogAudio: Display: Creating Audio Device:                 Id: 2, Scope: Unique, Realtime: True
[2026.05.08-16.42.18:145][961]LogAudioMixer: Display: Audio Mixer Platform Settings:
[2026.05.08-16.42.18:145][961]LogAudioMixer: Display: 	Sample Rate:						  48000
[2026.05.08-16.42.18:145][961]LogAudioMixer: Display: 	Callback Buffer Frame Size Requested: 1024
[2026.05.08-16.42.18:145][961]LogAudioMixer: Display: 	Callback Buffer Frame Size To Use:	  1024
[2026.05.08-16.42.18:145][961]LogAudioMixer: Display: 	Number of buffers to queue:			  2
[2026.05.08-16.42.18:145][961]LogAudioMixer: Display: 	Max Channels (voices):				  32
[2026.05.08-16.42.18:145][961]LogAudioMixer: Display: 	Number of Async Source Workers:		  0
[2026.05.08-16.42.18:145][961]LogAudio: Display: AudioDevice MaxSources: 32
[2026.05.08-16.42.18:145][961]LogAudio: Display: Audio Spatialization Plugin: None (built-in).
[2026.05.08-16.42.18:145][961]LogAudio: Display: Audio Reverb Plugin: None (built-in).
[2026.05.08-16.42.18:145][961]LogAudio: Display: Audio Occlusion Plugin: None (built-in).
[2026.05.08-16.42.18:145][961]LogAudioMixer: Display: Initializing audio mixer.
[2026.05.08-16.42.18:147][961]LogAudioMixer: Display: 0: FrontLeft
[2026.05.08-16.42.18:147][961]LogAudioMixer: Display: 1: FrontRight
[2026.05.08-16.42.18:185][961]LogAudioMixer: Display: Using Audio Device Speakers (Realtek(R) Audio)
[2026.05.08-16.42.18:186][961]LogAudioMixer: Display: Initializing Sound Submixes...
[2026.05.08-16.42.18:186][961]LogAudioMixer: Display: Creating Master Submix 'MasterSubmixDefault'
[2026.05.08-16.42.18:186][961]LogAudioMixer: Display: Creating Master Submix 'MasterReverbSubmixDefault'
[2026.05.08-16.42.18:186][961]LogAudioMixer: Display: Creating Master Submix 'MasterEQSubmixDefault'
[2026.05.08-16.42.18:186][961]LogAudioMixer: FMixerPlatformXAudio2::StartAudioStream() called
[2026.05.08-16.42.18:186][961]LogAudioMixer: Display: Output buffers initialized: Frames=1024, Channels=2, Samples=2048
[2026.05.08-16.42.18:188][961]LogAudioMixer: Display: Starting AudioMixerPlatformInterface::RunInternal()
[2026.05.08-16.42.18:188][961]LogAudioMixer: Display: FMixerPlatformXAudio2::SubmitBuffer() called for the first time
[2026.05.08-16.42.18:188][961]LogInit: FAudioDevice initialized.
[2026.05.08-16.42.18:188][961]LogAudio: Display: Audio Device (ID: 2) registered with world 'TwinStickExampleMap'.
[2026.05.08-16.42.18:197][961]LogLoad: Game class is 'FacadeGameMode'
[2026.05.08-16.42.18:198][961]LogWorld: Bringing World /Game/TwinStickCPP/Maps/UEDPIE_0_TwinStickExampleMap.TwinStickExampleMap up for play (max tick rate 0) at 2026.05.08-12.42.18
[2026.05.08-16.42.18:198][961]LogWorld: Bringing up level for play took: 0.000713
[2026.05.08-16.42.18:199][961]LogOnline: OSS: Creating online subsystem instance for: :Context_6
[2026.05.08-16.42.18:220][961]LogNativeClassHierarchy: Verbose: Native class hierarchy updated for 'MovieSceneCapture' in 0.0003 seconds. Added 20 classes and 0 folders.
[2026.05.08-16.42.18:221][961]PIE: El servidor ha iniciado la sesión
[2026.05.08-16.42.18:222][961]PIE: Play in editor total start time 0,104 seconds.
[2026.05.08-16.42.20:325][191]LogSlate: Updating window title bar state: overlay mode, drag disabled, window buttons hidden, title bar hidden
[2026.05.08-16.42.20:325][191]LogWorld: BeginTearingDown for /Game/TwinStickCPP/Maps/UEDPIE_0_TwinStickExampleMap
[2026.05.08-16.42.20:325][191]LogWorld: UWorld::CleanupWorld for TwinStickExampleMap, bSessionEnded=true, bCleanupResources=true
[2026.05.08-16.42.20:326][191]LogSlate: InvalidateAllWidgets triggered.  All widgets were invalidated
[2026.05.08-16.42.20:332][191]LogPlayLevel: Display: Shutting down PIE online subsystems
[2026.05.08-16.42.20:335][191]LogSlate: InvalidateAllWidgets triggered.  All widgets were invalidated
[2026.05.08-16.42.20:339][191]LogAudio: Display: Audio Device unregistered from world 'None'.
[2026.05.08-16.42.20:340][191]LogAudioMixer: FMixerPlatformXAudio2::StopAudioStream() called
[2026.05.08-16.42.20:341][191]LogAudioMixer: FMixerPlatformXAudio2::StopAudioStream() called
[2026.05.08-16.42.20:342][191]LogSlate: Updating window title bar state: overlay mode, drag disabled, window buttons hidden, title bar hidden
[2026.05.08-16.42.20:345][191]LogUObjectHash: Compacting FUObjectHashTables data took   0.91ms
[2026.05.08-16.42.20:388][196]LogPlayLevel: Display: Destroying online subsystem :Context_6
[2026.05.08-16.42.30:389][338]LogHotReload: New module detected: UE4Editor-Facade-0040.dll
[2026.05.08-16.42.30:739][340]LogHotReload: Starting Hot-Reload from IDE
[2026.05.08-16.42.30:793][340]LogNativeClassHierarchy: Verbose: Native class hierarchy updated for 'Facade' in 0.0003 seconds. Added 7 classes and 2 folders.
[2026.05.08-16.42.30:795][340]Display: HotReload successful (1 functions remapped  0 scriptstructs remapped)
[2026.05.08-16.42.30:831][340]LogNativeClassHierarchy: Verbose: Native class hierarchy populated in 0.0088 seconds. Added 3829 classes and 930 folders.
[2026.05.08-16.42.30:835][340]Display: HotReload took  0.1s.
[2026.05.08-16.42.38:059][452]LogTemp: Repeating last play command: Simulate
[2026.05.08-16.42.38:063][452]LogPlayLevel: PlayLevel: No blueprints needed recompiling
[2026.05.08-16.42.38:064][452]PIE: New page: Sesión SIE (simulación en el editor): TwinStickExampleMap (8 may. 2026 8:42:38)
[2026.05.08-16.42.38:095][452]LogPlayLevel: Creating play world package: /Game/TwinStickCPP/Maps/UEDPIE_0_TwinStickExampleMap
[2026.05.08-16.42.38:103][452]LogPlayLevel: PIE: StaticDuplicateObject took: (0.007760s)
[2026.05.08-16.42.38:105][452]LogAIModule: Creating AISystem for world TwinStickExampleMap
[2026.05.08-16.42.38:105][452]LogPlayLevel: PIE: World Init took: (0.002794s)
[2026.05.08-16.42.38:105][452]LogPlayLevel: PIE: Created PIE world by copying editor world from /Game/TwinStickCPP/Maps/TwinStickExampleMap.TwinStickExampleMap to /Game/TwinStickCPP/Maps/UEDPIE_0_TwinStickExampleMap.TwinStickExampleMap (0.011045s)
[2026.05.08-16.42.38:115][452]LogUObjectHash: Compacting FUObjectHashTables data took   0.46ms
[2026.05.08-16.42.38:115][452]LogAudio: Display: Creating Audio Device:                 Id: 3, Scope: Unique, Realtime: True
[2026.05.08-16.42.38:116][452]LogAudioMixer: Display: Audio Mixer Platform Settings:
[2026.05.08-16.42.38:116][452]LogAudioMixer: Display: 	Sample Rate:						  48000
[2026.05.08-16.42.38:116][452]LogAudioMixer: Display: 	Callback Buffer Frame Size Requested: 1024
[2026.05.08-16.42.38:116][452]LogAudioMixer: Display: 	Callback Buffer Frame Size To Use:	  1024
[2026.05.08-16.42.38:116][452]LogAudioMixer: Display: 	Number of buffers to queue:			  2
[2026.05.08-16.42.38:116][452]LogAudioMixer: Display: 	Max Channels (voices):				  32
[2026.05.08-16.42.38:116][452]LogAudioMixer: Display: 	Number of Async Source Workers:		  0
[2026.05.08-16.42.38:116][452]LogAudio: Display: AudioDevice MaxSources: 32
[2026.05.08-16.42.38:116][452]LogAudio: Display: Audio Spatialization Plugin: None (built-in).
[2026.05.08-16.42.38:116][452]LogAudio: Display: Audio Reverb Plugin: None (built-in).
[2026.05.08-16.42.38:116][452]LogAudio: Display: Audio Occlusion Plugin: None (built-in).
[2026.05.08-16.42.38:116][452]LogAudioMixer: Display: Initializing audio mixer.
[2026.05.08-16.42.38:117][452]LogAudioMixer: Display: 0: FrontLeft
[2026.05.08-16.42.38:117][452]LogAudioMixer: Display: 1: FrontRight
[2026.05.08-16.42.38:154][452]LogAudioMixer: Display: Using Audio Device Speakers (Realtek(R) Audio)
[2026.05.08-16.42.38:154][452]LogAudioMixer: Display: Initializing Sound Submixes...
[2026.05.08-16.42.38:154][452]LogAudioMixer: Display: Creating Master Submix 'MasterSubmixDefault'
[2026.05.08-16.42.38:154][452]LogAudioMixer: Display: Creating Master Submix 'MasterReverbSubmixDefault'
[2026.05.08-16.42.38:155][452]LogAudioMixer: Display: Creating Master Submix 'MasterEQSubmixDefault'
[2026.05.08-16.42.38:155][452]LogAudioMixer: FMixerPlatformXAudio2::StartAudioStream() called
[2026.05.08-16.42.38:155][452]LogAudioMixer: Display: Output buffers initialized: Frames=1024, Channels=2, Samples=2048
[2026.05.08-16.42.38:156][452]LogAudioMixer: Display: Starting AudioMixerPlatformInterface::RunInternal()
[2026.05.08-16.42.38:156][452]LogAudioMixer: Display: FMixerPlatformXAudio2::SubmitBuffer() called for the first time
[2026.05.08-16.42.38:156][452]LogInit: FAudioDevice initialized.
[2026.05.08-16.42.38:156][452]LogAudio: Display: Audio Device (ID: 3) registered with world 'TwinStickExampleMap'.
[2026.05.08-16.42.38:168][452]LogLoad: Game class is 'FacadeGameMode'
[2026.05.08-16.42.38:169][452]LogWorld: Bringing World /Game/TwinStickCPP/Maps/UEDPIE_0_TwinStickExampleMap.TwinStickExampleMap up for play (max tick rate 0) at 2026.05.08-12.42.38
[2026.05.08-16.42.38:170][452]LogWorld: Bringing up level for play took: 0.000700
[2026.05.08-16.42.38:170][452]LogOnline: OSS: Creating online subsystem instance for: :Context_7
[2026.05.08-16.42.38:172][452]PIE: El servidor ha iniciado la sesión
[2026.05.08-16.42.38:172][452]PIE: Play in editor total start time 0,109 seconds.
[2026.05.08-16.42.41:356][811]LogSlate: Updating window title bar state: overlay mode, drag disabled, window buttons hidden, title bar hidden
[2026.05.08-16.42.41:356][811]LogWorld: BeginTearingDown for /Game/TwinStickCPP/Maps/UEDPIE_0_TwinStickExampleMap
[2026.05.08-16.42.41:356][811]LogWorld: UWorld::CleanupWorld for TwinStickExampleMap, bSessionEnded=true, bCleanupResources=true
[2026.05.08-16.42.41:356][811]LogSlate: InvalidateAllWidgets triggered.  All widgets were invalidated
[2026.05.08-16.42.41:367][811]LogPlayLevel: Display: Shutting down PIE online subsystems
[2026.05.08-16.42.41:369][811]LogSlate: InvalidateAllWidgets triggered.  All widgets were invalidated
[2026.05.08-16.42.41:372][811]LogSlate: Updating window title bar state: overlay mode, drag disabled, window buttons hidden, title bar hidden
[2026.05.08-16.42.41:372][811]LogAudioMixer: FMixerPlatformXAudio2::StopAudioStream() called
[2026.05.08-16.42.41:373][811]LogAudioMixer: FMixerPlatformXAudio2::StopAudioStream() called
[2026.05.08-16.42.41:378][811]LogUObjectHash: Compacting FUObjectHashTables data took   0.54ms
[2026.05.08-16.42.41:421][816]LogPlayLevel: Display: Destroying online subsystem :Context_7
[2026.05.08-16.43.12:978][ 34]LogHttp: Warning: 000001F188B70800: invalid HTTP response code received. URL: https://datarouter.ol.epicgames.com/datarouter/api/v1/public/data?SessionID=%7B60C66382-42BA-89B0-6242-F1AF2594F6FB%7D&AppID=UEEditor.Rocket.Release&AppVersion=4.27.2-18319896%2B%2B%2BUE4%2BRelease-4.27&UserID=d975ae6d41715b51fd3ecba185d3fc09%7C8a858a74adcc4c86aa7ca686176ab5bb%7C90f712fe-2f61-4f5c-8f94-fd0757457318&AppEnvironment=datacollector-binary&UploadType=eteventstream, HTTP code: 0, content length: 0, actual payload size: 0
[2026.05.08-16.43.12:978][ 34]LogHttp: Warning: 000001F188B70800: request failed, libcurl error: 60 (Peer certificate cannot be authenticated with given CA certificates)
[2026.05.08-16.43.12:978][ 34]LogHttp: Warning: 000001F188B70800: libcurl info message cache 0 (Hostname in DNS cache was stale, zapped)
[2026.05.08-16.43.12:978][ 34]LogHttp: Warning: 000001F188B70800: libcurl info message cache 1 (  Trying 107.23.218.80...)
[2026.05.08-16.43.12:978][ 34]LogHttp: Warning: 000001F188B70800: libcurl info message cache 2 (TCP_NODELAY set)
[2026.05.08-16.43.12:978][ 34]LogHttp: Warning: 000001F188B70800: libcurl info message cache 3 (Connected to datarouter.ol.epicgames.com (107.23.218.80) port 443 (#1))
[2026.05.08-16.43.12:978][ 34]LogHttp: Warning: 000001F188B70800: libcurl info message cache 4 (ALPN, offering http/1.1)
[2026.05.08-16.43.12:978][ 34]LogHttp: Warning: 000001F188B70800: libcurl info message cache 5 (Cipher selection: ALL:!EXPORT:!EXPORT40:!EXPORT56:!aNULL:!LOW:!RC4:@STRENGTH)
[2026.05.08-16.43.12:978][ 34]LogHttp: Warning: 000001F188B70800: libcurl info message cache 6 (TLSv1.3 (OUT), TLS handshake, Client hello (1):)
[2026.05.08-16.43.12:978][ 34]LogHttp: Warning: 000001F188B70800: libcurl info message cache 7 (TLSv1.3 (IN), TLS handshake, Server hello (2):)
[2026.05.08-16.43.12:978][ 34]LogHttp: Warning: 000001F188B70800: libcurl info message cache 8 (TLSv1.2 (IN), TLS handshake, Certificate (11):)
[2026.05.08-16.43.12:978][ 34]LogHttp: Warning: 000001F188B70800: libcurl info message cache 9 (TLSv1.2 (OUT), TLS alert, Server hello (2):)
[2026.05.08-16.43.12:978][ 34]LogHttp: Warning: 000001F188B70800: libcurl info message cache 10 (SSL certificate problem: self signed certificate in certificate chain)
[2026.05.08-16.43.12:978][ 34]LogHttp: Warning: 000001F188B70800: libcurl info message cache 11 (Closing connection 1)
[2026.05.08-16.43.12:979][ 34]LogHttp: Warning: Retry exhausted on https://datarouter.ol.epicgames.com/datarouter/api/v1/public/data?SessionID=%7B60C66382-42BA-89B0-6242-F1AF2594F6FB%7D&AppID=UEEditor.Rocket.Release&AppVersion=4.27.2-18319896%2B%2B%2BUE4%2BRelease-4.27&UserID=d975ae6d41715b51fd3ecba185d3fc09%7C8a858a74adcc4c86aa7ca686176ab5bb%7C90f712fe-2f61-4f5c-8f94-fd0757457318&AppEnvironment=datacollector-binary&UploadType=eteventstream
[2026.05.08-16.44.12:970][213]LogHttp: Warning: 000001F188B70800: invalid HTTP response code received. URL: https://datarouter.ol.epicgames.com/datarouter/api/v1/public/data?SessionID=%7B60C66382-42BA-89B0-6242-F1AF2594F6FB%7D&AppID=UEEditor.Rocket.Release&AppVersion=4.27.2-18319896%2B%2B%2BUE4%2BRelease-4.27&UserID=d975ae6d41715b51fd3ecba185d3fc09%7C8a858a74adcc4c86aa7ca686176ab5bb%7C90f712fe-2f61-4f5c-8f94-fd0757457318&AppEnvironment=datacollector-binary&UploadType=eteventstream, HTTP code: 0, content length: 0, actual payload size: 0
[2026.05.08-16.44.12:970][213]LogHttp: Warning: 000001F188B70800: request failed, libcurl error: 60 (Peer certificate cannot be authenticated with given CA certificates)
[2026.05.08-16.44.12:970][213]LogHttp: Warning: 000001F188B70800: libcurl info message cache 0 (Hostname in DNS cache was stale, zapped)
[2026.05.08-16.44.12:970][213]LogHttp: Warning: 000001F188B70800: libcurl info message cache 1 (  Trying 54.164.55.220...)
[2026.05.08-16.44.12:970][213]LogHttp: Warning: 000001F188B70800: libcurl info message cache 2 (TCP_NODELAY set)
[2026.05.08-16.44.12:970][213]LogHttp: Warning: 000001F188B70800: libcurl info message cache 3 (Connected to datarouter.ol.epicgames.com (54.164.55.220) port 443 (#2))
[2026.05.08-16.44.12:970][213]LogHttp: Warning: 000001F188B70800: libcurl info message cache 4 (ALPN, offering http/1.1)
[2026.05.08-16.44.12:970][213]LogHttp: Warning: 000001F188B70800: libcurl info message cache 5 (Cipher selection: ALL:!EXPORT:!EXPORT40:!EXPORT56:!aNULL:!LOW:!RC4:@STRENGTH)
[2026.05.08-16.44.12:970][213]LogHttp: Warning: 000001F188B70800: libcurl info message cache 6 (TLSv1.3 (OUT), TLS handshake, Client hello (1):)
[2026.05.08-16.44.12:970][213]LogHttp: Warning: 000001F188B70800: libcurl info message cache 7 (TLSv1.3 (IN), TLS handshake, Server hello (2):)
[2026.05.08-16.44.12:970][213]LogHttp: Warning: 000001F188B70800: libcurl info message cache 8 (TLSv1.2 (IN), TLS handshake, Certificate (11):)
[2026.05.08-16.44.12:970][213]LogHttp: Warning: 000001F188B70800: libcurl info message cache 9 (TLSv1.2 (OUT), TLS alert, Server hello (2):)
[2026.05.08-16.44.12:970][213]LogHttp: Warning: 000001F188B70800: libcurl info message cache 10 (SSL certificate problem: self signed certificate in certificate chain)
[2026.05.08-16.44.12:971][213]LogHttp: Warning: 000001F188B70800: libcurl info message cache 11 (Closing connection 2)
[2026.05.08-16.44.13:305][214]LogHttp: Warning: Retry exhausted on https://datarouter.ol.epicgames.com/datarouter/api/v1/public/data?SessionID=%7B60C66382-42BA-89B0-6242-F1AF2594F6FB%7D&AppID=UEEditor.Rocket.Release&AppVersion=4.27.2-18319896%2B%2B%2BUE4%2BRelease-4.27&UserID=d975ae6d41715b51fd3ecba185d3fc09%7C8a858a74adcc4c86aa7ca686176ab5bb%7C90f712fe-2f61-4f5c-8f94-fd0757457318&AppEnvironment=datacollector-binary&UploadType=eteventstream
[2026.05.08-16.45.13:247][393]LogHttp: Warning: 000001F188B70800: invalid HTTP response code received. URL: https://datarouter.ol.epicgames.com/datarouter/api/v1/public/data?SessionID=%7B60C66382-42BA-89B0-6242-F1AF2594F6FB%7D&AppID=UEEditor.Rocket.Release&AppVersion=4.27.2-18319896%2B%2B%2BUE4%2BRelease-4.27&UserID=d975ae6d41715b51fd3ecba185d3fc09%7C8a858a74adcc4c86aa7ca686176ab5bb%7C90f712fe-2f61-4f5c-8f94-fd0757457318&AppEnvironment=datacollector-binary&UploadType=eteventstream, HTTP code: 0, content length: 0, actual payload size: 0
[2026.05.08-16.45.13:247][393]LogHttp: Warning: 000001F188B70800: request failed, libcurl error: 60 (Peer certificate cannot be authenticated with given CA certificates)
[2026.05.08-16.45.13:247][393]LogHttp: Warning: 000001F188B70800: libcurl info message cache 0 (Hostname in DNS cache was stale, zapped)
[2026.05.08-16.45.13:247][393]LogHttp: Warning: 000001F188B70800: libcurl info message cache 1 (  Trying 35.171.168.51...)
[2026.05.08-16.45.13:247][393]LogHttp: Warning: 000001F188B70800: libcurl info message cache 2 (TCP_NODELAY set)
[2026.05.08-16.45.13:247][393]LogHttp: Warning: 000001F188B70800: libcurl info message cache 3 (Connected to datarouter.ol.epicgames.com (35.171.168.51) port 443 (#3))
[2026.05.08-16.45.13:247][393]LogHttp: Warning: 000001F188B70800: libcurl info message cache 4 (ALPN, offering http/1.1)
[2026.05.08-16.45.13:247][393]LogHttp: Warning: 000001F188B70800: libcurl info message cache 5 (Cipher selection: ALL:!EXPORT:!EXPORT40:!EXPORT56:!aNULL:!LOW:!RC4:@STRENGTH)
[2026.05.08-16.45.13:247][393]LogHttp: Warning: 000001F188B70800: libcurl info message cache 6 (TLSv1.3 (OUT), TLS handshake, Client hello (1):)
[2026.05.08-16.45.13:247][393]LogHttp: Warning: 000001F188B70800: libcurl info message cache 7 (TLSv1.3 (IN), TLS handshake, Server hello (2):)
[2026.05.08-16.45.13:247][393]LogHttp: Warning: 000001F188B70800: libcurl info message cache 8 (TLSv1.2 (IN), TLS handshake, Certificate (11):)
[2026.05.08-16.45.13:247][393]LogHttp: Warning: 000001F188B70800: libcurl info message cache 9 (TLSv1.2 (OUT), TLS alert, Server hello (2):)
[2026.05.08-16.45.13:247][393]LogHttp: Warning: 000001F188B70800: libcurl info message cache 10 (SSL certificate problem: self signed certificate in certificate chain)
[2026.05.08-16.45.13:247][393]LogHttp: Warning: 000001F188B70800: libcurl info message cache 11 (Closing connection 3)
[2026.05.08-16.45.13:583][394]LogHttp: Warning: Retry exhausted on https://datarouter.ol.epicgames.com/datarouter/api/v1/public/data?SessionID=%7B60C66382-42BA-89B0-6242-F1AF2594F6FB%7D&AppID=UEEditor.Rocket.Release&AppVersion=4.27.2-18319896%2B%2B%2BUE4%2BRelease-4.27&UserID=d975ae6d41715b51fd3ecba185d3fc09%7C8a858a74adcc4c86aa7ca686176ab5bb%7C90f712fe-2f61-4f5c-8f94-fd0757457318&AppEnvironment=datacollector-binary&UploadType=eteventstream
[2026.05.08-16.46.12:887][571]LogHttp: Warning: 000001F188B70800: invalid HTTP response code received. URL: https://datarouter.ol.epicgames.com/datarouter/api/v1/public/data?SessionID=%7B60C66382-42BA-89B0-6242-F1AF2594F6FB%7D&AppID=UEEditor.Rocket.Release&AppVersion=4.27.2-18319896%2B%2B%2BUE4%2BRelease-4.27&UserID=d975ae6d41715b51fd3ecba185d3fc09%7C8a858a74adcc4c86aa7ca686176ab5bb%7C90f712fe-2f61-4f5c-8f94-fd0757457318&AppEnvironment=datacollector-binary&UploadType=eteventstream, HTTP code: 0, content length: 0, actual payload size: 0
[2026.05.08-16.46.12:887][571]LogHttp: Warning: 000001F188B70800: request failed, libcurl error: 60 (Peer certificate cannot be authenticated with given CA certificates)
[2026.05.08-16.46.12:887][571]LogHttp: Warning: 000001F188B70800: libcurl info message cache 0 (Hostname in DNS cache was stale, zapped)
[2026.05.08-16.46.12:887][571]LogHttp: Warning: 000001F188B70800: libcurl info message cache 1 (  Trying 35.169.158.160...)
[2026.05.08-16.46.12:887][571]LogHttp: Warning: 000001F188B70800: libcurl info message cache 2 (TCP_NODELAY set)
[2026.05.08-16.46.12:887][571]LogHttp: Warning: 000001F188B70800: libcurl info message cache 3 (Connected to datarouter.ol.epicgames.com (35.169.158.160) port 443 (#4))
[2026.05.08-16.46.12:887][571]LogHttp: Warning: 000001F188B70800: libcurl info message cache 4 (ALPN, offering http/1.1)
[2026.05.08-16.46.12:887][571]LogHttp: Warning: 000001F188B70800: libcurl info message cache 5 (Cipher selection: ALL:!EXPORT:!EXPORT40:!EXPORT56:!aNULL:!LOW:!RC4:@STRENGTH)
[2026.05.08-16.46.12:887][571]LogHttp: Warning: 000001F188B70800: libcurl info message cache 6 (TLSv1.3 (OUT), TLS handshake, Client hello (1):)
[2026.05.08-16.46.12:887][571]LogHttp: Warning: 000001F188B70800: libcurl info message cache 7 (TLSv1.3 (IN), TLS handshake, Server hello (2):)
[2026.05.08-16.46.12:887][571]LogHttp: Warning: 000001F188B70800: libcurl info message cache 8 (TLSv1.2 (IN), TLS handshake, Certificate (11):)
[2026.05.08-16.46.12:887][571]LogHttp: Warning: 000001F188B70800: libcurl info message cache 9 (TLSv1.2 (OUT), TLS alert, Server hello (2):)
[2026.05.08-16.46.12:887][571]LogHttp: Warning: 000001F188B70800: libcurl info message cache 10 (SSL certificate problem: self signed certificate in certificate chain)
[2026.05.08-16.46.12:887][571]LogHttp: Warning: 000001F188B70800: libcurl info message cache 11 (Closing connection 4)
[2026.05.08-16.46.13:221][572]LogHttp: Warning: Retry exhausted on https://datarouter.ol.epicgames.com/datarouter/api/v1/public/data?SessionID=%7B60C66382-42BA-89B0-6242-F1AF2594F6FB%7D&AppID=UEEditor.Rocket.Release&AppVersion=4.27.2-18319896%2B%2B%2BUE4%2BRelease-4.27&UserID=d975ae6d41715b51fd3ecba185d3fc09%7C8a858a74adcc4c86aa7ca686176ab5bb%7C90f712fe-2f61-4f5c-8f94-fd0757457318&AppEnvironment=datacollector-binary&UploadType=eteventstream
[2026.05.08-16.47.13:853][753]LogHttp: Warning: 000001F188B70800: invalid HTTP response code received. URL: https://datarouter.ol.epicgames.com/datarouter/api/v1/public/data?SessionID=%7B60C66382-42BA-89B0-6242-F1AF2594F6FB%7D&AppID=UEEditor.Rocket.Release&AppVersion=4.27.2-18319896%2B%2B%2BUE4%2BRelease-4.27&UserID=d975ae6d41715b51fd3ecba185d3fc09%7C8a858a74adcc4c86aa7ca686176ab5bb%7C90f712fe-2f61-4f5c-8f94-fd0757457318&AppEnvironment=datacollector-binary&UploadType=eteventstream, HTTP code: 0, content length: 0, actual payload size: 0
[2026.05.08-16.47.13:853][753]LogHttp: Warning: 000001F188B70800: request failed, libcurl error: 60 (Peer certificate cannot be authenticated with given CA certificates)
[2026.05.08-16.47.13:853][753]LogHttp: Warning: 000001F188B70800: libcurl info message cache 0 (Hostname in DNS cache was stale, zapped)
[2026.05.08-16.47.13:853][753]LogHttp: Warning: 000001F188B70800: libcurl info message cache 1 (  Trying 52.5.248.34...)
[2026.05.08-16.47.13:853][753]LogHttp: Warning: 000001F188B70800: libcurl info message cache 2 (TCP_NODELAY set)
[2026.05.08-16.47.13:853][753]LogHttp: Warning: 000001F188B70800: libcurl info message cache 3 (Connected to datarouter.ol.epicgames.com (52.5.248.34) port 443 (#5))
[2026.05.08-16.47.13:853][753]LogHttp: Warning: 000001F188B70800: libcurl info message cache 4 (ALPN, offering http/1.1)
[2026.05.08-16.47.13:853][753]LogHttp: Warning: 000001F188B70800: libcurl info message cache 5 (Cipher selection: ALL:!EXPORT:!EXPORT40:!EXPORT56:!aNULL:!LOW:!RC4:@STRENGTH)
[2026.05.08-16.47.13:853][753]LogHttp: Warning: 000001F188B70800: libcurl info message cache 6 (TLSv1.3 (OUT), TLS handshake, Client hello (1):)
[2026.05.08-16.47.13:853][753]LogHttp: Warning: 000001F188B70800: libcurl info message cache 7 (TLSv1.3 (IN), TLS handshake, Server hello (2):)
[2026.05.08-16.47.13:853][753]LogHttp: Warning: 000001F188B70800: libcurl info message cache 8 (TLSv1.2 (IN), TLS handshake, Certificate (11):)
[2026.05.08-16.47.13:853][753]LogHttp: Warning: 000001F188B70800: libcurl info message cache 9 (TLSv1.2 (OUT), TLS alert, Server hello (2):)
[2026.05.08-16.47.13:853][753]LogHttp: Warning: 000001F188B70800: libcurl info message cache 10 (SSL certificate problem: self signed certificate in certificate chain)
[2026.05.08-16.47.13:853][753]LogHttp: Warning: 000001F188B70800: libcurl info message cache 11 (Closing connection 5)
[2026.05.08-16.47.14:188][754]LogHttp: Warning: Retry exhausted on https://datarouter.ol.epicgames.com/datarouter/api/v1/public/data?SessionID=%7B60C66382-42BA-89B0-6242-F1AF2594F6FB%7D&AppID=UEEditor.Rocket.Release&AppVersion=4.27.2-18319896%2B%2B%2BUE4%2BRelease-4.27&UserID=d975ae6d41715b51fd3ecba185d3fc09%7C8a858a74adcc4c86aa7ca686176ab5bb%7C90f712fe-2f61-4f5c-8f94-fd0757457318&AppEnvironment=datacollector-binary&UploadType=eteventstream
[2026.05.08-16.54.12:995][171]LogHttp: Warning: 000001F188B73900: invalid HTTP response code received. URL: https://datarouter.ol.epicgames.com/datarouter/api/v1/public/data?SessionID=%7B60C66382-42BA-89B0-6242-F1AF2594F6FB%7D&AppID=UEEditor.Rocket.Release&AppVersion=4.27.2-18319896%2B%2B%2BUE4%2BRelease-4.27&UserID=d975ae6d41715b51fd3ecba185d3fc09%7C8a858a74adcc4c86aa7ca686176ab5bb%7C90f712fe-2f61-4f5c-8f94-fd0757457318&AppEnvironment=datacollector-binary&UploadType=eteventstream, HTTP code: 0, content length: 0, actual payload size: 0
[2026.05.08-16.54.12:995][171]LogHttp: Warning: 000001F188B73900: request failed, libcurl error: 60 (Peer certificate cannot be authenticated with given CA certificates)
[2026.05.08-16.54.12:995][171]LogHttp: Warning: 000001F188B73900: libcurl info message cache 0 (Connection 6 seems to be dead!)
[2026.05.08-16.54.12:995][171]LogHttp: Warning: 000001F188B73900: libcurl info message cache 1 (Closing connection 6)
[2026.05.08-16.54.12:995][171]LogHttp: Warning: 000001F188B73900: libcurl info message cache 2 (TLSv1.3 (OUT), TLS Unknown, Unknown (21):)
[2026.05.08-16.54.12:995][171]LogHttp: Warning: 000001F188B73900: libcurl info message cache 3 (  Trying 107.23.218.80...)
[2026.05.08-16.54.12:995][171]LogHttp: Warning: 000001F188B73900: libcurl info message cache 4 (TCP_NODELAY set)
[2026.05.08-16.54.12:995][171]LogHttp: Warning: 000001F188B73900: libcurl info message cache 5 (Connected to datarouter.ol.epicgames.com (107.23.218.80) port 443 (#7))
[2026.05.08-16.54.12:995][171]LogHttp: Warning: 000001F188B73900: libcurl info message cache 6 (ALPN, offering http/1.1)
[2026.05.08-16.54.12:995][171]LogHttp: Warning: 000001F188B73900: libcurl info message cache 7 (Cipher selection: ALL:!EXPORT:!EXPORT40:!EXPORT56:!aNULL:!LOW:!RC4:@STRENGTH)
[2026.05.08-16.54.12:995][171]LogHttp: Warning: 000001F188B73900: libcurl info message cache 8 (SSL re-using session ID)
[2026.05.08-16.54.12:995][171]LogHttp: Warning: 000001F188B73900: libcurl info message cache 9 (TLSv1.3 (OUT), TLS handshake, Client hello (1):)
[2026.05.08-16.54.12:995][171]LogHttp: Warning: 000001F188B73900: libcurl info message cache 10 (TLSv1.3 (IN), TLS handshake, Server hello (2):)
[2026.05.08-16.54.12:995][171]LogHttp: Warning: 000001F188B73900: libcurl info message cache 11 (TLSv1.2 (IN), TLS handshake, Certificate (11):)
[2026.05.08-16.54.12:995][171]LogHttp: Warning: 000001F188B73900: libcurl info message cache 12 (TLSv1.2 (OUT), TLS alert, Server hello (2):)
[2026.05.08-16.54.12:995][171]LogHttp: Warning: 000001F188B73900: libcurl info message cache 13 (SSL certificate problem: self signed certificate in certificate chain)
[2026.05.08-16.54.12:995][171]LogHttp: Warning: 000001F188B73900: libcurl info message cache 14 (Closing connection 7)
[2026.05.08-16.54.13:329][172]LogHttp: Warning: Retry exhausted on https://datarouter.ol.epicgames.com/datarouter/api/v1/public/data?SessionID=%7B60C66382-42BA-89B0-6242-F1AF2594F6FB%7D&AppID=UEEditor.Rocket.Release&AppVersion=4.27.2-18319896%2B%2B%2BUE4%2BRelease-4.27&UserID=d975ae6d41715b51fd3ecba185d3fc09%7C8a858a74adcc4c86aa7ca686176ab5bb%7C90f712fe-2f61-4f5c-8f94-fd0757457318&AppEnvironment=datacollector-binary&UploadType=eteventstream
[2026.05.08-16.55.12:921][349]LogHttp: Warning: 000001F188B73900: invalid HTTP response code received. URL: https://datarouter.ol.epicgames.com/datarouter/api/v1/public/data?SessionID=%7B60C66382-42BA-89B0-6242-F1AF2594F6FB%7D&AppID=UEEditor.Rocket.Release&AppVersion=4.27.2-18319896%2B%2B%2BUE4%2BRelease-4.27&UserID=d975ae6d41715b51fd3ecba185d3fc09%7C8a858a74adcc4c86aa7ca686176ab5bb%7C90f712fe-2f61-4f5c-8f94-fd0757457318&AppEnvironment=datacollector-binary&UploadType=eteventstream, HTTP code: 0, content length: 0, actual payload size: 0
[2026.05.08-16.55.12:921][349]LogHttp: Warning: 000001F188B73900: request failed, libcurl error: 60 (Peer certificate cannot be authenticated with given CA certificates)
[2026.05.08-16.55.12:921][349]LogHttp: Warning: 000001F188B73900: libcurl info message cache 0 (Hostname in DNS cache was stale, zapped)
[2026.05.08-16.55.12:921][349]LogHttp: Warning: 000001F188B73900: libcurl info message cache 1 (  Trying 32.194.215.172...)
[2026.05.08-16.55.12:921][349]LogHttp: Warning: 000001F188B73900: libcurl info message cache 2 (TCP_NODELAY set)
[2026.05.08-16.55.12:921][349]LogHttp: Warning: 000001F188B73900: libcurl info message cache 3 (Connected to datarouter.ol.epicgames.com (32.194.215.172) port 443 (#8))
[2026.05.08-16.55.12:922][349]LogHttp: Warning: 000001F188B73900: libcurl info message cache 4 (ALPN, offering http/1.1)
[2026.05.08-16.55.12:922][349]LogHttp: Warning: 000001F188B73900: libcurl info message cache 5 (Cipher selection: ALL:!EXPORT:!EXPORT40:!EXPORT56:!aNULL:!LOW:!RC4:@STRENGTH)
[2026.05.08-16.55.12:922][349]LogHttp: Warning: 000001F188B73900: libcurl info message cache 6 (SSL re-using session ID)
[2026.05.08-16.55.12:922][349]LogHttp: Warning: 000001F188B73900: libcurl info message cache 7 (TLSv1.3 (OUT), TLS handshake, Client hello (1):)
[2026.05.08-16.55.12:922][349]LogHttp: Warning: 000001F188B73900: libcurl info message cache 8 (TLSv1.3 (IN), TLS handshake, Server hello (2):)
[2026.05.08-16.55.12:922][349]LogHttp: Warning: 000001F188B73900: libcurl info message cache 9 (TLSv1.2 (IN), TLS handshake, Certificate (11):)
[2026.05.08-16.55.12:922][349]LogHttp: Warning: 000001F188B73900: libcurl info message cache 10 (TLSv1.2 (OUT), TLS alert, Server hello (2):)
[2026.05.08-16.55.12:922][349]LogHttp: Warning: 000001F188B73900: libcurl info message cache 11 (SSL certificate problem: self signed certificate in certificate chain)
[2026.05.08-16.55.12:922][349]LogHttp: Warning: 000001F188B73900: libcurl info message cache 12 (Closing connection 8)
[2026.05.08-16.55.13:256][350]LogHttp: Warning: Retry exhausted on https://datarouter.ol.epicgames.com/datarouter/api/v1/public/data?SessionID=%7B60C66382-42BA-89B0-6242-F1AF2594F6FB%7D&AppID=UEEditor.Rocket.Release&AppVersion=4.27.2-18319896%2B%2B%2BUE4%2BRelease-4.27&UserID=d975ae6d41715b51fd3ecba185d3fc09%7C8a858a74adcc4c86aa7ca686176ab5bb%7C90f712fe-2f61-4f5c-8f94-fd0757457318&AppEnvironment=datacollector-binary&UploadType=eteventstream
[2026.05.08-16.56.12:901][528]LogHttp: Warning: 000001F188B73900: invalid HTTP response code received. URL: https://datarouter.ol.epicgames.com/datarouter/api/v1/public/data?SessionID=%7B60C66382-42BA-89B0-6242-F1AF2594F6FB%7D&AppID=UEEditor.Rocket.Release&AppVersion=4.27.2-18319896%2B%2B%2BUE4%2BRelease-4.27&UserID=d975ae6d41715b51fd3ecba185d3fc09%7C8a858a74adcc4c86aa7ca686176ab5bb%7C90f712fe-2f61-4f5c-8f94-fd0757457318&AppEnvironment=datacollector-binary&UploadType=eteventstream, HTTP code: 0, content length: 0, actual payload size: 0
[2026.05.08-16.56.12:901][528]LogHttp: Warning: 000001F188B73900: request failed, libcurl error: 60 (Peer certificate cannot be authenticated with given CA certificates)
[2026.05.08-16.56.12:901][528]LogHttp: Warning: 000001F188B73900: libcurl info message cache 0 (Hostname in DNS cache was stale, zapped)
[2026.05.08-16.56.12:901][528]LogHttp: Warning: 000001F188B73900: libcurl info message cache 1 (  Trying 52.86.72.232...)
[2026.05.08-16.56.12:901][528]LogHttp: Warning: 000001F188B73900: libcurl info message cache 2 (TCP_NODELAY set)
[2026.05.08-16.56.12:901][528]LogHttp: Warning: 000001F188B73900: libcurl info message cache 3 (Connected to datarouter.ol.epicgames.com (52.86.72.232) port 443 (#9))
[2026.05.08-16.56.12:901][528]LogHttp: Warning: 000001F188B73900: libcurl info message cache 4 (ALPN, offering http/1.1)
[2026.05.08-16.56.12:901][528]LogHttp: Warning: 000001F188B73900: libcurl info message cache 5 (Cipher selection: ALL:!EXPORT:!EXPORT40:!EXPORT56:!aNULL:!LOW:!RC4:@STRENGTH)
[2026.05.08-16.56.12:901][528]LogHttp: Warning: 000001F188B73900: libcurl info message cache 6 (SSL re-using session ID)
[2026.05.08-16.56.12:901][528]LogHttp: Warning: 000001F188B73900: libcurl info message cache 7 (TLSv1.3 (OUT), TLS handshake, Client hello (1):)
[2026.05.08-16.56.12:901][528]LogHttp: Warning: 000001F188B73900: libcurl info message cache 8 (TLSv1.3 (IN), TLS handshake, Server hello (2):)
[2026.05.08-16.56.12:901][528]LogHttp: Warning: 000001F188B73900: libcurl info message cache 9 (TLSv1.2 (IN), TLS handshake, Certificate (11):)
[2026.05.08-16.56.12:901][528]LogHttp: Warning: 000001F188B73900: libcurl info message cache 10 (TLSv1.2 (OUT), TLS alert, Server hello (2):)
[2026.05.08-16.56.12:901][528]LogHttp: Warning: 000001F188B73900: libcurl info message cache 11 (SSL certificate problem: self signed certificate in certificate chain)
[2026.05.08-16.56.12:901][528]LogHttp: Warning: 000001F188B73900: libcurl info message cache 12 (Closing connection 9)
[2026.05.08-16.56.12:902][528]LogHttp: Warning: Retry exhausted on https://datarouter.ol.epicgames.com/datarouter/api/v1/public/data?SessionID=%7B60C66382-42BA-89B0-6242-F1AF2594F6FB%7D&AppID=UEEditor.Rocket.Release&AppVersion=4.27.2-18319896%2B%2B%2BUE4%2BRelease-4.27&UserID=d975ae6d41715b51fd3ecba185d3fc09%7C8a858a74adcc4c86aa7ca686176ab5bb%7C90f712fe-2f61-4f5c-8f94-fd0757457318&AppEnvironment=datacollector-binary&UploadType=eteventstream
[2026.05.08-16.57.12:845][707]LogHttp: Warning: 000001F188B73900: invalid HTTP response code received. URL: https://datarouter.ol.epicgames.com/datarouter/api/v1/public/data?SessionID=%7B60C66382-42BA-89B0-6242-F1AF2594F6FB%7D&AppID=UEEditor.Rocket.Release&AppVersion=4.27.2-18319896%2B%2B%2BUE4%2BRelease-4.27&UserID=d975ae6d41715b51fd3ecba185d3fc09%7C8a858a74adcc4c86aa7ca686176ab5bb%7C90f712fe-2f61-4f5c-8f94-fd0757457318&AppEnvironment=datacollector-binary&UploadType=eteventstream, HTTP code: 0, content length: 0, actual payload size: 0
[2026.05.08-16.57.12:845][707]LogHttp: Warning: 000001F188B73900: request failed, libcurl error: 60 (Peer certificate cannot be authenticated with given CA certificates)
[2026.05.08-16.57.12:845][707]LogHttp: Warning: 000001F188B73900: libcurl info message cache 0 (Hostname in DNS cache was stale, zapped)
[2026.05.08-16.57.12:845][707]LogHttp: Warning: 000001F188B73900: libcurl info message cache 1 (  Trying 52.72.178.17...)
[2026.05.08-16.57.12:845][707]LogHttp: Warning: 000001F188B73900: libcurl info message cache 2 (TCP_NODELAY set)
[2026.05.08-16.57.12:845][707]LogHttp: Warning: 000001F188B73900: libcurl info message cache 3 (Connected to datarouter.ol.epicgames.com (52.72.178.17) port 443 (#10))
[2026.05.08-16.57.12:845][707]LogHttp: Warning: 000001F188B73900: libcurl info message cache 4 (ALPN, offering http/1.1)
[2026.05.08-16.57.12:845][707]LogHttp: Warning: 000001F188B73900: libcurl info message cache 5 (Cipher selection: ALL:!EXPORT:!EXPORT40:!EXPORT56:!aNULL:!LOW:!RC4:@STRENGTH)
[2026.05.08-16.57.12:845][707]LogHttp: Warning: 000001F188B73900: libcurl info message cache 6 (SSL re-using session ID)
[2026.05.08-16.57.12:845][707]LogHttp: Warning: 000001F188B73900: libcurl info message cache 7 (TLSv1.3 (OUT), TLS handshake, Client hello (1):)
[2026.05.08-16.57.12:845][707]LogHttp: Warning: 000001F188B73900: libcurl info message cache 8 (TLSv1.3 (IN), TLS handshake, Server hello (2):)
[2026.05.08-16.57.12:845][707]LogHttp: Warning: 000001F188B73900: libcurl info message cache 9 (TLSv1.2 (IN), TLS handshake, Certificate (11):)
[2026.05.08-16.57.12:845][707]LogHttp: Warning: 000001F188B73900: libcurl info message cache 10 (TLSv1.2 (OUT), TLS alert, Server hello (2):)
[2026.05.08-16.57.12:845][707]LogHttp: Warning: 000001F188B73900: libcurl info message cache 11 (SSL certificate problem: self signed certificate in certificate chain)
[2026.05.08-16.57.12:845][707]LogHttp: Warning: 000001F188B73900: libcurl info message cache 12 (Closing connection 10)
[2026.05.08-16.57.13:178][708]LogHttp: Warning: Retry exhausted on https://datarouter.ol.epicgames.com/datarouter/api/v1/public/data?SessionID=%7B60C66382-42BA-89B0-6242-F1AF2594F6FB%7D&AppID=UEEditor.Rocket.Release&AppVersion=4.27.2-18319896%2B%2B%2BUE4%2BRelease-4.27&UserID=d975ae6d41715b51fd3ecba185d3fc09%7C8a858a74adcc4c86aa7ca686176ab5bb%7C90f712fe-2f61-4f5c-8f94-fd0757457318&AppEnvironment=datacollector-binary&UploadType=eteventstream
[2026.05.08-16.58.13:099][887]LogHttp: Warning: 000001F188B73900: invalid HTTP response code received. URL: https://datarouter.ol.epicgames.com/datarouter/api/v1/public/data?SessionID=%7B60C66382-42BA-89B0-6242-F1AF2594F6FB%7D&AppID=UEEditor.Rocket.Release&AppVersion=4.27.2-18319896%2B%2B%2BUE4%2BRelease-4.27&UserID=d975ae6d41715b51fd3ecba185d3fc09%7C8a858a74adcc4c86aa7ca686176ab5bb%7C90f712fe-2f61-4f5c-8f94-fd0757457318&AppEnvironment=datacollector-binary&UploadType=eteventstream, HTTP code: 0, content length: 0, actual payload size: 0
[2026.05.08-16.58.13:099][887]LogHttp: Warning: 000001F188B73900: request failed, libcurl error: 60 (Peer certificate cannot be authenticated with given CA certificates)
[2026.05.08-16.58.13:099][887]LogHttp: Warning: 000001F188B73900: libcurl info message cache 0 (Hostname in DNS cache was stale, zapped)
[2026.05.08-16.58.13:099][887]LogHttp: Warning: 000001F188B73900: libcurl info message cache 1 (  Trying 34.224.196.214...)
[2026.05.08-16.58.13:099][887]LogHttp: Warning: 000001F188B73900: libcurl info message cache 2 (TCP_NODELAY set)
[2026.05.08-16.58.13:099][887]LogHttp: Warning: 000001F188B73900: libcurl info message cache 3 (Connected to datarouter.ol.epicgames.com (34.224.196.214) port 443 (#11))
[2026.05.08-16.58.13:099][887]LogHttp: Warning: 000001F188B73900: libcurl info message cache 4 (ALPN, offering http/1.1)
[2026.05.08-16.58.13:099][887]LogHttp: Warning: 000001F188B73900: libcurl info message cache 5 (Cipher selection: ALL:!EXPORT:!EXPORT40:!EXPORT56:!aNULL:!LOW:!RC4:@STRENGTH)
[2026.05.08-16.58.13:099][887]LogHttp: Warning: 000001F188B73900: libcurl info message cache 6 (SSL re-using session ID)
[2026.05.08-16.58.13:099][887]LogHttp: Warning: 000001F188B73900: libcurl info message cache 7 (TLSv1.3 (OUT), TLS handshake, Client hello (1):)
[2026.05.08-16.58.13:099][887]LogHttp: Warning: 000001F188B73900: libcurl info message cache 8 (TLSv1.3 (IN), TLS handshake, Server hello (2):)
[2026.05.08-16.58.13:099][887]LogHttp: Warning: 000001F188B73900: libcurl info message cache 9 (TLSv1.2 (IN), TLS handshake, Certificate (11):)
[2026.05.08-16.58.13:099][887]LogHttp: Warning: 000001F188B73900: libcurl info message cache 10 (TLSv1.2 (OUT), TLS alert, Server hello (2):)
[2026.05.08-16.58.13:099][887]LogHttp: Warning: 000001F188B73900: libcurl info message cache 11 (SSL certificate problem: self signed certificate in certificate chain)
[2026.05.08-16.58.13:099][887]LogHttp: Warning: 000001F188B73900: libcurl info message cache 12 (Closing connection 11)
[2026.05.08-16.58.13:433][888]LogHttp: Warning: Retry exhausted on https://datarouter.ol.epicgames.com/datarouter/api/v1/public/data?SessionID=%7B60C66382-42BA-89B0-6242-F1AF2594F6FB%7D&AppID=UEEditor.Rocket.Release&AppVersion=4.27.2-18319896%2B%2B%2BUE4%2BRelease-4.27&UserID=d975ae6d41715b51fd3ecba185d3fc09%7C8a858a74adcc4c86aa7ca686176ab5bb%7C90f712fe-2f61-4f5c-8f94-fd0757457318&AppEnvironment=datacollector-binary&UploadType=eteventstream
[2026.05.08-16.58.27:170][ 93]LogUObjectHash: Compacting FUObjectHashTables data took   0.79ms
[2026.05.08-16.58.27:222][ 93]LogSlate: Window 'Facade - Unreal Editor' being destroyed
[2026.05.08-16.58.27:329][ 94]Cmd: QUIT_EDITOR
[2026.05.08-16.58.27:329][ 94]LogCore: Engine exit requested (reason: UUnrealEdEngine::CloseEditor())
[2026.05.08-16.58.27:333][ 94]LogCore: Engine exit requested (reason: EngineExit() was called; note: exit was already requested)
[2026.05.08-16.58.28:059][ 94]LogAudio: Display: Beginning Audio Device Manager Shutdown (Module: AudioMixerXAudio2)...
[2026.05.08-16.58.28:060][ 94]LogAudio: Display: Destroying 1 Remaining Audio Device(s)...
[2026.05.08-16.58.28:060][ 94]LogAudio: Display: Audio Device unregistered from world 'TwinStickExampleMap'.
[2026.05.08-16.58.28:060][ 94]LogAudioMixer: FMixerPlatformXAudio2::StopAudioStream() called
[2026.05.08-16.58.28:061][ 94]LogAudioMixer: FMixerPlatformXAudio2::StopAudioStream() called
[2026.05.08-16.58.28:064][ 94]LogAudio: Display: Audio Device Manager Shutdown
[2026.05.08-16.58.28:071][ 94]LogExit: Preparing to exit.
[2026.05.08-16.58.29:015][ 94]LogUObjectHash: Compacting FUObjectHashTables data took   1.05ms
[2026.05.08-16.58.29:169][ 94]LogWorld: UWorld::CleanupWorld for World_0, bSessionEnded=true, bCleanupResources=true
[2026.05.08-16.58.29:169][ 94]LogWorld: UWorld::CleanupWorld for World_1, bSessionEnded=true, bCleanupResources=true
[2026.05.08-16.58.29:169][ 94]LogWorld: UWorld::CleanupWorld for World_2, bSessionEnded=true, bCleanupResources=true
[2026.05.08-16.58.29:169][ 94]LogWorld: UWorld::CleanupWorld for World_3, bSessionEnded=true, bCleanupResources=true
[2026.05.08-16.58.29:169][ 94]LogWorld: UWorld::CleanupWorld for World_4, bSessionEnded=true, bCleanupResources=true
[2026.05.08-16.58.29:189][ 94]LogDemo: Cleaned up 0 splitscreen connections with owner deletion
[2026.05.08-16.58.29:199][ 94]LogWorld: UWorld::CleanupWorld for None, bSessionEnded=true, bCleanupResources=true
[2026.05.08-16.58.29:199][ 94]LogExit: Editor shut down
[2026.05.08-16.58.29:199][ 94]LogExit: Transaction tracking system shut down
[2026.05.08-16.58.29:513][ 94]LogExit: Object subsystem successfully closed.
[2026.05.08-16.58.29:543][ 94]LogShaderCompilers: Display: === FShaderJobCache stats ===
[2026.05.08-16.58.29:543][ 94]LogShaderCompilers: Display: Total job queries 0, among them cache hits 0 (0.00%)
[2026.05.08-16.58.29:543][ 94]LogShaderCompilers: Display: Tracking 0 distinct input hashes that result in 0 distinct outputs (0.00%)
[2026.05.08-16.58.29:543][ 94]LogShaderCompilers: Display: RAM used: 0.00 MB (0.00 GB) of 819.20 MB (0.80 GB) budget. Usage: 0.00%
[2026.05.08-16.58.29:543][ 94]LogShaderCompilers: Display: ================================================
[2026.05.08-16.58.29:555][ 94]LogShaderCompilers: Display: Shaders left to compile 0
[2026.05.08-16.58.29:583][ 94]LogModuleManager: Shutting down and abandoning module Facade (878)
[2026.05.08-16.58.29:584][ 94]LogModuleManager: Shutting down and abandoning module MovieSceneCapture (877)
[2026.05.08-16.58.29:584][ 94]LogModuleManager: Shutting down and abandoning module Voice (875)
[2026.05.08-16.58.29:584][ 94]LogModuleManager: Shutting down and abandoning module HierarchicalLODOutliner (872)
[2026.05.08-16.58.29:584][ 94]LogModuleManager: Shutting down and abandoning module SceneOutliner (870)
[2026.05.08-16.58.29:584][ 94]LogModuleManager: Shutting down and abandoning module AddContentDialog (868)
[2026.05.08-16.58.29:584][ 94]LogModuleManager: Shutting down and abandoning module WidgetCarousel (867)
[2026.05.08-16.58.29:584][ 94]LogModuleManager: Shutting down and abandoning module EditorWidgets (864)
[2026.05.08-16.58.29:584][ 94]LogModuleManager: Shutting down and abandoning module StatsViewer (862)
[2026.05.08-16.58.29:584][ 94]LogModuleManager: Shutting down and abandoning module PIEPreviewDeviceProfileSelector (860)
[2026.05.08-16.58.29:584][ 94]LogModuleManager: Shutting down and abandoning module SequenceRecorderSections (858)
[2026.05.08-16.58.29:584][ 94]LogModuleManager: Shutting down and abandoning module AutomationWorker (856)
[2026.05.08-16.58.29:584][ 94]LogModuleManager: Shutting down and abandoning module SteamVREditor (854)
[2026.05.08-16.58.29:584][ 94]LogModuleManager: Shutting down and abandoning module OculusMR (852)
[2026.05.08-16.58.29:584][ 94]LogModuleManager: Shutting down and abandoning module TakeRecorderSources (850)
[2026.05.08-16.58.29:584][ 94]LogModuleManager: Shutting down and abandoning module TakeRecorder (849)
[2026.05.08-16.58.29:585][ 94]LogModuleManager: Shutting down and abandoning module TakeTrackRecorders (846)
[2026.05.08-16.58.29:585][ 94]LogModuleManager: Shutting down and abandoning module TakesCore (844)
[2026.05.08-16.58.29:585][ 94]LogModuleManager: Shutting down and abandoning module OpenXRInput (842)
[2026.05.08-16.58.29:585][ 94]LogModuleManager: Shutting down and abandoning module GooglePADEditor (840)
[2026.05.08-16.58.29:585][ 94]LogModuleManager: Shutting down and abandoning module AudioCaptureEditor (838)
[2026.05.08-16.58.29:585][ 94]LogModuleManager: Shutting down and abandoning module TemplateSequenceEditor (836)
[2026.05.08-16.58.29:585][ 94]LogModuleManager: Shutting down and abandoning module MatineeToLevelSequence (834)
[2026.05.08-16.58.29:585][ 94]LogModuleManager: Shutting down and abandoning module ActorSequenceEditor (832)
[2026.05.08-16.58.29:585][ 94]LogModuleManager: Shutting down and abandoning module LevelSequenceEditor (830)
[2026.05.08-16.58.29:585][ 94]LogModuleManager: Shutting down and abandoning module PlanarCut (828)
[2026.05.08-16.58.29:585][ 94]LogModuleManager: Shutting down and abandoning module WebMMediaFactory (826)
[2026.05.08-16.58.29:585][ 94]LogModuleManager: Shutting down and abandoning module WebMMediaEditor (824)
[2026.05.08-16.58.29:585][ 94]LogModuleManager: Shutting down and abandoning module WebMMedia (822)
[2026.05.08-16.58.29:585][ 94]LogModuleManager: Shutting down and abandoning module WmfMediaFactory (820)
[2026.05.08-16.58.29:585][ 94]LogModuleManager: Shutting down and abandoning module WmfMediaEditor (818)
[2026.05.08-16.58.29:585][ 94]LogModuleManager: Shutting down and abandoning module MediaPlayerEditor (816)
[2026.05.08-16.58.29:585][ 94]LogModuleManager: Shutting down and abandoning module MediaCompositingEditor (814)
[2026.05.08-16.58.29:585][ 94]LogModuleManager: Shutting down and abandoning module SequenceRecorder (813)
[2026.05.08-16.58.29:585][ 94]LogModuleManager: Shutting down and abandoning module OpenExrWrapper (810)
[2026.05.08-16.58.29:585][ 94]LogModuleManager: Shutting down and abandoning module ImgMediaFactory (808)
[2026.05.08-16.58.29:585][ 94]LogModuleManager: Shutting down and abandoning module ImgMediaEditor (806)
[2026.05.08-16.58.29:585][ 94]LogModuleManager: Shutting down and abandoning module AvfMediaFactory (804)
[2026.05.08-16.58.29:585][ 94]LogModuleManager: Shutting down and abandoning module AvfMediaEditor (802)
[2026.05.08-16.58.29:585][ 94]LogModuleManager: Shutting down and abandoning module AndroidMediaFactory (800)
[2026.05.08-16.58.29:585][ 94]LogModuleManager: Shutting down and abandoning module AndroidMediaEditor (798)
[2026.05.08-16.58.29:585][ 94]LogModuleManager: Shutting down and abandoning module MagicLeapMediaCodecFactory (796)
[2026.05.08-16.58.29:585][ 94]LogModuleManager: Shutting down and abandoning module MagicLeapMediaFactory (794)
[2026.05.08-16.58.29:585][ 94]LogModuleManager: Shutting down and abandoning module MagicLeapMediaEditor (792)
[2026.05.08-16.58.29:585][ 94]LogModuleManager: Shutting down and abandoning module CharacterAI (790)
[2026.05.08-16.58.29:585][ 94]LogModuleManager: Shutting down and abandoning module TextureAlignMode (788)
[2026.05.08-16.58.29:585][ 94]LogModuleManager: Shutting down and abandoning module BspMode (786)
[2026.05.08-16.58.29:585][ 94]LogModuleManager: Shutting down and abandoning module GeometryMode (784)
[2026.05.08-16.58.29:585][ 94]LogModuleManager: Shutting down and abandoning module CameraShakePreviewer (782)
[2026.05.08-16.58.29:585][ 94]LogModuleManager: Shutting down and abandoning module SmartSnapping (780)
[2026.05.08-16.58.29:585][ 94]LogModuleManager: Shutting down and abandoning module SessionServices (778)
[2026.05.08-16.58.29:586][ 94]LogModuleManager: Shutting down and abandoning module MeshPaint (776)
[2026.05.08-16.58.29:586][ 94]LogModuleManager: Shutting down and abandoning module VirtualTexturingEditor (774)
[2026.05.08-16.58.29:586][ 94]LogModuleManager: Shutting down and abandoning module FoliageEdit (772)
[2026.05.08-16.58.29:586][ 94]LogModuleManager: Shutting down and abandoning module LandscapeEditor (770)
[2026.05.08-16.58.29:586][ 94]LogModuleManager: Shutting down and abandoning module MeshPaintMode (768)
[2026.05.08-16.58.29:586][ 94]LogModuleManager: Shutting down and abandoning module SceneDepthPickerMode (766)
[2026.05.08-16.58.29:586][ 94]LogModuleManager: Shutting down and abandoning module ActorPickerMode (764)
[2026.05.08-16.58.29:586][ 94]LogModuleManager: Shutting down and abandoning module PlacementMode (762)
[2026.05.08-16.58.29:586][ 94]LogModuleManager: Shutting down and abandoning module ViewportSnapping (760)
[2026.05.08-16.58.29:586][ 94]LogModuleManager: Shutting down and abandoning module ViewportInteraction (758)
[2026.05.08-16.58.29:586][ 94]LogModuleManager: Shutting down and abandoning module ClothPainter (756)
[2026.05.08-16.58.29:586][ 94]LogModuleManager: Shutting down and abandoning module SkeletalMeshEditor (755)
[2026.05.08-16.58.29:586][ 94]LogModuleManager: Shutting down and abandoning module LogVisualizer (752)
[2026.05.08-16.58.29:586][ 94]LogModuleManager: Shutting down and abandoning module IntroTutorials (750)
[2026.05.08-16.58.29:586][ 94]LogModuleManager: Shutting down and abandoning module GameProjectGeneration (749)
[2026.05.08-16.58.29:586][ 94]LogModuleManager: Shutting down and abandoning module LuminPlatformEditor (746)
[2026.05.08-16.58.29:586][ 94]LogModuleManager: Shutting down and abandoning module IOSPlatformEditor (744)
[2026.05.08-16.58.29:586][ 94]LogModuleManager: Shutting down and abandoning module AndroidPlatformEditor (742)
[2026.05.08-16.58.29:586][ 94]LogModuleManager: Shutting down and abandoning module AndroidDeviceDetection (741)
[2026.05.08-16.58.31:227][ 94]LogModuleManager: Shutting down and abandoning module WindowsPlatformEditor (738)
[2026.05.08-16.58.31:227][ 94]LogModuleManager: Shutting down and abandoning module LuminRuntimeSettings (736)
[2026.05.08-16.58.31:227][ 94]LogModuleManager: Shutting down and abandoning module IOSRuntimeSettings (734)
[2026.05.08-16.58.31:227][ 94]LogModuleManager: Shutting down and abandoning module AndroidRuntimeSettings (732)
[2026.05.08-16.58.31:227][ 94]LogModuleManager: Shutting down and abandoning module TraceInsights (730)
[2026.05.08-16.58.31:227][ 94]MemoryProfiler: Shutdown
[2026.05.08-16.58.31:227][ 94]NetworkingProfiler: Shutdown
[2026.05.08-16.58.31:227][ 94]LoadingProfiler: Shutdown
[2026.05.08-16.58.31:227][ 94]TimingProfiler: Shutdown
[2026.05.08-16.58.31:227][ 94]LogModuleManager: Shutting down and abandoning module TraceServices (729)
[2026.05.08-16.58.31:227][ 94]LogModuleManager: Shutting down and abandoning module EditorInteractiveToolsFramework (726)
[2026.05.08-16.58.31:227][ 94]LogModuleManager: Shutting down and abandoning module TimeManagementEditor (724)
[2026.05.08-16.58.31:227][ 94]LogModuleManager: Shutting down and abandoning module InputBindingEditor (722)
[2026.05.08-16.58.31:227][ 94]LogModuleManager: Shutting down and abandoning module MergeActors (720)
[2026.05.08-16.58.31:227][ 94]LogModuleManager: Shutting down and abandoning module LocalizationDashboard (718)
[2026.05.08-16.58.31:227][ 94]LogModuleManager: Shutting down and abandoning module LocalizationService (717)
[2026.05.08-16.58.31:227][ 94]LogModuleManager: Shutting down and abandoning module HardwareTargeting (714)
[2026.05.08-16.58.31:227][ 94]LogModuleManager: Shutting down and abandoning module DeviceProfileEditor (712)
[2026.05.08-16.58.31:227][ 94]LogModuleManager: Shutting down and abandoning module UndoHistory (710)
[2026.05.08-16.58.31:227][ 94]LogModuleManager: Shutting down and abandoning module XmlParser (708)
[2026.05.08-16.58.31:228][ 94]LogModuleManager: Shutting down and abandoning module Blutility (706)
[2026.05.08-16.58.31:228][ 94]LogModuleManager: Shutting down and abandoning module ProjectSettingsViewer (704)
[2026.05.08-16.58.31:228][ 94]LogModuleManager: Shutting down and abandoning module ProjectTargetPlatformEditor (703)
[2026.05.08-16.58.31:228][ 94]LogModuleManager: Shutting down and abandoning module EditorSettingsViewer (700)
[2026.05.08-16.58.31:228][ 94]LogModuleManager: Shutting down and abandoning module InternationalizationSettings (699)
[2026.05.08-16.58.31:228][ 94]LogModuleManager: Shutting down and abandoning module SettingsEditor (696)
[2026.05.08-16.58.31:228][ 94]LogModuleManager: Shutting down and abandoning module ProjectLauncher (694)
[2026.05.08-16.58.31:228][ 94]LogModuleManager: Shutting down and abandoning module SessionFrontend (692)
[2026.05.08-16.58.31:228][ 94]LogModuleManager: Shutting down and abandoning module ProfilerClient (690)
[2026.05.08-16.58.31:228][ 94]LogModuleManager: Shutting down and abandoning module DeviceManager (688)
[2026.05.08-16.58.31:228][ 94]LogModuleManager: Shutting down and abandoning module TargetDeviceServices (687)
[2026.05.08-16.58.31:262][ 94]LogModuleManager: Shutting down and abandoning module AutomationController (684)
[2026.05.08-16.58.31:262][ 94]LogModuleManager: Shutting down and abandoning module AutomationWindow (682)
[2026.05.08-16.58.31:262][ 94]LogModuleManager: Shutting down and abandoning module Layers (680)
[2026.05.08-16.58.31:262][ 94]LogModuleManager: Shutting down and abandoning module ComponentVisualizers (678)
[2026.05.08-16.58.31:262][ 94]LogModuleManager: Shutting down and abandoning module DetailCustomizations (676)
[2026.05.08-16.58.31:262][ 94]LogModuleManager: Shutting down and abandoning module PackagesDialog (674)
[2026.05.08-16.58.31:262][ 94]LogModuleManager: Shutting down and abandoning module AnimationBlueprintEditor (672)
[2026.05.08-16.58.31:262][ 94]LogModuleManager: Shutting down and abandoning module Persona (670)
[2026.05.08-16.58.31:262][ 94]LogModuleManager: Shutting down and abandoning module AdvancedPreviewScene (669)
[2026.05.08-16.58.31:262][ 94]LogModuleManager: Shutting down and abandoning module AnimGraph (667)
[2026.05.08-16.58.31:262][ 94]LogModuleManager: Shutting down and abandoning module Kismet (664)
[2026.05.08-16.58.31:262][ 94]LogModuleManager: Shutting down and abandoning module KismetWidgets (663)
[2026.05.08-16.58.31:262][ 94]LogModuleManager: Shutting down and abandoning module GraphEditor (660)
[2026.05.08-16.58.31:262][ 94]LogModuleManager: Shutting down and abandoning module StructViewer (658)
[2026.05.08-16.58.31:262][ 94]LogModuleManager: Shutting down and abandoning module ClassViewer (656)
[2026.05.08-16.58.31:262][ 94]LogModuleManager: Shutting down and abandoning module Toolbox (654)
[2026.05.08-16.58.31:262][ 94]LogModuleManager: Shutting down and abandoning module ModuleUI (652)
[2026.05.08-16.58.31:262][ 94]LogModuleManager: Shutting down and abandoning module OutputLog (650)
[2026.05.08-16.58.31:263][ 94]LogModuleManager: Shutting down and abandoning module GammaUI (648)
[2026.05.08-16.58.31:263][ 94]LogModuleManager: Shutting down and abandoning module Documentation (646)
[2026.05.08-16.58.31:263][ 94]LogModuleManager: Shutting down and abandoning module LiveCoding (644)
[2026.05.08-16.58.31:263][ 94]LogModuleManager: Shutting down and abandoning module LevelSequence (642)
[2026.05.08-16.58.31:263][ 94]LogModuleManager: Shutting down and abandoning module MovieSceneTracks (640)
[2026.05.08-16.58.31:263][ 94]LogModuleManager: Shutting down and abandoning module MovieScene (638)
[2026.05.08-16.58.31:263][ 94]LogModuleManager: Shutting down and abandoning module StreamingPauseRendering (636)
[2026.05.08-16.58.31:263][ 94]LogModuleManager: Shutting down and abandoning module LauncherPlatform (634)
[2026.05.08-16.58.31:263][ 94]LogModuleManager: Shutting down and abandoning module AnalyticsET (632)
[2026.05.08-16.58.31:263][ 94]LogModuleManager: Shutting down and abandoning module PortalServices (630)
[2026.05.08-16.58.31:263][ 94]LogModuleManager: Shutting down and abandoning module PortalRpc (628)
[2026.05.08-16.58.31:263][ 94]LogModuleManager: Shutting down and abandoning module MessagingRpc (626)
[2026.05.08-16.58.31:263][ 94]LogModuleManager: Shutting down and abandoning module AudioMixerXAudio2 (624)
[2026.05.08-16.58.31:263][ 94]LogModuleManager: Shutting down and abandoning module AudioMixerCore (623)
[2026.05.08-16.58.31:263][ 94]LogModuleManager: Shutting down and abandoning module AIModule (620)
[2026.05.08-16.58.31:263][ 94]LogModuleManager: Shutting down and abandoning module GameplayDebugger (619)
[2026.05.08-16.58.31:263][ 94]LogModuleManager: Shutting down and abandoning module AITestSuite (617)
[2026.05.08-16.58.31:263][ 94]LogModuleManager: Shutting down and abandoning module NavigationSystem (615)
[2026.05.08-16.58.31:263][ 94]LogModuleManager: Shutting down and abandoning module ImageWriteQueue (612)
[2026.05.08-16.58.31:271][ 94]LogModuleManager: Shutting down and abandoning module ProfilerService (610)
[2026.05.08-16.58.31:515][ 94]LogModuleManager: Shutting down and abandoning module TaskGraph (608)
[2026.05.08-16.58.31:515][ 94]LogModuleManager: Shutting down and abandoning module AudioSynesthesiaEditor (606)
[2026.05.08-16.58.31:515][ 94]LogModuleManager: Shutting down and abandoning module OculusEditor (604)
[2026.05.08-16.58.31:515][ 94]LogModuleManager: Shutting down and abandoning module OculusInput (602)
[2026.05.08-16.58.31:515][ 94]LogModuleManager: Shutting down and abandoning module ContentBrowserFileDataSource (600)
[2026.05.08-16.58.31:515][ 94]LogModuleManager: Shutting down and abandoning module ContentBrowserClassDataSource (598)
[2026.05.08-16.58.31:515][ 94]LogModuleManager: Shutting down and abandoning module ContentBrowserAssetDataSource (596)
[2026.05.08-16.58.31:515][ 94]LogModuleManager: Shutting down and abandoning module CollectionManager (595)
[2026.05.08-16.58.31:516][ 94]LogModuleManager: Shutting down and abandoning module TakeSequencer (592)
[2026.05.08-16.58.31:516][ 94]LogModuleManager: Shutting down and abandoning module TakeMovieScene (590)
[2026.05.08-16.58.31:516][ 94]LogModuleManager: Shutting down and abandoning module SynthesisEditor (588)
[2026.05.08-16.58.31:516][ 94]LogModuleManager: Shutting down and abandoning module Synthesis (586)
[2026.05.08-16.58.31:516][ 94]LogModuleManager: Shutting down and abandoning module ProceduralMeshComponentEditor (584)
[2026.05.08-16.58.31:516][ 94]LogModuleManager: Shutting down and abandoning module ProceduralMeshComponent (582)
[2026.05.08-16.58.31:516][ 94]LogModuleManager: Shutting down and abandoning module OpenXREditor (580)
[2026.05.08-16.58.31:516][ 94]LogModuleManager: Shutting down and abandoning module MobilePatchingUtils (578)
[2026.05.08-16.58.31:516][ 94]LogModuleManager: Shutting down and abandoning module ScreenshotTools (576)
[2026.05.08-16.58.31:516][ 94]LogModuleManager: Shutting down and abandoning module GooglePAD (574)
[2026.05.08-16.58.31:516][ 94]LogModuleManager: Shutting down and abandoning module EditableMesh (572)
[2026.05.08-16.58.31:516][ 94]LogModuleManager: Shutting down and abandoning module CustomMeshComponent (570)
[2026.05.08-16.58.31:516][ 94]LogModuleManager: Shutting down and abandoning module CableComponent (568)
[2026.05.08-16.58.31:516][ 94]LogModuleManager: Shutting down and abandoning module AssetTags (566)
[2026.05.08-16.58.31:516][ 94]LogModuleManager: Shutting down and abandoning module AudioCapture (564)
[2026.05.08-16.58.31:516][ 94]LogModuleManager: Shutting down and abandoning module AudioCaptureRtAudio (563)
[2026.05.08-16.58.31:516][ 94]LogModuleManager: Shutting down and abandoning module ArchVisCharacter (560)
[2026.05.08-16.58.31:516][ 94]LogModuleManager: Shutting down and abandoning module AppleImageUtilsBlueprintSupport (558)
[2026.05.08-16.58.31:516][ 94]LogModuleManager: Shutting down and abandoning module AppleImageUtils (556)
[2026.05.08-16.58.31:516][ 94]LogModuleManager: Shutting down and abandoning module AndroidPermission (554)
[2026.05.08-16.58.31:516][ 94]LogModuleManager: Shutting down and abandoning module ActorLayerUtilitiesEditor (552)
[2026.05.08-16.58.31:516][ 94]LogModuleManager: Shutting down and abandoning module ActorLayerUtilities (550)
[2026.05.08-16.58.31:516][ 94]LogModuleManager: Shutting down and abandoning module TemplateSequence (548)
[2026.05.08-16.58.31:516][ 94]LogModuleManager: Shutting down and abandoning module OpenImageDenoise (546)
[2026.05.08-16.58.31:516][ 94]LogOpenImageDenoise: OIDN shutting down
[2026.05.08-16.58.31:516][ 94]LogModuleManager: Shutting down and abandoning module MotoSynthEditor (544)
[2026.05.08-16.58.31:516][ 94]LogModuleManager: Shutting down and abandoning module MotoSynth (542)
[2026.05.08-16.58.31:516][ 94]LogModuleManager: Shutting down and abandoning module MediaCompositing (540)
[2026.05.08-16.58.31:516][ 94]LogModuleManager: Shutting down and abandoning module ImgMedia (538)
[2026.05.08-16.58.31:516][ 94]LogModuleManager: Shutting down and abandoning module MeshConversion (536)
[2026.05.08-16.58.31:516][ 94]LogModuleManager: Shutting down and abandoning module DynamicMesh (534)
[2026.05.08-16.58.31:516][ 94]LogModuleManager: Shutting down and abandoning module GeometryAlgorithms (532)
[2026.05.08-16.58.31:516][ 94]LogModuleManager: Shutting down and abandoning module GeometricObjects (530)
[2026.05.08-16.58.31:516][ 94]LogModuleManager: Shutting down and abandoning module MagicLeapSharedWorld (528)
[2026.05.08-16.58.31:516][ 94]LogModuleManager: Shutting down and abandoning module MagicLeapLightEstimation (526)
[2026.05.08-16.58.31:516][ 94]LogModuleManager: Shutting down and abandoning module MagicLeapHelperVulkan (524)
[2026.05.08-16.58.31:516][ 94]LogModuleManager: Shutting down and abandoning module MagicLeapHelperOpenGL (522)
[2026.05.08-16.58.31:516][ 94]LogModuleManager: Shutting down and abandoning module MagicLeapAudio (520)
[2026.05.08-16.58.31:516][ 94]LogModuleManager: Shutting down and abandoning module GeometryCollectionTracks (518)
[2026.05.08-16.58.31:516][ 94]LogModuleManager: Shutting down and abandoning module GeometryCollectionSequencer (517)
[2026.05.08-16.58.31:516][ 94]LogModuleManager: Shutting down and abandoning module GeometryCollectionEditor (514)
[2026.05.08-16.58.31:516][ 94]LogModuleManager: Shutting down and abandoning module GeometryCacheTracks (512)
[2026.05.08-16.58.31:516][ 94]LogModuleManager: Shutting down and abandoning module GeometryCacheStreamer (510)
[2026.05.08-16.58.31:516][ 94]LogModuleManager: Shutting down and abandoning module GeometryCacheSequencer (508)
[2026.05.08-16.58.31:516][ 94]LogModuleManager: Shutting down and abandoning module FractureEditor (506)
[2026.05.08-16.58.31:516][ 94]LogModuleManager: Shutting down and abandoning module ChaosNiagara (504)
[2026.05.08-16.58.31:516][ 94]LogModuleManager: Shutting down and abandoning module ChaosClothEditor (502)
[2026.05.08-16.58.31:516][ 94]LogModuleManager: Shutting down and abandoning module ChaosSolverEditor (500)
[2026.05.08-16.58.31:516][ 94]LogModuleManager: Shutting down and abandoning module FieldSystemEngine (499)
[2026.05.08-16.58.31:516][ 94]LogModuleManager: Shutting down and abandoning module BackChannel (496)
[2026.05.08-16.58.31:516][ 94]LogModuleManager: Shutting down and abandoning module AutomationUtilsEditor (494)
[2026.05.08-16.58.31:516][ 94]LogModuleManager: Shutting down and abandoning module AutomationUtils (492)
[2026.05.08-16.58.31:516][ 94]LogModuleManager: Shutting down and abandoning module VariantManagerContentEditor (490)
[2026.05.08-16.58.31:516][ 94]LogModuleManager: Shutting down and abandoning module AlembicImporter (488)
[2026.05.08-16.58.31:516][ 94]LogModuleManager: Shutting down and abandoning module AlembicLibrary (487)
[2026.05.08-16.58.31:516][ 94]LogModuleManager: Shutting down and abandoning module GeometryCache (486)
[2026.05.08-16.58.31:516][ 94]LogModuleManager: Shutting down and abandoning module GeometryCacheEd (485)
[2026.05.08-16.58.31:516][ 94]LogModuleManager: Shutting down and abandoning module DatasmithContentEditor (480)
[2026.05.08-16.58.31:517][ 94]LogModuleManager: Shutting down and abandoning module NiagaraEditorWidgets (478)
[2026.05.08-16.58.31:517][ 94]LogModuleManager: Shutting down and abandoning module VisualStudioCodeSourceCodeAccess (476)
[2026.05.08-16.58.31:517][ 94]LogModuleManager: Shutting down and abandoning module UObjectPlugin (474)
[2026.05.08-16.58.31:517][ 94]LogModuleManager: Shutting down and abandoning module VisualStudioSourceCodeAccess (472)
[2026.05.08-16.58.31:517][ 94]LogModuleManager: Shutting down and abandoning module RiderSourceCodeAccess (470)
[2026.05.08-16.58.31:517][ 94]LogModuleManager: Shutting down and abandoning module SubversionSourceControl (468)
[2026.05.08-16.58.31:517][ 94]LogModuleManager: Shutting down and abandoning module PluginUtils (466)
[2026.05.08-16.58.31:517][ 94]LogModuleManager: Shutting down and abandoning module PlasticSourceControl (464)
[2026.05.08-16.58.31:517][ 94]LogModuleManager: Shutting down and abandoning module GitSourceControl (462)
[2026.05.08-16.58.31:517][ 94]LogModuleManager: Shutting down and abandoning module PerforceSourceControl (460)
[2026.05.08-16.58.31:517][ 94]LogModuleManager: Shutting down and abandoning module SourceControl (459)
[2026.05.08-16.58.31:517][ 94]LogModuleManager: Shutting down and abandoning module CLionSourceCodeAccess (456)
[2026.05.08-16.58.31:517][ 94]LogModuleManager: Shutting down and abandoning module AnimationSharingEd (454)
[2026.05.08-16.58.31:517][ 94]LogModuleManager: Shutting down and abandoning module SpeedTreeImporter (452)
[2026.05.08-16.58.31:517][ 94]LogModuleManager: Shutting down and abandoning module MobileLauncherProfileWizard (450)
[2026.05.08-16.58.31:517][ 94]LogModuleManager: Shutting down and abandoning module PluginBrowser (448)
[2026.05.08-16.58.31:517][ 94]LogModuleManager: Shutting down and abandoning module MaterialAnalyzer (446)
[2026.05.08-16.58.31:517][ 94]LogModuleManager: Shutting down and abandoning module CurveEditorTools (444)
[2026.05.08-16.58.31:517][ 94]LogModuleManager: Shutting down and abandoning module CryptoKeysOpenSSL (442)
[2026.05.08-16.58.31:517][ 94]LogModuleManager: Shutting down and abandoning module CryptoKeys (440)
[2026.05.08-16.58.31:517][ 94]LogModuleManager: Shutting down and abandoning module LightPropagationVolumeEditor (438)
[2026.05.08-16.58.31:517][ 94]LogModuleManager: Shutting down and abandoning module OodleNetworkHandlerComponent (436)
[2026.05.08-16.58.31:517][ 94]LogModuleManager: Shutting down and abandoning module LiveLinkSequencer (434)
[2026.05.08-16.58.31:517][ 94]LogModuleManager: Shutting down and abandoning module LiveLinkMovieScene (432)
[2026.05.08-16.58.31:517][ 94]LogModuleManager: Shutting down and abandoning module LiveLinkGraphNode (430)
[2026.05.08-16.58.31:517][ 94]LogModuleManager: Shutting down and abandoning module LiveLinkEditor (428)
[2026.05.08-16.58.31:517][ 94]LogModuleManager: Shutting down and abandoning module LiveLinkComponents (426)
[2026.05.08-16.58.31:517][ 94]LogModuleManager: Shutting down and abandoning module LiveLink (424)
[2026.05.08-16.58.32:122][ 94]LogModuleManager: Shutting down and abandoning module PaperTiledImporter (422)
[2026.05.08-16.58.32:122][ 94]LogModuleManager: Shutting down and abandoning module PaperSpriteSheetImporter (420)
[2026.05.08-16.58.32:122][ 94]LogModuleManager: Shutting down and abandoning module Paper2DEditor (418)
[2026.05.08-16.58.32:122][ 94]LogModuleManager: Shutting down and abandoning module MeshPaintingToolset (416)
[2026.05.08-16.58.32:122][ 94]LogModuleManager: Shutting down and abandoning module MeshPaintEditorMode (414)
[2026.05.08-16.58.32:122][ 94]LogModuleManager: Shutting down and abandoning module SoundFields (410)
[2026.05.08-16.58.32:122][ 94]LogModuleManager: Shutting down and abandoning module RuntimePhysXCooking (408)
[2026.05.08-16.58.32:122][ 94]LogModuleManager: Shutting down and abandoning module SignificanceManager (406)
[2026.05.08-16.58.32:122][ 94]LogModuleManager: Shutting down and abandoning module PropertyAccessEditor (404)
[2026.05.08-16.58.32:122][ 94]LogModuleManager: Shutting down and abandoning module PhysXVehiclesEditor (402)
[2026.05.08-16.58.32:122][ 94]LogModuleManager: Shutting down and abandoning module LocationServicesBPLibrary (398)
[2026.05.08-16.58.32:122][ 94]LogModuleManager: Shutting down and abandoning module AudioSynesthesia (396)
[2026.05.08-16.58.32:122][ 94]LogModuleManager: Shutting down and abandoning module AudioSynesthesiaCore (394)
[2026.05.08-16.58.32:122][ 94]LogModuleManager: Shutting down and abandoning module TcpMessaging (392)
[2026.05.08-16.58.32:223][ 94]LogModuleManager: Shutting down and abandoning module ActorSequence (390)
[2026.05.08-16.58.32:223][ 94]LogModuleManager: Shutting down and abandoning module UdpMessaging (388)
[2026.05.08-16.58.32:323][ 94]LogModuleManager: Shutting down and abandoning module PythonScriptPlugin (386)
[2026.05.08-16.58.32:323][ 94]LogModuleManager: Shutting down and abandoning module ImgMediaEngine (384)
[2026.05.08-16.58.32:323][ 94]LogModuleManager: Shutting down and abandoning module MagicLeapARPin (382)
[2026.05.08-16.58.32:323][ 94]LogModuleManager: Shutting down and abandoning module MagicLeapHandMeshing (380)
[2026.05.08-16.58.32:323][ 94]LogModuleManager: Shutting down and abandoning module MagicLeapSecureStorage (378)
[2026.05.08-16.58.32:323][ 94]LogModuleManager: Shutting down and abandoning module MagicLeapPrivileges (376)
[2026.05.08-16.58.32:323][ 94]LogModuleManager: Shutting down and abandoning module MagicLeapPlanes (374)
[2026.05.08-16.58.32:323][ 94]LogMagicLeapPlanes: Planes tracker already destroyed.
[2026.05.08-16.58.32:323][ 94]LogModuleManager: Shutting down and abandoning module MagicLeapImageTracker (372)
[2026.05.08-16.58.32:323][ 94]LogModuleManager: Shutting down and abandoning module MagicLeapIdentity (370)
[2026.05.08-16.58.32:323][ 94]LogModuleManager: Shutting down and abandoning module MagicLeapHandTracking (368)
[2026.05.08-16.58.32:323][ 94]LogModuleManager: Shutting down and abandoning module MagicLeapEyeTracker (366)
[2026.05.08-16.58.32:323][ 94]LogModuleManager: Shutting down and abandoning module MagicLeapController (364)
[2026.05.08-16.58.32:323][ 94]LogModuleManager: Shutting down and abandoning module MagicLeapARPinImpl (362)
[2026.05.08-16.58.32:323][ 94]LogModuleManager: Shutting down and abandoning module MagicLeapAR (360)
[2026.05.08-16.58.32:323][ 94]LogModuleManager: Shutting down and abandoning module NiagaraAnimNotifies (358)
[2026.05.08-16.58.32:323][ 94]LogModuleManager: Shutting down and abandoning module Niagara (356)
[2026.05.08-16.58.32:323][ 94]LogModuleManager: Shutting down and abandoning module SignalProcessing (355)
[2026.05.08-16.58.32:323][ 94]LogModuleManager: Shutting down and abandoning module NiagaraEditor (353)
[2026.05.08-16.58.32:324][ 94]LogModuleManager: Shutting down and abandoning module NiagaraCore (350)
[2026.05.08-16.58.32:324][ 94]LogModuleManager: Shutting down and abandoning module PropertyAccessNode (348)
[2026.05.08-16.58.32:324][ 94]LogModuleManager: Shutting down and abandoning module AnimationSharing (346)
[2026.05.08-16.58.32:324][ 94]LogModuleManager: Shutting down and abandoning module GameplayTagsEditor (344)
[2026.05.08-16.58.32:324][ 94]LogModuleManager: Shutting down and abandoning module FacialAnimationEditor (342)
[2026.05.08-16.58.32:324][ 94]LogModuleManager: Shutting down and abandoning module FacialAnimation (340)
[2026.05.08-16.58.32:324][ 94]LogModuleManager: Shutting down and abandoning module DataValidation (338)
[2026.05.08-16.58.32:324][ 94]LogModuleManager: Shutting down and abandoning module LightPropagationVolumeRuntime (336)
[2026.05.08-16.58.32:324][ 94]LogModuleManager: Shutting down and abandoning module AssetManagerEditor (334)
[2026.05.08-16.58.32:324][ 94]LogModuleManager: Shutting down and abandoning module LevelEditor (333)
[2026.05.08-16.58.32:326][ 94]LogModuleManager: Shutting down and abandoning module PixelInspectorModule (332)
[2026.05.08-16.58.32:326][ 94]LogModuleManager: Shutting down and abandoning module CommonMenuExtensions (330)
[2026.05.08-16.58.32:326][ 94]LogModuleManager: Shutting down and abandoning module MainFrame (328)
[2026.05.08-16.58.32:326][ 94]LogModuleManager: Shutting down and abandoning module HotReload (327)
[2026.05.08-16.58.32:327][ 94]LogModuleManager: Shutting down and abandoning module ToolMenus (323)
[2026.05.08-16.58.32:327][ 94]LogModuleManager: Shutting down and abandoning module ContentBrowser (321)
[2026.05.08-16.58.32:327][ 94]LogModuleManager: Shutting down and abandoning module ContentBrowserData (320)
[2026.05.08-16.58.32:327][ 94]LogModuleManager: Shutting down and abandoning module TreeMap (317)
[2026.05.08-16.58.32:327][ 94]LogModuleManager: Shutting down and abandoning module GameplayCameras (314)
[2026.05.08-16.58.32:327][ 94]LogModuleManager: Shutting down and abandoning module EnvironmentQueryEditor (312)
[2026.05.08-16.58.32:327][ 94]LogModuleManager: Shutting down and abandoning module Paper2D (310)
[2026.05.08-16.58.32:328][ 94]LogModuleManager: Shutting down and abandoning module WindowsMoviePlayer (308)
[2026.05.08-16.58.32:329][ 94]LogModuleManager: Shutting down and abandoning module WebMMoviePlayer (306)
[2026.05.08-16.58.32:329][ 94]LogModuleManager: Shutting down and abandoning module NetworkReplayStreaming (304)
[2026.05.08-16.58.32:329][ 94]LogModuleManager: Shutting down and abandoning module PacketHandler (302)
[2026.05.08-16.58.32:329][ 94]LogModuleManager: Shutting down and abandoning module ClothingSystemEditor (300)
[2026.05.08-16.58.32:329][ 94]LogModuleManager: Shutting down and abandoning module ClothingSystemRuntimeNv (298)
[2026.05.08-16.58.32:329][ 94]LogModuleManager: Shutting down and abandoning module MediaAssets (296)
[2026.05.08-16.58.32:329][ 94]LogModuleManager: Shutting down and abandoning module Overlay (294)
[2026.05.08-16.58.32:329][ 94]LogModuleManager: Shutting down and abandoning module OverlayEditor (293)
[2026.05.08-16.58.32:329][ 94]LogModuleManager: Shutting down and abandoning module VREditor (290)
[2026.05.08-16.58.32:329][ 94]LogModuleManager: Shutting down and abandoning module StringTableEditor (288)
[2026.05.08-16.58.32:329][ 94]LogModuleManager: Shutting down and abandoning module GameplayTasksEditor (286)
[2026.05.08-16.58.32:329][ 94]LogModuleManager: Shutting down and abandoning module BehaviorTreeEditor (284)
[2026.05.08-16.58.32:329][ 94]LogModuleManager: Shutting down and abandoning module FunctionalTesting (282)
[2026.05.08-16.58.32:329][ 94]LogModuleManager: Shutting down and abandoning module CollisionAnalyzer (280)
[2026.05.08-16.58.32:329][ 94]LogModuleManager: Shutting down and abandoning module WorkspaceMenuStructure (279)
[2026.05.08-16.58.32:329][ 94]LogModuleManager: Shutting down and abandoning module UMG (276)
[2026.05.08-16.58.32:329][ 94]LogModuleManager: Shutting down and abandoning module UMGEditor (275)
[2026.05.08-16.58.32:330][ 94]LogModuleManager: Shutting down and abandoning module MessageLog (273)
[2026.05.08-16.58.32:330][ 94]LogModuleManager: Shutting down and abandoning module SlateReflector (268)
[2026.05.08-16.58.32:330][ 94]LogModuleManager: Shutting down and abandoning module Slate (266)
[2026.05.08-16.58.32:330][ 94]LogModuleManager: Shutting down and abandoning module SlateCore (264)
[2026.05.08-16.58.32:331][ 94]LogModuleManager: Shutting down and abandoning module LandscapeEditorUtilities (262)
[2026.05.08-16.58.32:331][ 94]LogModuleManager: Shutting down and abandoning module UnrealEd (260)
[2026.05.08-16.58.32:331][ 94]LogModuleManager: Shutting down and abandoning module MRMesh (258)
[2026.05.08-16.58.32:331][ 94]LogModuleManager: Shutting down and abandoning module SourceCodeAccess (256)
[2026.05.08-16.58.32:331][ 94]LogModuleManager: Shutting down and abandoning module HeadMountedDisplay (254)
[2026.05.08-16.58.32:331][ 94]LogModuleManager: Shutting down and abandoning module XAudio2 (252)
[2026.05.08-16.58.32:331][ 94]LogModuleManager: Shutting down and abandoning module Networking (250)
[2026.05.08-16.58.32:331][ 94]LogModuleManager: Shutting down and abandoning module Core (248)
[2026.05.08-16.58.32:331][ 94]LogModuleManager: Shutting down and abandoning module MaterialEditor (246)
[2026.05.08-16.58.32:331][ 94]LogModuleManager: Shutting down and abandoning module MovieSceneTools (244)
[2026.05.08-16.58.32:331][ 94]LogModuleManager: Shutting down and abandoning module CurveEditor (243)
[2026.05.08-16.58.32:331][ 94]LogModuleManager: Shutting down and abandoning module Sequencer (241)
[2026.05.08-16.58.32:331][ 94]LogModuleManager: Shutting down and abandoning module EditorStyle (240)
[2026.05.08-16.58.32:333][ 94]LogModuleManager: Shutting down and abandoning module KismetCompiler (236)
[2026.05.08-16.58.32:333][ 94]LogModuleManager: Shutting down and abandoning module MeshBuilder (234)
[2026.05.08-16.58.32:333][ 94]LogModuleManager: Shutting down and abandoning module MeshUtilities (232)
[2026.05.08-16.58.32:333][ 94]LogModuleManager: Shutting down and abandoning module MeshMergeUtilities (231)
[2026.05.08-16.58.32:333][ 94]LogModuleManager: Shutting down and abandoning module MeshReductionInterface (230)
[2026.05.08-16.58.32:333][ 94]LogModuleManager: Shutting down and abandoning module MeshBoneReduction (229)
[2026.05.08-16.58.32:333][ 94]LogModuleManager: Shutting down and abandoning module SkeletalMeshReduction (227)
[2026.05.08-16.58.32:333][ 94]LogModuleManager: Shutting down and abandoning module ProxyLODMeshReduction (225)
[2026.05.08-16.58.32:333][ 94]LogModuleManager: Shutting down and abandoning module QuadricMeshReduction (223)
[2026.05.08-16.58.32:333][ 94]LogModuleManager: Shutting down and abandoning module MaterialBaking (219)
[2026.05.08-16.58.32:333][ 94]LogModuleManager: Shutting down and abandoning module NullInstallBundleManager (214)
[2026.05.08-16.58.32:333][ 94]LogModuleManager: Shutting down and abandoning module DerivedDataCache (212)
[2026.05.08-16.58.32:333][ 94]LogModuleManager: Shutting down and abandoning module TargetPlatform (210)
[2026.05.08-16.58.32:333][ 94]LogModuleManager: Shutting down and abandoning module VulkanShaderFormat (209)
[2026.05.08-16.58.32:334][ 94]LogModuleManager: Shutting down and abandoning module ShaderFormatVectorVM (207)
[2026.05.08-16.58.32:334][ 94]LogModuleManager: Shutting down and abandoning module ShaderFormatOpenGL (205)
[2026.05.08-16.58.32:334][ 94]LogModuleManager: Shutting down and abandoning module ShaderFormatD3D (203)
[2026.05.08-16.58.32:334][ 94]LogModuleManager: Shutting down and abandoning module MetalShaderFormat (201)
[2026.05.08-16.58.32:334][ 94]LogModuleManager: Shutting down and abandoning module TextureFormatOodle (199)
[2026.05.08-16.58.32:334][ 94]LogModuleManager: Shutting down and abandoning module TextureFormatUncompressed (197)
[2026.05.08-16.58.32:334][ 94]LogModuleManager: Shutting down and abandoning module TextureFormatPVR (195)
[2026.05.08-16.58.32:334][ 94]LogModuleManager: Shutting down and abandoning module TextureFormatETC2 (193)
[2026.05.08-16.58.32:334][ 94]LogModuleManager: Shutting down and abandoning module TextureFormatDXT (191)
[2026.05.08-16.58.32:334][ 94]LogModuleManager: Shutting down and abandoning module TextureFormatIntelISPCTexComp (189)
[2026.05.08-16.58.32:334][ 94]LogModuleManager: Shutting down and abandoning module TextureFormatASTC (187)
[2026.05.08-16.58.32:334][ 94]LogModuleManager: Shutting down and abandoning module ImageWrapper (186)
[2026.05.08-16.58.32:334][ 94]LogModuleManager: Shutting down and abandoning module AudioFormatOpus (183)
[2026.05.08-16.58.32:334][ 94]LogModuleManager: Shutting down and abandoning module AudioFormatOgg (181)
[2026.05.08-16.58.32:334][ 94]LogModuleManager: Shutting down and abandoning module AudioFormatADPCM (179)
[2026.05.08-16.58.32:334][ 94]LogModuleManager: Shutting down and abandoning module WindowsServerTargetPlatform (177)
[2026.05.08-16.58.32:334][ 94]LogModuleManager: Shutting down and abandoning module WindowsClientTargetPlatform (175)
[2026.05.08-16.58.32:334][ 94]LogModuleManager: Shutting down and abandoning module WindowsTargetPlatform (173)
[2026.05.08-16.58.32:334][ 94]LogModuleManager: Shutting down and abandoning module WindowsNoEditorTargetPlatform (171)
[2026.05.08-16.58.32:334][ 94]LogModuleManager: Shutting down and abandoning module TVOSTargetPlatform (169)
[2026.05.08-16.58.32:336][ 94]LogModuleManager: Shutting down and abandoning module MacServerTargetPlatform (167)
[2026.05.08-16.58.32:336][ 94]LogModuleManager: Shutting down and abandoning module MacClientTargetPlatform (165)
[2026.05.08-16.58.32:336][ 94]LogModuleManager: Shutting down and abandoning module MacTargetPlatform (163)
[2026.05.08-16.58.32:336][ 94]LogModuleManager: Shutting down and abandoning module MacNoEditorTargetPlatform (161)
[2026.05.08-16.58.32:336][ 94]LogModuleManager: Shutting down and abandoning module LuminTargetPlatform (159)
[2026.05.08-16.58.32:337][ 94]LogModuleManager: Shutting down and abandoning module LinuxAArch64ServerTargetPlatform (157)
[2026.05.08-16.58.32:337][ 94]LogModuleManager: Shutting down and abandoning module LinuxAArch64ClientTargetPlatform (155)
[2026.05.08-16.58.32:337][ 94]LogModuleManager: Shutting down and abandoning module LinuxAArch64NoEditorTargetPlatform (153)
[2026.05.08-16.58.32:337][ 94]LogModuleManager: Shutting down and abandoning module LinuxServerTargetPlatform (151)
[2026.05.08-16.58.32:337][ 94]LogModuleManager: Shutting down and abandoning module LinuxClientTargetPlatform (149)
[2026.05.08-16.58.32:337][ 94]LogModuleManager: Shutting down and abandoning module LinuxNoEditorTargetPlatform (147)
[2026.05.08-16.58.32:337][ 94]LogModuleManager: Shutting down and abandoning module LinuxTargetPlatform (145)
[2026.05.08-16.58.32:337][ 94]LogModuleManager: Shutting down and abandoning module Messaging (143)
[2026.05.08-16.58.32:337][ 94]LogModuleManager: Shutting down and abandoning module IOSTargetPlatform (141)
[2026.05.08-16.58.32:339][ 94]LogModuleManager: Shutting down and abandoning module AndroidTargetPlatform (139)
[2026.05.08-16.58.32:345][ 94]LogModuleManager: Shutting down and abandoning module AllDesktopTargetPlatform (137)
[2026.05.08-16.58.32:345][ 94]LogModuleManager: Shutting down and abandoning module D3D11RHI (134)
[2026.05.08-16.58.32:345][ 94]LogModuleManager: Shutting down and abandoning module InputCore (132)
[2026.05.08-16.58.32:345][ 94]LogModuleManager: Shutting down and abandoning module Settings (130)
[2026.05.08-16.58.32:345][ 94]LogModuleManager: Shutting down and abandoning module DirectoryWatcher (128)
[2026.05.08-16.58.32:346][ 94]LogModuleManager: Shutting down and abandoning module PhysXCooking (126)
[2026.05.08-16.58.32:346][ 94]LogModuleManager: Shutting down and abandoning module Chaos (124)
[2026.05.08-16.58.32:346][ 94]LogModuleManager: Shutting down and abandoning module WindowsPlatformFeatures (122)
[2026.05.08-16.58.32:346][ 94]LogModuleManager: Shutting down and abandoning module GameplayMediaEncoder (121)
[2026.05.08-16.58.32:346][ 94]LogModuleManager: Shutting down and abandoning module AVEncoder (120)
[2026.05.08-16.58.32:346][ 94]LogModuleManager: Shutting down and abandoning module SteamVRInputDevice (116)
[2026.05.08-16.58.32:346][ 94]LogModuleManager: Shutting down and abandoning module SteamVRInput (114)
[2026.05.08-16.58.32:346][ 94]LogModuleManager: Shutting down and abandoning module SteamVR (112)
[2026.05.08-16.58.32:346][ 94]LogHMD: Freeing OpenVRDLLHandle.
[2026.05.08-16.58.32:346][ 94]LogModuleManager: Shutting down and abandoning module OculusHMD (110)
[2026.05.08-16.58.32:346][ 94]LogModuleManager: Shutting down and abandoning module OpenXRAR (108)
[2026.05.08-16.58.32:346][ 94]LogModuleManager: Shutting down and abandoning module AugmentedReality (107)
[2026.05.08-16.58.32:346][ 94]LogModuleManager: Shutting down and abandoning module OpenXRHandTracking (104)
[2026.05.08-16.58.32:346][ 94]LogSlate: Slate User Destroyed.  User Index 0, Is Virtual User: 0
[2026.05.08-16.58.32:346][ 94]LogModuleManager: Shutting down and abandoning module OpenXRHMD (103)
[2026.05.08-16.58.32:346][ 94]LogModuleManager: Shutting down and abandoning module OpenXREyeTracker (100)
[2026.05.08-16.58.32:346][ 94]LogModuleManager: Shutting down and abandoning module ExampleDeviceProfileSelector (98)
[2026.05.08-16.58.32:346][ 94]LogModuleManager: Shutting down and abandoning module ChunkDownloader (96)
[2026.05.08-16.58.32:346][ 94]LogModuleManager: Shutting down and abandoning module LauncherChunkInstaller (94)
[2026.05.08-16.58.32:346][ 94]LogModuleManager: Shutting down and abandoning module OnlineBlueprintSupport (92)
[2026.05.08-16.58.32:346][ 94]LogModuleManager: Shutting down and abandoning module OnlineSubsystem (88)
[2026.05.08-16.58.32:349][ 94]LogModuleManager: Shutting down and abandoning module XMPP (83)
[2026.05.08-16.58.32:349][ 94]LogModuleManager: Shutting down and abandoning module WebSockets (82)
[2026.05.08-16.58.32:364][ 94]LogModuleManager: Shutting down and abandoning module HTTP (79)
[2026.05.08-16.58.32:365][ 94]LogHttp: Display: Http module shutting down, but needs to wait on 1 outstanding Http requests:
[2026.05.08-16.58.32:365][ 94]LogHttp: Display: 	verb=[POST] url=[https://datarouter.ol.epicgames.com/datarouter/api/v1/public/data?SessionID=%7B60C66382-42BA-89B0-6242-F1AF2594F6FB%7D&AppID=UEEditor.Rocket.Release&AppVersion=4.27.2-18319896%2B%2B%2BUE4%2BRelease-4.27&UserID=d975ae6d41715b51fd3ecba185d3fc09%7C8a858a74adcc4c86aa7ca686176ab5bb%7C90f712fe-2f61-4f5c-8f94-fd0757457318&AppEnvironment=datacollector-binary&UploadType=eteventstream] refs=[1] status=Processing
[2026.05.08-16.58.32:365][ 94]LogHttp: Display: cleaning up 1 outstanding Http requests.
[2026.05.08-16.58.32:365][ 94]LogHttp: Warning: 000001F188B73900: invalid HTTP response code received. URL: https://datarouter.ol.epicgames.com/datarouter/api/v1/public/data?SessionID=%7B60C66382-42BA-89B0-6242-F1AF2594F6FB%7D&AppID=UEEditor.Rocket.Release&AppVersion=4.27.2-18319896%2B%2B%2BUE4%2BRelease-4.27&UserID=d975ae6d41715b51fd3ecba185d3fc09%7C8a858a74adcc4c86aa7ca686176ab5bb%7C90f712fe-2f61-4f5c-8f94-fd0757457318&AppEnvironment=datacollector-binary&UploadType=eteventstream, HTTP code: 0, content length: 0, actual payload size: 0
[2026.05.08-16.58.32:365][ 94]LogHttp: Warning: 000001F188B73900: request failed, libcurl error: 60 (Peer certificate cannot be authenticated with given CA certificates)
[2026.05.08-16.58.32:365][ 94]LogHttp: Warning: 000001F188B73900: libcurl info message cache 0 (Hostname datarouter.ol.epicgames.com was found in DNS cache)
[2026.05.08-16.58.32:365][ 94]LogHttp: Warning: 000001F188B73900: libcurl info message cache 1 (  Trying 34.224.196.214...)
[2026.05.08-16.58.32:365][ 94]LogHttp: Warning: 000001F188B73900: libcurl info message cache 2 (TCP_NODELAY set)
[2026.05.08-16.58.32:365][ 94]LogHttp: Warning: 000001F188B73900: libcurl info message cache 3 (Connected to datarouter.ol.epicgames.com (34.224.196.214) port 443 (#12))
[2026.05.08-16.58.32:365][ 94]LogHttp: Warning: 000001F188B73900: libcurl info message cache 4 (ALPN, offering http/1.1)
[2026.05.08-16.58.32:365][ 94]LogHttp: Warning: 000001F188B73900: libcurl info message cache 5 (Cipher selection: ALL:!EXPORT:!EXPORT40:!EXPORT56:!aNULL:!LOW:!RC4:@STRENGTH)
[2026.05.08-16.58.32:365][ 94]LogHttp: Warning: 000001F188B73900: libcurl info message cache 6 (SSL re-using session ID)
[2026.05.08-16.58.32:365][ 94]LogHttp: Warning: 000001F188B73900: libcurl info message cache 7 (TLSv1.3 (OUT), TLS handshake, Client hello (1):)
[2026.05.08-16.58.32:365][ 94]LogHttp: Warning: 000001F188B73900: libcurl info message cache 8 (TLSv1.3 (IN), TLS handshake, Server hello (2):)
[2026.05.08-16.58.32:365][ 94]LogHttp: Warning: 000001F188B73900: libcurl info message cache 9 (TLSv1.2 (IN), TLS handshake, Certificate (11):)
[2026.05.08-16.58.32:365][ 94]LogHttp: Warning: 000001F188B73900: libcurl info message cache 10 (TLSv1.2 (OUT), TLS alert, Server hello (2):)
[2026.05.08-16.58.32:365][ 94]LogHttp: Warning: 000001F188B73900: libcurl info message cache 11 (SSL certificate problem: self signed certificate in certificate chain)
[2026.05.08-16.58.32:365][ 94]LogHttp: Warning: 000001F188B73900: libcurl info message cache 12 (Closing connection 12)
[2026.05.08-16.58.32:372][ 94]LogModuleManager: Shutting down and abandoning module SSL (78)
[2026.05.08-16.58.32:374][ 94]LogModuleManager: Shutting down and abandoning module WmfMedia (74)
[2026.05.08-16.58.32:376][ 94]LogModuleManager: Shutting down and abandoning module Media (73)
[2026.05.08-16.58.32:378][ 94]LogModuleManager: Shutting down and abandoning module MediaInfo (72)
[2026.05.08-16.58.32:378][ 94]LogModuleManager: Shutting down and abandoning module ExrReaderGpu (68)
[2026.05.08-16.58.32:378][ 94]LogModuleManager: Shutting down and abandoning module MLSDK (66)
[2026.05.08-16.58.32:378][ 94]LogModuleManager: Shutting down and abandoning module MagicLeap (64)
[2026.05.08-16.58.32:378][ 94]LogModuleManager: Shutting down and abandoning module ChaosCloth (62)
[2026.05.08-16.58.32:378][ 94]LogModuleManager: Shutting down and abandoning module VariantManagerContent (60)
[2026.05.08-16.58.32:378][ 94]LogModuleManager: Shutting down and abandoning module DatasmithContent (58)
[2026.05.08-16.58.32:379][ 94]LogModuleManager: Shutting down and abandoning module NiagaraVertexFactories (56)
[2026.05.08-16.58.32:379][ 94]LogModuleManager: Shutting down and abandoning module NiagaraShader (54)
[2026.05.08-16.58.32:379][ 94]LogModuleManager: Shutting down and abandoning module PixWinPlugin (52)
[2026.05.08-16.58.32:379][ 94]LogModuleManager: Shutting down and abandoning module AISupportModule (50)
[2026.05.08-16.58.32:379][ 94]LogModuleManager: Shutting down and abandoning module DesktopPlatform (48)
[2026.05.08-16.58.32:379][ 94]LogModuleManager: Shutting down and abandoning module PythonScriptPluginPreload (46)
[2026.05.08-16.58.32:379][ 94]LogModuleManager: Shutting down and abandoning module PlatformCryptoOpenSSL (44)
[2026.05.08-16.58.32:379][ 94]LogModuleManager: Shutting down and abandoning module PlatformCryptoTypes (42)
[2026.05.08-16.58.32:379][ 94]LogModuleManager: Shutting down and abandoning module PlatformCrypto (40)
[2026.05.08-16.58.32:379][ 94]LogModuleManager: Shutting down and abandoning module OodleDataCompressionFormat (38)
[2026.05.08-16.58.32:379][ 94]LogModuleManager: Shutting down and abandoning module XGEController (36)
[2026.05.08-16.58.32:379][ 94]LogModuleManager: Shutting down and abandoning module AnimationModifiers (34)
[2026.05.08-16.58.32:379][ 94]LogModuleManager: Shutting down and abandoning module AudioEditor (32)
[2026.05.08-16.58.32:380][ 94]LogModuleManager: Shutting down and abandoning module PropertyEditor (31)
[2026.05.08-16.58.32:380][ 94]LogModuleManager: Shutting down and abandoning module TextureCompressor (28)
[2026.05.08-16.58.32:380][ 94]LogModuleManager: Shutting down and abandoning module RenderCore (26)
[2026.05.08-16.58.32:380][ 94]LogModuleManager: Shutting down and abandoning module Landscape (24)
[2026.05.08-16.58.32:380][ 94]LogModuleManager: Shutting down and abandoning module SlateRHIRenderer (22)
[2026.05.08-16.58.32:382][ 94]LogModuleManager: Shutting down and abandoning module AnimGraphRuntime (20)
[2026.05.08-16.58.32:382][ 94]LogModuleManager: Shutting down and abandoning module Renderer (18)
[2026.05.08-16.58.32:382][ 94]LogModuleManager: Shutting down and abandoning module Engine (16)
[2026.05.08-16.58.32:382][ 94]LogModuleManager: Shutting down and abandoning module CoreUObject (14)
[2026.05.08-16.58.32:382][ 94]LogModuleManager: Shutting down and abandoning module NetworkFile (12)
[2026.05.08-16.58.32:382][ 94]LogModuleManager: Shutting down and abandoning module CookedIterativeFile (10)
[2026.05.08-16.58.32:382][ 94]LogModuleManager: Shutting down and abandoning module StreamingFile (8)
[2026.05.08-16.58.32:382][ 94]LogModuleManager: Shutting down and abandoning module SandboxFile (6)
[2026.05.08-16.58.32:382][ 94]LogModuleManager: Shutting down and abandoning module PakFile (4)
[2026.05.08-16.58.32:382][ 94]LogModuleManager: Shutting down and abandoning module RSA (3)
[2026.05.08-16.58.32:382][ 94]LogContentStreaming: Display: There are 1 unreleased StreamingManagers
[2026.05.08-16.58.32:408][ 94]LogD3D11RHI: Shutdown
[2026.05.08-16.58.32:408][ 94]LogD3D11RHI: CleanupD3DDevice
[2026.05.08-16.58.32:411][ 94]LogExit: Exiting.
[2026.05.08-16.58.32:414][ 94]Log file closed, 05/08/26 12:58:32
