Log file open, 05/09/26 21:45:38
LogWindows: Failed to load 'aqProf.dll' (GetLastError=126)
LogWindows: File 'aqProf.dll' does not exist
LogWindows: Failed to load 'VtuneApi.dll' (GetLastError=126)
LogWindows: File 'VtuneApi.dll' does not exist
LogWindows: Failed to load 'VtuneApi32e.dll' (GetLastError=126)
LogWindows: File 'VtuneApi32e.dll' does not exist
LogConsoleResponse: Display: Failed to find resolution value strings in scalability ini. Falling back to default.
LogConsoleResponse: Display: Failed to find resolution value strings in scalability ini. Falling back to default.
LogInit: Display: Running engine for game: Facade
LogPlatformFile: Not using cached read wrapper
LogTaskGraph: Started task graph with 5 named threads and 35 total threads with 3 sets of task threads.
LogStats: Stats thread started at 0.256102
LogICUInternationalization: ICU TimeZone Detection - Raw Offset: -4:00, Platform Override: ''
LogInit: Display: Loading text-based GConfig....
LogPluginManager: Mounting plugin MeshPainting
LogPluginManager: Mounting plugin XGEController
LogPluginManager: Mounting plugin Paper2D
LogPluginManager: Mounting plugin EnvironmentQueryEditor
LogPluginManager: Mounting plugin AISupport
LogPluginManager: Mounting plugin LiveLink
LogPluginManager: Mounting plugin LightPropagationVolume
LogPluginManager: Mounting plugin GameplayCameras
LogPluginManager: Mounting plugin OodleData
LogPluginManager: Mounting plugin CameraShakePreviewer
LogPluginManager: Mounting plugin OodleNetwork
LogPluginManager: Mounting plugin AssetManagerEditor
LogPluginManager: Mounting plugin CryptoKeys
LogPluginManager: Mounting plugin FacialAnimation
LogPluginManager: Mounting plugin CurveEditorTools
LogPluginManager: Mounting plugin GameplayTagsEditor
LogPluginManager: Mounting plugin GeometryMode
LogPluginManager: Mounting plugin MaterialAnalyzer
LogPluginManager: Mounting plugin MacGraphicsSwitching
LogPluginManager: Mounting plugin PluginBrowser
LogPluginManager: Mounting plugin MobileLauncherProfileWizard
LogPluginManager: Mounting plugin DatasmithContent
LogPluginManager: Mounting plugin SpeedTreeImporter
LogPluginManager: Mounting plugin DataValidation
LogPluginManager: Mounting plugin Niagara
LogPluginManager: Mounting plugin AnimationSharing
LogPluginManager: Mounting plugin VariantManagerContent
LogPluginManager: Mounting plugin CLionSourceCodeAccess
LogPluginManager: Mounting plugin CodeLiteSourceCodeAccess
LogPluginManager: Mounting plugin PerforceSourceControl
LogPluginManager: Mounting plugin NullSourceCodeAccess
LogPluginManager: Mounting plugin PixWinPlugin
LogPluginManager: Mounting plugin GitSourceControl
LogPluginManager: Mounting plugin PlasticSourceControl
LogPluginManager: Mounting plugin KDevelopSourceCodeAccess
LogPluginManager: Mounting plugin RiderSourceCodeAccess
LogPluginManager: Mounting plugin TextureFormatOodle
LogPluginManager: Mounting plugin SubversionSourceControl
LogPluginManager: Mounting plugin PluginUtils
LogPluginManager: Mounting plugin PropertyAccessNode
LogPluginManager: Mounting plugin VisualStudioSourceCodeAccess
LogPluginManager: Mounting plugin XCodeSourceCodeAccess
LogPluginManager: Mounting plugin AlembicImporter
LogPluginManager: Mounting plugin VisualStudioCodeSourceCodeAccess
LogPluginManager: Mounting plugin UObjectPlugin
LogPluginManager: Mounting plugin BackChannel
LogPluginManager: Mounting plugin AutomationUtils
LogPluginManager: Mounting plugin ChaosCloth
LogPluginManager: Mounting plugin ChaosClothEditor
LogPluginManager: Mounting plugin ChaosEditor
LogPluginManager: Mounting plugin ChaosNiagara
LogPluginManager: Mounting plugin MagicLeap
LogPluginManager: Mounting plugin LuminPlatformFeatures
LogPluginManager: Mounting plugin ChaosSolverPlugin
LogPluginManager: Mounting plugin CharacterAI
LogPluginManager: Mounting plugin MagicLeapLightEstimation
LogPluginManager: Mounting plugin MagicLeapMedia
LogPluginManager: Mounting plugin MagicLeapPassableWorld
LogPluginManager: Mounting plugin MLSDK
LogPluginManager: Mounting plugin GeometryCache
LogPluginManager: Mounting plugin AndroidMedia
LogPluginManager: Mounting plugin GeometryCollectionPlugin
LogPluginManager: Mounting plugin AvfMedia
LogPluginManager: Mounting plugin ImgMedia
LogPluginManager: Mounting plugin MediaCompositing
LogPluginManager: Mounting plugin MediaPlayerEditor
LogPluginManager: Mounting plugin WebMMedia
LogPluginManager: Mounting plugin WmfMedia
LogPluginManager: Mounting plugin GeometryProcessing
LogPluginManager: Mounting plugin MotoSynth
LogPluginManager: Mounting plugin OpenImageDenoise
LogPluginManager: Mounting plugin PlanarCut
LogPluginManager: Mounting plugin ProxyLODPlugin
LogPluginManager: Mounting plugin PlatformCrypto
LogPluginManager: Mounting plugin PythonScriptPlugin
LogPluginManager: Mounting plugin SkeletalReduction
LogPluginManager: Mounting plugin ActorSequence
LogPluginManager: Mounting plugin MatineeToLevelSequence
LogPluginManager: Mounting plugin LevelSequenceEditor
LogPluginManager: Mounting plugin TcpMessaging
LogPluginManager: Mounting plugin UdpMessaging
LogPluginManager: Mounting plugin TemplateSequence
LogPluginManager: Mounting plugin OnlineSubsystem
LogPluginManager: Mounting plugin OnlineSubsystemNull
LogPluginManager: Mounting plugin OnlineSubsystemUtils
LogPluginManager: Mounting plugin LauncherChunkInstaller
LogPluginManager: Mounting plugin ScreenshotTools
LogPluginManager: Mounting plugin ActorLayerUtilities
LogPluginManager: Mounting plugin AndroidDeviceProfileSelector
LogPluginManager: Mounting plugin AndroidPermission
LogPluginManager: Mounting plugin AndroidMoviePlayer
LogPluginManager: Mounting plugin AppleImageUtils
LogPluginManager: Mounting plugin ArchVisCharacter
LogPluginManager: Mounting plugin AppleMoviePlayer
LogPluginManager: Mounting plugin AssetTags
LogPluginManager: Mounting plugin AudioCapture
LogPluginManager: Mounting plugin AudioSynesthesia
LogPluginManager: Mounting plugin CableComponent
LogPluginManager: Mounting plugin ChunkDownloader
LogPluginManager: Mounting plugin CustomMeshComponent
LogPluginManager: Mounting plugin Takes
LogPluginManager: Mounting plugin ExampleDeviceProfileSelector
LogPluginManager: Mounting plugin EditableMesh
LogPluginManager: Mounting plugin GoogleCloudMessaging
LogPluginManager: Mounting plugin GooglePAD
LogPluginManager: Mounting plugin IOSDeviceProfileSelector
LogPluginManager: Mounting plugin LinuxDeviceProfileSelector
LogPluginManager: Mounting plugin LocationServicesBPLibrary
LogPluginManager: Mounting plugin MobilePatchingUtils
LogPluginManager: Mounting plugin OpenXREyeTracker
LogPluginManager: Mounting plugin OpenXR
LogPluginManager: Mounting plugin OpenXRHandTracking
LogPluginManager: Mounting plugin PhysXVehicles
LogPluginManager: Mounting plugin PostSplashScreen
LogPluginManager: Mounting plugin SignificanceManager
LogPluginManager: Mounting plugin ProceduralMeshComponent
LogPluginManager: Mounting plugin RuntimePhysXCooking
LogPluginManager: Mounting plugin SoundFields
LogPluginManager: Mounting plugin Synthesis
LogPluginManager: Mounting plugin PropertyAccessEditor
LogPluginManager: Mounting plugin WebMMoviePlayer
LogPluginManager: Mounting plugin WindowsMoviePlayer
LogPluginManager: Mounting plugin ContentBrowserAssetDataSource
LogPluginManager: Mounting plugin ContentBrowserFileDataSource
LogPluginManager: Mounting plugin ContentBrowserClassDataSource
LogPluginManager: Mounting plugin OnlineSubsystemGooglePlay
LogPluginManager: Mounting plugin OnlineSubsystemIOS
LogPluginManager: Mounting plugin OculusVR
LogPluginManager: Mounting plugin SteamVR
PixWinPlugin: PIX capture plugin failed to initialize! Check that the process is launched from PIX.
LogInit: Using libcurl 7.55.1-DEV
LogInit:  - built for x86_64-pc-win32
LogInit:  - supports SSL with OpenSSL/1.1.1
LogInit:  - supports HTTP deflate (compression) using libz 1.2.8
LogInit:  - other features:
LogInit:      CURL_VERSION_SSL
LogInit:      CURL_VERSION_LIBZ
LogInit:      CURL_VERSION_IPV6
LogInit:      CURL_VERSION_ASYNCHDNS
LogInit:      CURL_VERSION_LARGEFILE
LogInit:      CURL_VERSION_IDN
LogInit:  CurlRequestOptions (configurable via config and command line):
LogInit:  - bVerifyPeer = true  - Libcurl will verify peer certificate
LogInit:  - bUseHttpProxy = false  - Libcurl will NOT use HTTP proxy
LogInit:  - bDontReuseConnections = false  - Libcurl will reuse connections
LogInit:  - MaxHostConnections = 16  - Libcurl will limit the number of connections to a host
LogInit:  - LocalHostAddr = Default
LogInit:  - BufferSize = 65536
LogOnline: OSS: Creating online subsystem instance for: NULL
LogInit: WinSock: version 1.1 (2.2), MaxSocks=32767, MaxUdp=65467
LogOnline: OSS: TryLoadSubsystemAndSetDefault: Loaded subsystem for module [NULL]
LogOculusPluginWrapper: OculusPlugin initialized successfully
LogHMD: Failed initializing OVRPlugin 1.59.0
LogInit: Build: ++UE4+Release-4.27-CL-18319896
LogInit: Engine Version: 4.27.2-18319896+++UE4+Release-4.27
LogInit: Compatible Engine Version: 4.27.0-17155196+++UE4+Release-4.27
LogInit: Net CL: 17155196
LogInit: OS: Windows 10 (Release 2009) (), CPU: AMD Ryzen 7 7445HS w/ Radeon 740M Graphics     , GPU: AMD Radeon 740M Graphics
LogInit: Compiled (64-bit): Nov 30 2021 07:12:08
LogInit: Compiled with Visual C++: 19.24.28315.00
LogInit: Build Configuration: Development
LogInit: Branch Name: ++UE4+Release-4.27
LogInit: Command Line: 
LogInit: Base Directory: C:/Program Files/Epic Games/UE_4.27/Engine/Binaries/Win64/
LogInit: Allocator: TBB
LogInit: Installed Engine Build: 1
LogDevObjectVersion: Number of dev versions registered: 29
LogDevObjectVersion:   Dev-Blueprints (B0D832E4-1F89-4F0D-ACCF-7EB736FD4AA2): 10
LogDevObjectVersion:   Dev-Build (E1C64328-A22C-4D53-A36C-8E866417BD8C): 0
LogDevObjectVersion:   Dev-Core (375EC13C-06E4-48FB-B500-84F0262A717E): 4
LogDevObjectVersion:   Dev-Editor (E4B068ED-F494-42E9-A231-DA0B2E46BB41): 40
LogDevObjectVersion:   Dev-Framework (CFFC743F-43B0-4480-9391-14DF171D2073): 37
LogDevObjectVersion:   Dev-Mobile (B02B49B5-BB20-44E9-A304-32B752E40360): 3
LogDevObjectVersion:   Dev-Networking (A4E4105C-59A1-49B5-A7C5-40C4547EDFEE): 0
LogDevObjectVersion:   Dev-Online (39C831C9-5AE6-47DC-9A44-9C173E1C8E7C): 0
LogDevObjectVersion:   Dev-Physics (78F01B33-EBEA-4F98-B9B4-84EACCB95AA2): 14
LogDevObjectVersion:   Dev-Platform (6631380F-2D4D-43E0-8009-CF276956A95A): 0
LogDevObjectVersion:   Dev-Rendering (12F88B9F-8875-4AFC-A67C-D90C383ABD29): 45
LogDevObjectVersion:   Dev-Sequencer (7B5AE74C-D270-4C10-A958-57980B212A5A): 13
LogDevObjectVersion:   Dev-VR (D7296918-1DD6-4BDD-9DE2-64A83CC13884): 3
LogDevObjectVersion:   Dev-LoadTimes (C2A15278-BFE7-4AFE-6C17-90FF531DF755): 1
LogDevObjectVersion:   Private-Geometry (6EACA3D4-40EC-4CC1-B786-8BED09428FC5): 3
LogDevObjectVersion:   Dev-AnimPhys (29E575DD-E0A3-4627-9D10-D276232CDCEA): 17
LogDevObjectVersion:   Dev-Anim (AF43A65D-7FD3-4947-9873-3E8ED9C1BB05): 15
LogDevObjectVersion:   Dev-ReflectionCapture (6B266CEC-1EC7-4B8F-A30B-E4D90942FC07): 1
LogDevObjectVersion:   Dev-Automation (0DF73D61-A23F-47EA-B727-89E90C41499A): 1
LogDevObjectVersion:   FortniteMain (601D1886-AC64-4F84-AA16-D3DE0DEAC7D6): 47
LogDevObjectVersion:   FortniteRelease (E7086368-6B23-4C58-8439-1B7016265E91): 1
LogDevObjectVersion:   Dev-Enterprise (9DFFBCD6-494F-0158-E221-12823C92A888): 10
LogDevObjectVersion:   Dev-Niagara (F2AED0AC-9AFE-416F-8664-AA7FFA26D6FC): 1
LogDevObjectVersion:   Dev-Destruction (174F1F0B-B4C6-45A5-B13F-2EE8D0FB917D): 10
LogDevObjectVersion:   Dev-Physics-Ext (35F94A83-E258-406C-A318-09F59610247C): 41
LogDevObjectVersion:   Dev-PhysicsMaterial-Chaos (B68FC16E-8B1B-42E2-B453-215C058844FE): 1
LogDevObjectVersion:   Dev-CineCamera (B2E18506-4273-CFC2-A54E-F4BB758BBA07): 1
LogDevObjectVersion:   Dev-VirtualProduction (64F58936-FD1B-42BA-BA96-7289D5D0FA4E): 1
LogDevObjectVersion:   Dev-MediaFramework (6F0ED827-A609-4895-9C91-998D90180EA4): 2
LogInit: Presizing for max 25165824 objects, including 0 objects not considered by GC, pre-allocating 0 bytes for permanent pool.
LogConfig: Applying CVar settings from Section [/Script/Engine.StreamingSettings] File [C:/Users/2026/Documents/Unreal Projects/Facade/Saved/Config/Windows/Engine.ini]
LogConfig: Setting CVar [[s.MinBulkDataSizeForAsyncLoading:131072]]
LogConfig: Setting CVar [[s.AsyncLoadingThreadEnabled:0]]
LogConfig: Setting CVar [[s.EventDrivenLoaderEnabled:1]]
LogConfig: Setting CVar [[s.WarnIfTimeLimitExceeded:0]]
LogConfig: Setting CVar [[s.TimeLimitExceededMultiplier:1.5]]
LogConfig: Setting CVar [[s.TimeLimitExceededMinTime:0.005]]
LogConfig: Setting CVar [[s.UseBackgroundLevelStreaming:1]]
LogConfig: Setting CVar [[s.PriorityAsyncLoadingExtraTime:15.0]]
LogConfig: Setting CVar [[s.LevelStreamingActorsUpdateTimeLimit:5.0]]
LogConfig: Setting CVar [[s.PriorityLevelStreamingActorsUpdateExtraTime:5.0]]
LogConfig: Setting CVar [[s.LevelStreamingComponentsRegistrationGranularity:10]]
LogConfig: Setting CVar [[s.UnregisterComponentsTimeLimit:1.0]]
LogConfig: Setting CVar [[s.LevelStreamingComponentsUnregistrationGranularity:5]]
LogConfig: Setting CVar [[s.FlushStreamingOnExit:1]]
LogInit: Object subsystem initialized
LogConfig: Setting CVar [[con.DebugEarlyDefault:1]]
LogConfig: Setting CVar [[r.setres:1280x720]]
[2026.05.10-01.45.39:322][  0]LogConfig: Setting CVar [[r.VSync:0]]
[2026.05.10-01.45.39:322][  0]LogConfig: Setting CVar [[r.RHICmdBypass:0]]
[2026.05.10-01.45.39:322][  0]LogConfig: Applying CVar settings from Section [/Script/Engine.RendererSettings] File [C:/Users/2026/Documents/Unreal Projects/Facade/Saved/Config/Windows/Engine.ini]
[2026.05.10-01.45.39:322][  0]LogConfig: Setting CVar [[r.GPUCrashDebugging:0]]
[2026.05.10-01.45.39:322][  0]LogConfig: Setting CVar [[r.Mobile.DisableVertexFog:1]]
[2026.05.10-01.45.39:322][  0]LogConfig: Setting CVar [[r.Shadow.CSM.MaxMobileCascades:2]]
[2026.05.10-01.45.39:322][  0]LogConfig: Setting CVar [[r.MobileMSAA:1]]
[2026.05.10-01.45.39:322][  0]LogConfig: Setting CVar [[r.Mobile.AllowDitheredLODTransition:0]]
[2026.05.10-01.45.39:322][  0]LogConfig: Setting CVar [[r.Mobile.AllowSoftwareOcclusion:0]]
[2026.05.10-01.45.39:322][  0]LogConfig: Setting CVar [[r.Mobile.VirtualTextures:0]]
[2026.05.10-01.45.39:322][  0]LogConfig: Setting CVar [[r.DiscardUnusedQuality:0]]
[2026.05.10-01.45.39:322][  0]LogConfig: Setting CVar [[r.AllowOcclusionQueries:1]]
[2026.05.10-01.45.39:322][  0]LogConfig: Setting CVar [[r.MinScreenRadiusForLights:0.030000]]
[2026.05.10-01.45.39:322][  0]LogConfig: Setting CVar [[r.MinScreenRadiusForDepthPrepass:0.030000]]
[2026.05.10-01.45.39:322][  0]LogConfig: Setting CVar [[r.MinScreenRadiusForCSMDepth:0.010000]]
[2026.05.10-01.45.39:322][  0]LogConfig: Setting CVar [[r.PrecomputedVisibilityWarning:0]]
[2026.05.10-01.45.39:322][  0]LogConfig: Setting CVar [[r.TextureStreaming:1]]
[2026.05.10-01.45.39:322][  0]LogConfig: Setting CVar [[Compat.UseDXT5NormalMaps:0]]
[2026.05.10-01.45.39:322][  0]LogConfig: Setting CVar [[r.VirtualTextures:0]]
[2026.05.10-01.45.39:322][  0]LogConfig: Setting CVar [[r.VT.EnableAutoImport:1]]
[2026.05.10-01.45.39:322][  0]LogConfig: Setting CVar [[r.VirtualTexturedLightmaps:0]]
[2026.05.10-01.45.39:322][  0]LogConfig: Setting CVar [[r.VT.TileSize:128]]
[2026.05.10-01.45.39:322][  0]LogConfig: Setting CVar [[r.VT.TileBorderSize:4]]
[2026.05.10-01.45.39:322][  0]LogConfig: Setting CVar [[r.vt.FeedbackFactor:16]]
[2026.05.10-01.45.39:322][  0]LogConfig: Setting CVar [[r.VT.EnableCompressZlib:1]]
[2026.05.10-01.45.39:322][  0]LogConfig: Setting CVar [[r.VT.EnableCompressCrunch:0]]
[2026.05.10-01.45.39:322][  0]LogConfig: Setting CVar [[r.ClearCoatNormal:0]]
[2026.05.10-01.45.39:322][  0]LogConfig: Setting CVar [[r.ReflectionCaptureResolution:128]]
[2026.05.10-01.45.39:322][  0]LogConfig: Setting CVar [[r.Mobile.ReflectionCaptureCompression:0]]
[2026.05.10-01.45.39:322][  0]LogConfig: Setting CVar [[r.ReflectionEnvironmentLightmapMixBasedOnRoughness:1]]
[2026.05.10-01.45.39:322][  0]LogConfig: Setting CVar [[r.ForwardShading:0]]
[2026.05.10-01.45.39:322][  0]LogConfig: Setting CVar [[r.VertexFoggingForOpaque:1]]
[2026.05.10-01.45.39:322][  0]LogConfig: Setting CVar [[r.AllowStaticLighting:1]]
[2026.05.10-01.45.39:322][  0]LogConfig: Setting CVar [[r.NormalMapsForStaticLighting:0]]
[2026.05.10-01.45.39:322][  0]LogConfig: Setting CVar [[r.GenerateMeshDistanceFields:0]]
[2026.05.10-01.45.39:322][  0]LogConfig: Setting CVar [[r.DistanceFieldBuild.EightBit:0]]
[2026.05.10-01.45.39:322][  0]LogConfig: Setting CVar [[r.GenerateLandscapeGIData:0]]
[2026.05.10-01.45.39:323][  0]LogConfig: Setting CVar [[r.DistanceFieldBuild.Compress:0]]
[2026.05.10-01.45.39:323][  0]LogConfig: Setting CVar [[r.TessellationAdaptivePixelsPerTriangle:48.000000]]
[2026.05.10-01.45.39:323][  0]LogConfig: Setting CVar [[r.SeparateTranslucency:1]]
[2026.05.10-01.45.39:323][  0]LogConfig: Setting CVar [[r.TranslucentSortPolicy:0]]
[2026.05.10-01.45.39:323][  0]LogConfig: Setting CVar [[vr.VRS.HMDFixedFoveationLevel:0]]
[2026.05.10-01.45.39:323][  0]LogConfig: Setting CVar [[r.CustomDepth:1]]
[2026.05.10-01.45.39:323][  0]LogConfig: Setting CVar [[r.CustomDepthTemporalAAJitter:1]]
[2026.05.10-01.45.39:323][  0]LogConfig: Setting CVar [[r.PostProcessing.PropagateAlpha:0]]
[2026.05.10-01.45.39:323][  0]LogConfig: Setting CVar [[r.DefaultFeature.Bloom:1]]
[2026.05.10-01.45.39:323][  0]LogConfig: Setting CVar [[r.DefaultFeature.AmbientOcclusion:1]]
[2026.05.10-01.45.39:323][  0]LogConfig: Setting CVar [[r.DefaultFeature.AmbientOcclusionStaticFraction:1]]
[2026.05.10-01.45.39:323][  0]LogConfig: Setting CVar [[r.DefaultFeature.AutoExposure:0]]
[2026.05.10-01.45.39:323][  0]LogConfig: Setting CVar [[r.DefaultFeature.AutoExposure.Method:0]]
[2026.05.10-01.45.39:323][  0]LogConfig: Setting CVar [[r.DefaultFeature.AutoExposure.Bias:1.000000]]
[2026.05.10-01.45.39:323][  0]LogConfig: Setting CVar [[r.DefaultFeature.AutoExposure.ExtendDefaultLuminanceRange:0]]
[2026.05.10-01.45.39:323][  0]LogConfig: Setting CVar [[r.UsePreExposure:1]]
[2026.05.10-01.45.39:323][  0]LogConfig: Setting CVar [[r.EyeAdaptation.EditorOnly:0]]
[2026.05.10-01.45.39:323][  0]LogConfig: Setting CVar [[r.DefaultFeature.MotionBlur:0]]
[2026.05.10-01.45.39:323][  0]LogConfig: Setting CVar [[r.DefaultFeature.LensFlare:0]]
[2026.05.10-01.45.39:323][  0]LogConfig: Setting CVar [[r.TemporalAA.Upsampling:0]]
[2026.05.10-01.45.39:323][  0]LogConfig: Setting CVar [[r.SSGI.Enable:0]]
[2026.05.10-01.45.39:323][  0]LogConfig: Setting CVar [[r.DefaultFeature.AntiAliasing:0]]
[2026.05.10-01.45.39:323][  0]LogConfig: Setting CVar [[r.DefaultFeature.LightUnits:1]]
[2026.05.10-01.45.39:323][  0]LogConfig: Setting CVar [[r.DefaultBackBufferPixelFormat:4]]
[2026.05.10-01.45.39:323][  0]LogConfig: Setting CVar [[r.Shadow.UnbuiltPreviewInGame:1]]
[2026.05.10-01.45.39:323][  0]LogConfig: Setting CVar [[r.StencilForLODDither:0]]
[2026.05.10-01.45.39:323][  0]LogConfig: Setting CVar [[r.EarlyZPass:3]]
[2026.05.10-01.45.39:323][  0]LogConfig: Setting CVar [[r.EarlyZPassOnlyMaterialMasking:0]]
[2026.05.10-01.45.39:323][  0]LogConfig: Setting CVar [[r.DBuffer:1]]
[2026.05.10-01.45.39:323][  0]LogConfig: Setting CVar [[r.ClearSceneMethod:1]]
[2026.05.10-01.45.39:323][  0]LogConfig: Setting CVar [[r.BasePassOutputsVelocity:0]]
[2026.05.10-01.45.39:323][  0]LogConfig: Setting CVar [[r.VertexDeformationOutputsVelocity:0]]
[2026.05.10-01.45.39:323][  0]LogConfig: Setting CVar [[r.SelectiveBasePassOutputs:0]]
[2026.05.10-01.45.39:323][  0]LogConfig: Setting CVar [[fx.GPUSimulationTextureSizeX:1024]]
[2026.05.10-01.45.39:323][  0]LogConfig: Setting CVar [[fx.GPUSimulationTextureSizeY:1024]]
[2026.05.10-01.45.39:323][  0]LogConfig: Setting CVar [[r.AllowGlobalClipPlane:0]]
[2026.05.10-01.45.39:323][  0]LogConfig: Setting CVar [[r.GBufferFormat:1]]
[2026.05.10-01.45.39:323][  0]LogConfig: Setting CVar [[r.MorphTarget.Mode:1]]
[2026.05.10-01.45.39:323][  0]LogConfig: Setting CVar [[vr.InstancedStereo:0]]
[2026.05.10-01.45.39:323][  0]LogConfig: Setting CVar [[r.MobileHDR:1]]
[2026.05.10-01.45.39:323][  0]LogConfig: Setting CVar [[vr.MobileMultiView:0]]
[2026.05.10-01.45.39:323][  0]LogConfig: Setting CVar [[r.Mobile.UseHWsRGBEncoding:0]]
[2026.05.10-01.45.39:323][  0]LogConfig: Setting CVar [[vr.RoundRobinOcclusion:0]]
[2026.05.10-01.45.39:323][  0]LogConfig: Setting CVar [[vr.ODSCapture:0]]
[2026.05.10-01.45.39:323][  0]LogConfig: Setting CVar [[r.MeshStreaming:0]]
[2026.05.10-01.45.39:323][  0]LogConfig: Setting CVar [[r.WireframeCullThreshold:5.000000]]
[2026.05.10-01.45.39:323][  0]LogConfig: Setting CVar [[r.RayTracing:0]]
[2026.05.10-01.45.39:323][  0]LogConfig: Setting CVar [[r.RayTracing.UseTextureLod:0]]
[2026.05.10-01.45.39:323][  0]LogConfig: Setting CVar [[r.SupportStationarySkylight:1]]
[2026.05.10-01.45.39:323][  0]LogConfig: Setting CVar [[r.SupportLowQualityLightmaps:1]]
[2026.05.10-01.45.39:323][  0]LogConfig: Setting CVar [[r.SupportPointLightWholeSceneShadows:1]]
[2026.05.10-01.45.39:323][  0]LogConfig: Setting CVar [[r.SupportAtmosphericFog:1]]
[2026.05.10-01.45.39:323][  0]LogConfig: Setting CVar [[r.SupportSkyAtmosphere:1]]
[2026.05.10-01.45.39:323][  0]LogConfig: Setting CVar [[r.SupportSkyAtmosphereAffectsHeightFog:0]]
[2026.05.10-01.45.39:323][  0]LogConfig: Setting CVar [[r.SkinCache.CompileShaders:0]]
[2026.05.10-01.45.39:323][  0]LogConfig: Setting CVar [[r.SkinCache.DefaultBehavior:1]]
[2026.05.10-01.45.39:323][  0]LogConfig: Setting CVar [[r.SkinCache.SceneMemoryLimitInMB:128.000000]]
[2026.05.10-01.45.39:323][  0]LogConfig: Setting CVar [[r.Mobile.EnableStaticAndCSMShadowReceivers:1]]
[2026.05.10-01.45.39:323][  0]LogConfig: Setting CVar [[r.Mobile.EnableMovableLightCSMShaderCulling:1]]
[2026.05.10-01.45.39:323][  0]LogConfig: Setting CVar [[r.Mobile.AllowDistanceFieldShadows:1]]
[2026.05.10-01.45.39:323][  0]LogConfig: Setting CVar [[r.Mobile.AllowMovableDirectionalLights:1]]
[2026.05.10-01.45.39:323][  0]LogConfig: Setting CVar [[r.MobileNumDynamicPointLights:4]]
[2026.05.10-01.45.39:323][  0]LogConfig: Setting CVar [[r.MobileDynamicPointLightsUseStaticBranch:1]]
[2026.05.10-01.45.39:323][  0]LogConfig: Setting CVar [[r.Mobile.EnableMovableSpotlights:0]]
[2026.05.10-01.45.39:323][  0]LogConfig: Setting CVar [[r.Mobile.EnableMovableSpotlightsShadow:0]]
[2026.05.10-01.45.39:323][  0]LogConfig: Setting CVar [[r.GPUSkin.Support16BitBoneIndex:0]]
[2026.05.10-01.45.39:323][  0]LogConfig: Setting CVar [[r.GPUSkin.Limit2BoneInfluences:0]]
[2026.05.10-01.45.39:323][  0]LogConfig: Setting CVar [[r.SupportDepthOnlyIndexBuffers:1]]
[2026.05.10-01.45.39:323][  0]LogConfig: Setting CVar [[r.SupportReversedIndexBuffers:1]]
[2026.05.10-01.45.39:323][  0]LogConfig: Setting CVar [[r.LightPropagationVolume:0]]
[2026.05.10-01.45.39:323][  0]LogConfig: Setting CVar [[r.Mobile.AmbientOcclusion:0]]
[2026.05.10-01.45.39:323][  0]LogConfig: Setting CVar [[r.GPUSkin.UnlimitedBoneInfluences:0]]
[2026.05.10-01.45.39:323][  0]LogConfig: Setting CVar [[r.GPUSkin.UnlimitedBoneInfluencesThreshold:8]]
[2026.05.10-01.45.39:323][  0]LogConfig: Setting CVar [[r.Mobile.PlanarReflectionMode:0]]
[2026.05.10-01.45.39:323][  0]LogConfig: Setting CVar [[r.Mobile.SupportsGen4TAA:0]]
[2026.05.10-01.45.39:323][  0]LogConfig: Applying CVar settings from Section [/Script/Engine.RendererOverrideSettings] File [C:/Users/2026/Documents/Unreal Projects/Facade/Saved/Config/Windows/Engine.ini]
[2026.05.10-01.45.39:323][  0]LogConfig: Applying CVar settings from Section [/Script/Engine.StreamingSettings] File [C:/Users/2026/Documents/Unreal Projects/Facade/Saved/Config/Windows/Engine.ini]
[2026.05.10-01.45.39:323][  0]LogConfig: Setting CVar [[s.MinBulkDataSizeForAsyncLoading:131072]]
[2026.05.10-01.45.39:323][  0]LogConfig: Setting CVar [[s.AsyncLoadingThreadEnabled:0]]
[2026.05.10-01.45.39:323][  0]LogConfig: Setting CVar [[s.EventDrivenLoaderEnabled:1]]
[2026.05.10-01.45.39:323][  0]LogConfig: Setting CVar [[s.WarnIfTimeLimitExceeded:0]]
[2026.05.10-01.45.39:323][  0]LogConfig: Setting CVar [[s.TimeLimitExceededMultiplier:1.5]]
[2026.05.10-01.45.39:323][  0]LogConfig: Setting CVar [[s.TimeLimitExceededMinTime:0.005]]
[2026.05.10-01.45.39:323][  0]LogConfig: Setting CVar [[s.UseBackgroundLevelStreaming:1]]
[2026.05.10-01.45.39:323][  0]LogConfig: Setting CVar [[s.PriorityAsyncLoadingExtraTime:15.0]]
[2026.05.10-01.45.39:323][  0]LogConfig: Setting CVar [[s.LevelStreamingActorsUpdateTimeLimit:5.0]]
[2026.05.10-01.45.39:323][  0]LogConfig: Setting CVar [[s.PriorityLevelStreamingActorsUpdateExtraTime:5.0]]
[2026.05.10-01.45.39:323][  0]LogConfig: Setting CVar [[s.LevelStreamingComponentsRegistrationGranularity:10]]
[2026.05.10-01.45.39:323][  0]LogConfig: Setting CVar [[s.UnregisterComponentsTimeLimit:1.0]]
[2026.05.10-01.45.39:323][  0]LogConfig: Setting CVar [[s.LevelStreamingComponentsUnregistrationGranularity:5]]
[2026.05.10-01.45.39:323][  0]LogConfig: Setting CVar [[s.FlushStreamingOnExit:1]]
[2026.05.10-01.45.39:323][  0]LogConfig: Applying CVar settings from Section [/Script/Engine.GarbageCollectionSettings] File [C:/Users/2026/Documents/Unreal Projects/Facade/Saved/Config/Windows/Engine.ini]
[2026.05.10-01.45.39:323][  0]LogConfig: Setting CVar [[gc.MaxObjectsNotConsideredByGC:1]]
[2026.05.10-01.45.39:323][  0]LogConfig: Setting CVar [[gc.SizeOfPermanentObjectPool:0]]
[2026.05.10-01.45.39:323][  0]LogConfig: Setting CVar [[gc.FlushStreamingOnGC:0]]
[2026.05.10-01.45.39:323][  0]LogConfig: Setting CVar [[gc.NumRetriesBeforeForcingGC:10]]
[2026.05.10-01.45.39:323][  0]LogConfig: Setting CVar [[gc.AllowParallelGC:1]]
[2026.05.10-01.45.39:323][  0]LogConfig: Setting CVar [[gc.TimeBetweenPurgingPendingKillObjects:61.1]]
[2026.05.10-01.45.39:323][  0]LogConfig: Setting CVar [[gc.MaxObjectsInEditor:25165824]]
[2026.05.10-01.45.39:323][  0]LogConfig: Setting CVar [[gc.IncrementalBeginDestroyEnabled:1]]
[2026.05.10-01.45.39:323][  0]LogConfig: Setting CVar [[gc.CreateGCClusters:1]]
[2026.05.10-01.45.39:323][  0]LogConfig: Setting CVar [[gc.MinGCClusterSize:5]]
[2026.05.10-01.45.39:323][  0]LogConfig: Setting CVar [[gc.ActorClusteringEnabled:0]]
[2026.05.10-01.45.39:323][  0]LogConfig: Setting CVar [[gc.BlueprintClusteringEnabled:0]]
[2026.05.10-01.45.39:323][  0]LogConfig: Setting CVar [[gc.UseDisregardForGCOnDedicatedServers:0]]
[2026.05.10-01.45.39:323][  0]LogConfig: Setting CVar [[gc.MultithreadedDestructionEnabled:1]]
[2026.05.10-01.45.39:323][  0]LogConfig: Applying CVar settings from Section [/Script/Engine.NetworkSettings] File [C:/Users/2026/Documents/Unreal Projects/Facade/Saved/Config/Windows/Engine.ini]
[2026.05.10-01.45.39:323][  0]LogConfig: Applying CVar settings from Section [/Script/UnrealEd.CookerSettings] File [C:/Users/2026/Documents/Unreal Projects/Facade/Saved/Config/Windows/Engine.ini]
[2026.05.10-01.45.39:328][  0]LogConfig: Applying CVar settings from Section [ViewDistanceQuality@3] File [C:/Users/2026/Documents/Unreal Projects/Facade/Saved/Config/Windows/Scalability.ini]
[2026.05.10-01.45.39:328][  0]LogConfig: Setting CVar [[r.SkeletalMeshLODBias:0]]
[2026.05.10-01.45.39:328][  0]LogConfig: Setting CVar [[r.ViewDistanceScale:1.0]]
[2026.05.10-01.45.39:328][  0]LogConfig: Applying CVar settings from Section [AntiAliasingQuality@3] File [C:/Users/2026/Documents/Unreal Projects/Facade/Saved/Config/Windows/Scalability.ini]
[2026.05.10-01.45.39:328][  0]LogConfig: Setting CVar [[r.PostProcessAAQuality:4]]
[2026.05.10-01.45.39:328][  0]LogConfig: Applying CVar settings from Section [ShadowQuality@3] File [C:/Users/2026/Documents/Unreal Projects/Facade/Saved/Config/Windows/Scalability.ini]
[2026.05.10-01.45.39:328][  0]LogConfig: Setting CVar [[r.LightFunctionQuality:1]]
[2026.05.10-01.45.39:328][  0]LogConfig: Setting CVar [[r.ShadowQuality:5]]
[2026.05.10-01.45.39:328][  0]LogConfig: Setting CVar [[r.Shadow.CSM.MaxCascades:10]]
[2026.05.10-01.45.39:328][  0]LogConfig: Setting CVar [[r.Shadow.MaxResolution:2048]]
[2026.05.10-01.45.39:328][  0]LogConfig: Setting CVar [[r.Shadow.MaxCSMResolution:2048]]
[2026.05.10-01.45.39:328][  0]LogConfig: Setting CVar [[r.Shadow.RadiusThreshold:0.01]]
[2026.05.10-01.45.39:328][  0]LogConfig: Setting CVar [[r.Shadow.DistanceScale:1.0]]
[2026.05.10-01.45.39:328][  0]LogConfig: Setting CVar [[r.Shadow.CSM.TransitionScale:1.0]]
[2026.05.10-01.45.39:328][  0]LogConfig: Setting CVar [[r.Shadow.PreShadowResolutionFactor:1.0]]
[2026.05.10-01.45.39:328][  0]LogConfig: Setting CVar [[r.DistanceFieldShadowing:1]]
[2026.05.10-01.45.39:328][  0]LogConfig: Setting CVar [[r.DistanceFieldAO:1]]
[2026.05.10-01.45.39:328][  0]LogConfig: Setting CVar [[r.AOQuality:2]]
[2026.05.10-01.45.39:328][  0]LogConfig: Setting CVar [[r.VolumetricFog:1]]
[2026.05.10-01.45.39:328][  0]LogConfig: Setting CVar [[r.VolumetricFog.GridPixelSize:8]]
[2026.05.10-01.45.39:328][  0]LogConfig: Setting CVar [[r.VolumetricFog.GridSizeZ:128]]
[2026.05.10-01.45.39:328][  0]LogConfig: Setting CVar [[r.VolumetricFog.HistoryMissSupersampleCount:4]]
[2026.05.10-01.45.39:328][  0]LogConfig: Setting CVar [[r.LightMaxDrawDistanceScale:1]]
[2026.05.10-01.45.39:328][  0]LogConfig: Setting CVar [[r.CapsuleShadows:1]]
[2026.05.10-01.45.39:328][  0]LogConfig: Applying CVar settings from Section [PostProcessQuality@3] File [C:/Users/2026/Documents/Unreal Projects/Facade/Saved/Config/Windows/Scalability.ini]
[2026.05.10-01.45.39:328][  0]LogConfig: Setting CVar [[r.MotionBlurQuality:4]]
[2026.05.10-01.45.39:328][  0]LogConfig: Setting CVar [[r.AmbientOcclusionMipLevelFactor:0.4]]
[2026.05.10-01.45.39:328][  0]LogConfig: Setting CVar [[r.AmbientOcclusionMaxQuality:100]]
[2026.05.10-01.45.39:328][  0]LogConfig: Setting CVar [[r.AmbientOcclusionLevels:-1]]
[2026.05.10-01.45.39:328][  0]LogConfig: Setting CVar [[r.AmbientOcclusionRadiusScale:1.0]]
[2026.05.10-01.45.39:328][  0]LogConfig: Setting CVar [[r.DepthOfFieldQuality:2]]
[2026.05.10-01.45.39:328][  0]LogConfig: Setting CVar [[r.RenderTargetPoolMin:400]]
[2026.05.10-01.45.39:328][  0]LogConfig: Setting CVar [[r.LensFlareQuality:2]]
[2026.05.10-01.45.39:328][  0]LogConfig: Setting CVar [[r.SceneColorFringeQuality:1]]
[2026.05.10-01.45.39:328][  0]LogConfig: Setting CVar [[r.EyeAdaptationQuality:2]]
[2026.05.10-01.45.39:328][  0]LogConfig: Setting CVar [[r.BloomQuality:5]]
[2026.05.10-01.45.39:328][  0]LogConfig: Setting CVar [[r.FastBlurThreshold:100]]
[2026.05.10-01.45.39:328][  0]LogConfig: Setting CVar [[r.Upscale.Quality:3]]
[2026.05.10-01.45.39:328][  0]LogConfig: Setting CVar [[r.Tonemapper.GrainQuantization:1]]
[2026.05.10-01.45.39:328][  0]LogConfig: Setting CVar [[r.LightShaftQuality:1]]
[2026.05.10-01.45.39:328][  0]LogConfig: Setting CVar [[r.Filter.SizeScale:1]]
[2026.05.10-01.45.39:328][  0]LogConfig: Setting CVar [[r.Tonemapper.Quality:5]]
[2026.05.10-01.45.39:328][  0]LogConfig: Setting CVar [[r.DOF.Gather.AccumulatorQuality:1        ; higher gathering accumulator quality]]
[2026.05.10-01.45.39:328][  0]LogConfig: Setting CVar [[r.DOF.Gather.PostfilterMethod:1          ; Median3x3 postfilering method]]
[2026.05.10-01.45.39:328][  0]LogConfig: Setting CVar [[r.DOF.Gather.EnableBokehSettings:0       ; no bokeh simulation when gathering]]
[2026.05.10-01.45.39:328][  0]LogConfig: Setting CVar [[r.DOF.Gather.RingCount:4                 ; medium number of samples when gathering]]
[2026.05.10-01.45.39:328][  0]LogConfig: Setting CVar [[r.DOF.Scatter.ForegroundCompositing:1    ; additive foreground scattering]]
[2026.05.10-01.45.39:328][  0]LogConfig: Setting CVar [[r.DOF.Scatter.BackgroundCompositing:2    ; additive background scattering]]
[2026.05.10-01.45.39:328][  0]LogConfig: Setting CVar [[r.DOF.Scatter.EnableBokehSettings:1      ; bokeh simulation when scattering]]
[2026.05.10-01.45.39:328][  0]LogConfig: Setting CVar [[r.DOF.Scatter.MaxSpriteRatio:0.1         ; only a maximum of 10% of scattered bokeh]]
[2026.05.10-01.45.39:328][  0]LogConfig: Setting CVar [[r.DOF.Recombine.Quality:1                ; cheap slight out of focus]]
[2026.05.10-01.45.39:328][  0]LogConfig: Setting CVar [[r.DOF.Recombine.EnableBokehSettings:0    ; no bokeh simulation on slight out of focus]]
[2026.05.10-01.45.39:328][  0]LogConfig: Setting CVar [[r.DOF.TemporalAAQuality:1                ; more stable temporal accumulation]]
[2026.05.10-01.45.39:328][  0]LogConfig: Setting CVar [[r.DOF.Kernel.MaxForegroundRadius:0.025]]
[2026.05.10-01.45.39:328][  0]LogConfig: Setting CVar [[r.DOF.Kernel.MaxBackgroundRadius:0.025]]
[2026.05.10-01.45.39:328][  0]LogConfig: Applying CVar settings from Section [TextureQuality@3] File [C:/Users/2026/Documents/Unreal Projects/Facade/Saved/Config/Windows/Scalability.ini]
[2026.05.10-01.45.39:328][  0]LogConfig: Setting CVar [[r.Streaming.MipBias:0]]
[2026.05.10-01.45.39:328][  0]LogConfig: Setting CVar [[r.Streaming.AmortizeCPUToGPUCopy:0]]
[2026.05.10-01.45.39:328][  0]LogConfig: Setting CVar [[r.Streaming.MaxNumTexturesToStreamPerFrame:0]]
[2026.05.10-01.45.39:328][  0]LogConfig: Setting CVar [[r.Streaming.Boost:1]]
[2026.05.10-01.45.39:328][  0]LogConfig: Setting CVar [[r.MaxAnisotropy:8]]
[2026.05.10-01.45.39:328][  0]LogConfig: Setting CVar [[r.VT.MaxAnisotropy:8]]
[2026.05.10-01.45.39:328][  0]LogConfig: Setting CVar [[r.Streaming.LimitPoolSizeToVRAM:0]]
[2026.05.10-01.45.39:328][  0]LogConfig: Setting CVar [[r.Streaming.PoolSize:1000]]
[2026.05.10-01.45.39:328][  0]LogConfig: Setting CVar [[r.Streaming.MaxEffectiveScreenSize:0]]
[2026.05.10-01.45.39:328][  0]LogConfig: Applying CVar settings from Section [EffectsQuality@3] File [C:/Users/2026/Documents/Unreal Projects/Facade/Saved/Config/Windows/Scalability.ini]
[2026.05.10-01.45.39:328][  0]LogConfig: Setting CVar [[r.TranslucencyLightingVolumeDim:64]]
[2026.05.10-01.45.39:328][  0]LogConfig: Setting CVar [[r.RefractionQuality:2]]
[2026.05.10-01.45.39:328][  0]LogConfig: Setting CVar [[r.SSR.Quality:3]]
[2026.05.10-01.45.39:328][  0]LogConfig: Setting CVar [[r.SSR.HalfResSceneColor:0]]
[2026.05.10-01.45.39:328][  0]LogConfig: Setting CVar [[r.SceneColorFormat:4]]
[2026.05.10-01.45.39:328][  0]LogConfig: Setting CVar [[r.DetailMode:2]]
[2026.05.10-01.45.39:328][  0]LogConfig: Setting CVar [[r.TranslucencyVolumeBlur:1]]
[2026.05.10-01.45.39:328][  0]LogConfig: Setting CVar [[r.MaterialQualityLevel:1 ; High quality]]
[2026.05.10-01.45.39:328][  0]LogConfig: Setting CVar [[r.AnisotropicMaterials:1]]
[2026.05.10-01.45.39:328][  0]LogConfig: Setting CVar [[r.SSS.Scale:1]]
[2026.05.10-01.45.39:328][  0]LogConfig: Setting CVar [[r.SSS.SampleSet:2]]
[2026.05.10-01.45.39:328][  0]LogConfig: Setting CVar [[r.SSS.Quality:1]]
[2026.05.10-01.45.39:328][  0]LogConfig: Setting CVar [[r.SSS.HalfRes:0]]
[2026.05.10-01.45.39:328][  0]LogConfig: Setting CVar [[r.SSGI.Quality:3]]
[2026.05.10-01.45.39:328][  0]LogConfig: Setting CVar [[r.EmitterSpawnRateScale:1.0]]
[2026.05.10-01.45.39:328][  0]LogConfig: Setting CVar [[r.ParticleLightQuality:2]]
[2026.05.10-01.45.39:328][  0]LogConfig: Setting CVar [[r.SkyAtmosphere.AerialPerspectiveLUT.FastApplyOnOpaque:1 ; Always have FastSkyLUT 1 in this case to avoid wrong sky]]
[2026.05.10-01.45.39:328][  0]LogConfig: Setting CVar [[r.SkyAtmosphere.AerialPerspectiveLUT.SampleCountMaxPerSlice:4]]
[2026.05.10-01.45.39:328][  0]LogConfig: Setting CVar [[r.SkyAtmosphere.AerialPerspectiveLUT.DepthResolution:16.0]]
[2026.05.10-01.45.39:328][  0]LogConfig: Setting CVar [[r.SkyAtmosphere.FastSkyLUT:1]]
[2026.05.10-01.45.39:328][  0]LogConfig: Setting CVar [[r.SkyAtmosphere.FastSkyLUT.SampleCountMin:4.0]]
[2026.05.10-01.45.39:328][  0]LogConfig: Setting CVar [[r.SkyAtmosphere.FastSkyLUT.SampleCountMax:128.0]]
[2026.05.10-01.45.39:328][  0]LogConfig: Setting CVar [[r.SkyAtmosphere.SampleCountMin:4.0]]
[2026.05.10-01.45.39:328][  0]LogConfig: Setting CVar [[r.SkyAtmosphere.SampleCountMax:128.0]]
[2026.05.10-01.45.39:328][  0]LogConfig: Setting CVar [[r.SkyAtmosphere.TransmittanceLUT.UseSmallFormat:0]]
[2026.05.10-01.45.39:328][  0]LogConfig: Setting CVar [[r.SkyAtmosphere.TransmittanceLUT.SampleCount:10.0]]
[2026.05.10-01.45.39:328][  0]LogConfig: Setting CVar [[r.SkyAtmosphere.MultiScatteringLUT.SampleCount:15.0]]
[2026.05.10-01.45.39:328][  0]LogConfig: Setting CVar [[r.SkyLight.RealTimeReflectionCapture:1]]
[2026.05.10-01.45.39:328][  0]LogConfig: Applying CVar settings from Section [FoliageQuality@3] File [C:/Users/2026/Documents/Unreal Projects/Facade/Saved/Config/Windows/Scalability.ini]
[2026.05.10-01.45.39:328][  0]LogConfig: Setting CVar [[foliage.DensityScale:1.0]]
[2026.05.10-01.45.39:328][  0]LogConfig: Setting CVar [[grass.DensityScale:1.0]]
[2026.05.10-01.45.39:328][  0]LogConfig: Applying CVar settings from Section [ShadingQuality@3] File [C:/Users/2026/Documents/Unreal Projects/Facade/Saved/Config/Windows/Scalability.ini]
[2026.05.10-01.45.39:328][  0]LogConfig: Setting CVar [[r.HairStrands.SkyLighting.IntegrationType:2]]
[2026.05.10-01.45.39:328][  0]LogConfig: Setting CVar [[r.HairStrands.SkyAO.SampleCount:4]]
[2026.05.10-01.45.39:328][  0]LogConfig: Setting CVar [[r.HairStrands.Visibility.MSAA.SamplePerPixel:4]]
[2026.05.10-01.45.39:329][  0]LogInit: Selected Device Profile: [Windows]
[2026.05.10-01.45.39:329][  0]LogInit: Applying CVar settings loaded from the selected device profile: [Windows]
[2026.05.10-01.45.39:329][  0]LogHAL: Display: Platform has ~ 16 GB [16396115968 / 17179869184 / 16], which maps to Larger [LargestMinGB=32, LargerMinGB=12, DefaultMinGB=8, SmallerMinGB=6, SmallestMinGB=0)
[2026.05.10-01.45.39:329][  0]LogInit: Going up to parent DeviceProfile []
[2026.05.10-01.45.39:329][  0]LogConfig: Applying CVar settings from Section [ViewDistanceQuality@3] File [C:/Users/2026/Documents/Unreal Projects/Facade/Saved/Config/Windows/Scalability.ini]
[2026.05.10-01.45.39:329][  0]LogConfig: Setting CVar [[r.SkeletalMeshLODBias:0]]
[2026.05.10-01.45.39:329][  0]LogConfig: Setting CVar [[r.ViewDistanceScale:1.0]]
[2026.05.10-01.45.39:329][  0]LogConfig: Applying CVar settings from Section [AntiAliasingQuality@3] File [C:/Users/2026/Documents/Unreal Projects/Facade/Saved/Config/Windows/Scalability.ini]
[2026.05.10-01.45.39:329][  0]LogConfig: Setting CVar [[r.PostProcessAAQuality:4]]
[2026.05.10-01.45.39:329][  0]LogConfig: Applying CVar settings from Section [ShadowQuality@3] File [C:/Users/2026/Documents/Unreal Projects/Facade/Saved/Config/Windows/Scalability.ini]
[2026.05.10-01.45.39:329][  0]LogConfig: Setting CVar [[r.LightFunctionQuality:1]]
[2026.05.10-01.45.39:329][  0]LogConfig: Setting CVar [[r.ShadowQuality:5]]
[2026.05.10-01.45.39:329][  0]LogConfig: Setting CVar [[r.Shadow.CSM.MaxCascades:10]]
[2026.05.10-01.45.39:329][  0]LogConfig: Setting CVar [[r.Shadow.MaxResolution:2048]]
[2026.05.10-01.45.39:329][  0]LogConfig: Setting CVar [[r.Shadow.MaxCSMResolution:2048]]
[2026.05.10-01.45.39:329][  0]LogConfig: Setting CVar [[r.Shadow.RadiusThreshold:0.01]]
[2026.05.10-01.45.39:329][  0]LogConfig: Setting CVar [[r.Shadow.DistanceScale:1.0]]
[2026.05.10-01.45.39:329][  0]LogConfig: Setting CVar [[r.Shadow.CSM.TransitionScale:1.0]]
[2026.05.10-01.45.39:329][  0]LogConfig: Setting CVar [[r.Shadow.PreShadowResolutionFactor:1.0]]
[2026.05.10-01.45.39:329][  0]LogConfig: Setting CVar [[r.DistanceFieldShadowing:1]]
[2026.05.10-01.45.39:329][  0]LogConfig: Setting CVar [[r.DistanceFieldAO:1]]
[2026.05.10-01.45.39:329][  0]LogConfig: Setting CVar [[r.AOQuality:2]]
[2026.05.10-01.45.39:329][  0]LogConfig: Setting CVar [[r.VolumetricFog:1]]
[2026.05.10-01.45.39:329][  0]LogConfig: Setting CVar [[r.VolumetricFog.GridPixelSize:8]]
[2026.05.10-01.45.39:329][  0]LogConfig: Setting CVar [[r.VolumetricFog.GridSizeZ:128]]
[2026.05.10-01.45.39:329][  0]LogConfig: Setting CVar [[r.VolumetricFog.HistoryMissSupersampleCount:4]]
[2026.05.10-01.45.39:329][  0]LogConfig: Setting CVar [[r.LightMaxDrawDistanceScale:1]]
[2026.05.10-01.45.39:329][  0]LogConfig: Setting CVar [[r.CapsuleShadows:1]]
[2026.05.10-01.45.39:329][  0]LogConfig: Applying CVar settings from Section [PostProcessQuality@3] File [C:/Users/2026/Documents/Unreal Projects/Facade/Saved/Config/Windows/Scalability.ini]
[2026.05.10-01.45.39:329][  0]LogConfig: Setting CVar [[r.MotionBlurQuality:4]]
[2026.05.10-01.45.39:329][  0]LogConfig: Setting CVar [[r.AmbientOcclusionMipLevelFactor:0.4]]
[2026.05.10-01.45.39:329][  0]LogConfig: Setting CVar [[r.AmbientOcclusionMaxQuality:100]]
[2026.05.10-01.45.39:329][  0]LogConfig: Setting CVar [[r.AmbientOcclusionLevels:-1]]
[2026.05.10-01.45.39:329][  0]LogConfig: Setting CVar [[r.AmbientOcclusionRadiusScale:1.0]]
[2026.05.10-01.45.39:329][  0]LogConfig: Setting CVar [[r.DepthOfFieldQuality:2]]
[2026.05.10-01.45.39:329][  0]LogConfig: Setting CVar [[r.RenderTargetPoolMin:400]]
[2026.05.10-01.45.39:329][  0]LogConfig: Setting CVar [[r.LensFlareQuality:2]]
[2026.05.10-01.45.39:329][  0]LogConfig: Setting CVar [[r.SceneColorFringeQuality:1]]
[2026.05.10-01.45.39:329][  0]LogConfig: Setting CVar [[r.EyeAdaptationQuality:2]]
[2026.05.10-01.45.39:329][  0]LogConfig: Setting CVar [[r.BloomQuality:5]]
[2026.05.10-01.45.39:329][  0]LogConfig: Setting CVar [[r.FastBlurThreshold:100]]
[2026.05.10-01.45.39:329][  0]LogConfig: Setting CVar [[r.Upscale.Quality:3]]
[2026.05.10-01.45.39:329][  0]LogConfig: Setting CVar [[r.Tonemapper.GrainQuantization:1]]
[2026.05.10-01.45.39:329][  0]LogConfig: Setting CVar [[r.LightShaftQuality:1]]
[2026.05.10-01.45.39:329][  0]LogConfig: Setting CVar [[r.Filter.SizeScale:1]]
[2026.05.10-01.45.39:329][  0]LogConfig: Setting CVar [[r.Tonemapper.Quality:5]]
[2026.05.10-01.45.39:329][  0]LogConfig: Setting CVar [[r.DOF.Gather.AccumulatorQuality:1        ; higher gathering accumulator quality]]
[2026.05.10-01.45.39:329][  0]LogConfig: Setting CVar [[r.DOF.Gather.PostfilterMethod:1          ; Median3x3 postfilering method]]
[2026.05.10-01.45.39:329][  0]LogConfig: Setting CVar [[r.DOF.Gather.EnableBokehSettings:0       ; no bokeh simulation when gathering]]
[2026.05.10-01.45.39:329][  0]LogConfig: Setting CVar [[r.DOF.Gather.RingCount:4                 ; medium number of samples when gathering]]
[2026.05.10-01.45.39:329][  0]LogConfig: Setting CVar [[r.DOF.Scatter.ForegroundCompositing:1    ; additive foreground scattering]]
[2026.05.10-01.45.39:329][  0]LogConfig: Setting CVar [[r.DOF.Scatter.BackgroundCompositing:2    ; additive background scattering]]
[2026.05.10-01.45.39:329][  0]LogConfig: Setting CVar [[r.DOF.Scatter.EnableBokehSettings:1      ; bokeh simulation when scattering]]
[2026.05.10-01.45.39:329][  0]LogConfig: Setting CVar [[r.DOF.Scatter.MaxSpriteRatio:0.1         ; only a maximum of 10% of scattered bokeh]]
[2026.05.10-01.45.39:329][  0]LogConfig: Setting CVar [[r.DOF.Recombine.Quality:1                ; cheap slight out of focus]]
[2026.05.10-01.45.39:329][  0]LogConfig: Setting CVar [[r.DOF.Recombine.EnableBokehSettings:0    ; no bokeh simulation on slight out of focus]]
[2026.05.10-01.45.39:329][  0]LogConfig: Setting CVar [[r.DOF.TemporalAAQuality:1                ; more stable temporal accumulation]]
[2026.05.10-01.45.39:329][  0]LogConfig: Setting CVar [[r.DOF.Kernel.MaxForegroundRadius:0.025]]
[2026.05.10-01.45.39:329][  0]LogConfig: Setting CVar [[r.DOF.Kernel.MaxBackgroundRadius:0.025]]
[2026.05.10-01.45.39:329][  0]LogConfig: Applying CVar settings from Section [TextureQuality@3] File [C:/Users/2026/Documents/Unreal Projects/Facade/Saved/Config/Windows/Scalability.ini]
[2026.05.10-01.45.39:329][  0]LogConfig: Setting CVar [[r.Streaming.MipBias:0]]
[2026.05.10-01.45.39:329][  0]LogConfig: Setting CVar [[r.Streaming.AmortizeCPUToGPUCopy:0]]
[2026.05.10-01.45.39:329][  0]LogConfig: Setting CVar [[r.Streaming.MaxNumTexturesToStreamPerFrame:0]]
[2026.05.10-01.45.39:329][  0]LogConfig: Setting CVar [[r.Streaming.Boost:1]]
[2026.05.10-01.45.39:329][  0]LogConfig: Setting CVar [[r.MaxAnisotropy:8]]
[2026.05.10-01.45.39:329][  0]LogConfig: Setting CVar [[r.VT.MaxAnisotropy:8]]
[2026.05.10-01.45.39:329][  0]LogConfig: Setting CVar [[r.Streaming.LimitPoolSizeToVRAM:0]]
[2026.05.10-01.45.39:329][  0]LogConfig: Setting CVar [[r.Streaming.PoolSize:1000]]
[2026.05.10-01.45.39:329][  0]LogConfig: Setting CVar [[r.Streaming.MaxEffectiveScreenSize:0]]
[2026.05.10-01.45.39:329][  0]LogConfig: Applying CVar settings from Section [EffectsQuality@3] File [C:/Users/2026/Documents/Unreal Projects/Facade/Saved/Config/Windows/Scalability.ini]
[2026.05.10-01.45.39:329][  0]LogConfig: Setting CVar [[r.TranslucencyLightingVolumeDim:64]]
[2026.05.10-01.45.39:329][  0]LogConfig: Setting CVar [[r.RefractionQuality:2]]
[2026.05.10-01.45.39:329][  0]LogConfig: Setting CVar [[r.SSR.Quality:3]]
[2026.05.10-01.45.39:329][  0]LogConfig: Setting CVar [[r.SSR.HalfResSceneColor:0]]
[2026.05.10-01.45.39:329][  0]LogConfig: Setting CVar [[r.SceneColorFormat:4]]
[2026.05.10-01.45.39:329][  0]LogConfig: Setting CVar [[r.DetailMode:2]]
[2026.05.10-01.45.39:329][  0]LogConfig: Setting CVar [[r.TranslucencyVolumeBlur:1]]
[2026.05.10-01.45.39:329][  0]LogConfig: Setting CVar [[r.MaterialQualityLevel:1 ; High quality]]
[2026.05.10-01.45.39:329][  0]LogConfig: Setting CVar [[r.AnisotropicMaterials:1]]
[2026.05.10-01.45.39:329][  0]LogConfig: Setting CVar [[r.SSS.Scale:1]]
[2026.05.10-01.45.39:329][  0]LogConfig: Setting CVar [[r.SSS.SampleSet:2]]
[2026.05.10-01.45.39:329][  0]LogConfig: Setting CVar [[r.SSS.Quality:1]]
[2026.05.10-01.45.39:329][  0]LogConfig: Setting CVar [[r.SSS.HalfRes:0]]
[2026.05.10-01.45.39:329][  0]LogConfig: Setting CVar [[r.SSGI.Quality:3]]
[2026.05.10-01.45.39:329][  0]LogConfig: Setting CVar [[r.EmitterSpawnRateScale:1.0]]
[2026.05.10-01.45.39:329][  0]LogConfig: Setting CVar [[r.ParticleLightQuality:2]]
[2026.05.10-01.45.39:329][  0]LogConfig: Setting CVar [[r.SkyAtmosphere.AerialPerspectiveLUT.FastApplyOnOpaque:1 ; Always have FastSkyLUT 1 in this case to avoid wrong sky]]
[2026.05.10-01.45.39:329][  0]LogConfig: Setting CVar [[r.SkyAtmosphere.AerialPerspectiveLUT.SampleCountMaxPerSlice:4]]
[2026.05.10-01.45.39:329][  0]LogConfig: Setting CVar [[r.SkyAtmosphere.AerialPerspectiveLUT.DepthResolution:16.0]]
[2026.05.10-01.45.39:329][  0]LogConfig: Setting CVar [[r.SkyAtmosphere.FastSkyLUT:1]]
[2026.05.10-01.45.39:329][  0]LogConfig: Setting CVar [[r.SkyAtmosphere.FastSkyLUT.SampleCountMin:4.0]]
[2026.05.10-01.45.39:329][  0]LogConfig: Setting CVar [[r.SkyAtmosphere.FastSkyLUT.SampleCountMax:128.0]]
[2026.05.10-01.45.39:329][  0]LogConfig: Setting CVar [[r.SkyAtmosphere.SampleCountMin:4.0]]
[2026.05.10-01.45.39:329][  0]LogConfig: Setting CVar [[r.SkyAtmosphere.SampleCountMax:128.0]]
[2026.05.10-01.45.39:329][  0]LogConfig: Setting CVar [[r.SkyAtmosphere.TransmittanceLUT.UseSmallFormat:0]]
[2026.05.10-01.45.39:329][  0]LogConfig: Setting CVar [[r.SkyAtmosphere.TransmittanceLUT.SampleCount:10.0]]
[2026.05.10-01.45.39:329][  0]LogConfig: Setting CVar [[r.SkyAtmosphere.MultiScatteringLUT.SampleCount:15.0]]
[2026.05.10-01.45.39:329][  0]LogConfig: Setting CVar [[r.SkyLight.RealTimeReflectionCapture:1]]
[2026.05.10-01.45.39:329][  0]LogConfig: Applying CVar settings from Section [FoliageQuality@3] File [C:/Users/2026/Documents/Unreal Projects/Facade/Saved/Config/Windows/Scalability.ini]
[2026.05.10-01.45.39:329][  0]LogConfig: Setting CVar [[foliage.DensityScale:1.0]]
[2026.05.10-01.45.39:329][  0]LogConfig: Setting CVar [[grass.DensityScale:1.0]]
[2026.05.10-01.45.39:329][  0]LogConfig: Applying CVar settings from Section [ShadingQuality@3] File [C:/Users/2026/Documents/Unreal Projects/Facade/Saved/Config/Windows/Scalability.ini]
[2026.05.10-01.45.39:329][  0]LogConfig: Setting CVar [[r.HairStrands.SkyLighting.IntegrationType:2]]
[2026.05.10-01.45.39:329][  0]LogConfig: Setting CVar [[r.HairStrands.SkyAO.SampleCount:4]]
[2026.05.10-01.45.39:329][  0]LogConfig: Setting CVar [[r.HairStrands.Visibility.MSAA.SamplePerPixel:4]]
[2026.05.10-01.45.39:329][  0]LogConfig: Applying CVar settings from Section [Startup] File [../../../Engine/Config/ConsoleVariables.ini]
[2026.05.10-01.45.39:330][  0]LogConfig: Setting CVar [[net.UseAdaptiveNetUpdateFrequency:0]]
[2026.05.10-01.45.39:330][  0]LogConfig: Setting CVar [[p.chaos.AllowCreatePhysxBodies:1]]
[2026.05.10-01.45.39:330][  0]LogConfig: Setting CVar [[fx.SkipVectorVMBackendOptimizations:1]]
[2026.05.10-01.45.39:330][  0]LogConfig: Applying CVar settings from Section [ConsoleVariables] File [C:/Users/2026/Documents/Unreal Projects/Facade/Saved/Config/Windows/Engine.ini]
[2026.05.10-01.45.39:330][  0]LogConfig: Applying CVar settings from Section [ConsoleVariables] File [C:/Users/2026/Documents/Unreal Projects/Facade/Saved/Config/Windows/Editor.ini]
[2026.05.10-01.45.39:330][  0]LogInit: Computer: LAPTOP-590ECT4E
[2026.05.10-01.45.39:330][  0]LogInit: User: 2026
[2026.05.10-01.45.39:330][  0]LogInit: CPU Page size=4096, Cores=6
[2026.05.10-01.45.39:330][  0]LogInit: High frequency timer resolution =10.000000 MHz
[2026.05.10-01.45.39:330][  0]LogMemory: Memory total: Physical=15.3GB (16GB approx)
[2026.05.10-01.45.39:330][  0]LogMemory: Platform Memory Stats for Windows
[2026.05.10-01.45.39:330][  0]LogMemory: Process Physical Memory: 149.01 MB used, 149.01 MB peak
[2026.05.10-01.45.39:330][  0]LogMemory: Process Virtual Memory: 128.39 MB used, 128.39 MB peak
[2026.05.10-01.45.39:330][  0]LogMemory: Physical Memory: 9725.05 MB used,  5911.51 MB free, 15636.55 MB total
[2026.05.10-01.45.39:330][  0]LogMemory: Virtual Memory: 134200336.00 MB used,  17394.10 MB free, 134217728.00 MB total
[2026.05.10-01.45.39:336][  0]LogWindows: WindowsPlatformFeatures enabled
[2026.05.10-01.45.39:372][  0]LogInit: Physics initialised using underlying interface: PhysX
[2026.05.10-01.45.39:373][  0]LogInit: Using OS detected language (es-ES).
[2026.05.10-01.45.39:373][  0]LogInit: Using OS detected locale (es-ES).
[2026.05.10-01.45.39:375][  0]LogTextLocalizationManager: No specific localization for 'es-ES' exists, so the 'es' localization will be used.
[2026.05.10-01.45.39:398][  0]LogInit: Setting process to per monitor DPI aware
[2026.05.10-01.45.39:412][  0]LogWindowsTextInputMethodSystem: Display: IME system deactivated.
[2026.05.10-01.45.39:425][  0]LogSlate: New Slate User Created.  User Index 0, Is Virtual User: 0
[2026.05.10-01.45.39:425][  0]LogSlate: Slate User Registered.  User Index 0, Is Virtual User: 0
[2026.05.10-01.45.39:520][  0]LogD3D11RHI: Loaded GFSDK_Aftermath_Lib.x64.dll
[2026.05.10-01.45.39:579][  0]LogHMD: Failed to initialize OpenVR with code 110
[2026.05.10-01.45.39:579][  0]LogD3D11RHI: D3D11 min allowed feature level: 11_0
[2026.05.10-01.45.39:579][  0]LogD3D11RHI: D3D11 max allowed feature level: 11_0
[2026.05.10-01.45.39:579][  0]LogD3D11RHI: D3D11 adapters:
[2026.05.10-01.45.39:727][  0]LogD3D11RHI:    0. 'NVIDIA GeForce RTX 4050 Laptop GPU' (Feature Level 11_0)
[2026.05.10-01.45.39:727][  0]LogD3D11RHI:       5921/0/7818 MB DedicatedVideo/DedicatedSystem/SharedSystem, Outputs:1, VendorId:0x10de
[2026.05.10-01.45.39:804][  0]LogD3D11RHI:    1. 'AMD Radeon 740M Graphics' (Feature Level 11_0)
[2026.05.10-01.45.39:804][  0]LogD3D11RHI:       420/0/7818 MB DedicatedVideo/DedicatedSystem/SharedSystem, Outputs:0, VendorId:0x1002
[2026.05.10-01.45.39:806][  0]LogD3D11RHI:    2. 'Microsoft Basic Render Driver' (Feature Level 11_0)
[2026.05.10-01.45.39:806][  0]LogD3D11RHI:       0/0/7818 MB DedicatedVideo/DedicatedSystem/SharedSystem, Outputs:0, VendorId:0x1414
[2026.05.10-01.45.39:806][  0]LogD3D11RHI: Chosen D3D11 Adapter:
[2026.05.10-01.45.39:806][  0]LogD3D11RHI:     Description : NVIDIA GeForce RTX 4050 Laptop GPU
[2026.05.10-01.45.39:806][  0]LogD3D11RHI:     VendorId    : 10de
[2026.05.10-01.45.39:806][  0]LogD3D11RHI:     DeviceId    : 28e1
[2026.05.10-01.45.39:806][  0]LogD3D11RHI:     SubSysId    : 14f41043
[2026.05.10-01.45.39:806][  0]LogD3D11RHI:     Revision    : 00a1
[2026.05.10-01.45.39:806][  0]LogD3D11RHI:     DedicatedVideoMemory : 6208618496 bytes
[2026.05.10-01.45.39:806][  0]LogD3D11RHI:     DedicatedSystemMemory : 0 bytes
[2026.05.10-01.45.39:806][  0]LogD3D11RHI:     SharedSystemMemory : 8198057984 bytes
[2026.05.10-01.45.39:806][  0]LogD3D11RHI:     AdapterLuid : 0 75372
[2026.05.10-01.45.39:813][  0]LogD3D11RHI: Creating new Direct3DDevice
[2026.05.10-01.45.39:813][  0]LogD3D11RHI:     GPU DeviceId: 0x28e1 (for the marketing name, search the web for "GPU Device Id")
[2026.05.10-01.45.39:813][  0]LogWindows: EnumDisplayDevices:
[2026.05.10-01.45.39:813][  0]LogWindows:    0. 'AMD Radeon 740M Graphics' (P:1 D:1)
[2026.05.10-01.45.39:813][  0]LogWindows:    1. 'AMD Radeon 740M Graphics' (P:0 D:0)
[2026.05.10-01.45.39:813][  0]LogWindows:    2. 'AMD Radeon 740M Graphics' (P:0 D:0)
[2026.05.10-01.45.39:815][  0]LogWindows:    3. 'AMD Radeon 740M Graphics' (P:0 D:0)
[2026.05.10-01.45.39:815][  0]LogWindows:    4. 'AMD Radeon 740M Graphics' (P:0 D:0)
[2026.05.10-01.45.39:815][  0]LogWindows:    5. 'NVIDIA GeForce RTX 4050 Laptop GPU' (P:0 D:0)
[2026.05.10-01.45.39:815][  0]LogWindows:    6. 'NVIDIA GeForce RTX 4050 Laptop GPU' (P:0 D:0)
[2026.05.10-01.45.39:815][  0]LogWindows:    7. 'NVIDIA GeForce RTX 4050 Laptop GPU' (P:0 D:0)
[2026.05.10-01.45.39:815][  0]LogWindows:    8. 'NVIDIA GeForce RTX 4050 Laptop GPU' (P:0 D:0)
[2026.05.10-01.45.39:816][  0]LogWindows: DebugString: PrimaryIsNotTheChoosenAdapter PrimaryIsNotTheChoosenAdapter PrimaryIsNotTheChoosenAdapter PrimaryIsNotTheChoosenAdapter PrimaryIsNotTheChoosenAdapter FoundDriverCount:4 
[2026.05.10-01.45.39:816][  0]LogD3D11RHI:     Adapter Name: NVIDIA GeForce RTX 4050 Laptop GPU
[2026.05.10-01.45.39:816][  0]LogD3D11RHI:   Driver Version: 573.05 (internal:32.0.15.7305, unified:573.05)
[2026.05.10-01.45.39:816][  0]LogD3D11RHI:      Driver Date: 4-20-2025
[2026.05.10-01.45.39:816][  0]LogRHI: Texture pool is 4144 MB (70% of 5921 MB)
[2026.05.10-01.45.39:816][  0]LogD3D11RHI: Creating D3DDevice using adapter:
[2026.05.10-01.45.39:816][  0]LogD3D11RHI:     Description : NVIDIA GeForce RTX 4050 Laptop GPU
[2026.05.10-01.45.39:816][  0]LogD3D11RHI:     VendorId    : 10de
[2026.05.10-01.45.39:816][  0]LogD3D11RHI:     DeviceId    : 28e1
[2026.05.10-01.45.39:816][  0]LogD3D11RHI:     SubSysId    : 14f41043
[2026.05.10-01.45.39:816][  0]LogD3D11RHI:     Revision    : 00a1
[2026.05.10-01.45.39:816][  0]LogD3D11RHI:     DedicatedVideoMemory : 6208618496 bytes
[2026.05.10-01.45.39:816][  0]LogD3D11RHI:     DedicatedSystemMemory : 0 bytes
[2026.05.10-01.45.39:816][  0]LogD3D11RHI:     SharedSystemMemory : 8198057984 bytes
[2026.05.10-01.45.39:816][  0]LogD3D11RHI:     AdapterLuid : 0 75372
[2026.05.10-01.45.39:920][  0]LogD3D11RHI: RHI has support for 64 bit atomics
[2026.05.10-01.45.39:921][  0]LogD3D11RHI: Async texture creation enabled
[2026.05.10-01.45.39:921][  0]LogD3D11RHI: Array index from any shader is supported
[2026.05.10-01.45.39:934][  0]LogD3D11RHI: GPU Timing Frequency: 1000.000000 (Debug: 2 1)
[2026.05.10-01.45.39:963][  0]LogRHI: GeForceNow SDK initialized: 1
[2026.05.10-01.45.40:234][  0]LogTargetPlatformManager: Display: Loaded TargetPlatform 'AllDesktop'
[2026.05.10-01.45.40:255][  0]LogTargetPlatformManager: Display: Loaded TargetPlatform 'Android'
[2026.05.10-01.45.40:255][  0]LogTargetPlatformManager: Display: Loaded TargetPlatform 'Android_ASTC'
[2026.05.10-01.45.40:255][  0]LogTargetPlatformManager: Display: Loaded TargetPlatform 'Android_DXT'
[2026.05.10-01.45.40:255][  0]LogTargetPlatformManager: Display: Loaded TargetPlatform 'Android_ETC2'
[2026.05.10-01.45.40:255][  0]LogTargetPlatformManager: Display: Loaded TargetPlatform 'AndroidClient'
[2026.05.10-01.45.40:255][  0]LogTargetPlatformManager: Display: Loaded TargetPlatform 'Android_ASTCClient'
[2026.05.10-01.45.40:255][  0]LogTargetPlatformManager: Display: Loaded TargetPlatform 'Android_DXTClient'
[2026.05.10-01.45.40:255][  0]LogTargetPlatformManager: Display: Loaded TargetPlatform 'Android_ETC2Client'
[2026.05.10-01.45.40:255][  0]LogTargetPlatformManager: Display: Loaded TargetPlatform 'Android_Multi'
[2026.05.10-01.45.40:255][  0]LogTargetPlatformManager: Display: Loaded TargetPlatform 'Android_MultiClient'
[2026.05.10-01.45.40:272][  0]LogTargetPlatformManager: Display: Loaded TargetPlatform 'IOSClient'
[2026.05.10-01.45.40:272][  0]LogTargetPlatformManager: Display: Loaded TargetPlatform 'IOS'
[2026.05.10-01.45.40:278][  0]LogTargetPlatformManager: Display: Loaded TargetPlatform 'Linux'
[2026.05.10-01.45.40:283][  0]LogTargetPlatformManager: Display: Loaded TargetPlatform 'LinuxNoEditor'
[2026.05.10-01.45.40:286][  0]LogTargetPlatformManager: Display: Loaded TargetPlatform 'LinuxClient'
[2026.05.10-01.45.40:290][  0]LogTargetPlatformManager: Display: Loaded TargetPlatform 'LinuxServer'
[2026.05.10-01.45.40:296][  0]LogTargetPlatformManager: Display: Loaded TargetPlatform 'LinuxAArch64NoEditor'
[2026.05.10-01.45.40:301][  0]LogTargetPlatformManager: Display: Loaded TargetPlatform 'LinuxAArch64Client'
[2026.05.10-01.45.40:305][  0]LogTargetPlatformManager: Display: Loaded TargetPlatform 'LinuxAArch64Server'
[2026.05.10-01.45.40:327][  0]LogTargetPlatformManager: Display: Loaded TargetPlatform 'Lumin'
[2026.05.10-01.45.40:327][  0]LogTargetPlatformManager: Display: Loaded TargetPlatform 'LuminClient'
[2026.05.10-01.45.40:336][  0]LogTargetPlatformManager: Display: Loaded TargetPlatform 'MacNoEditor'
[2026.05.10-01.45.40:341][  0]LogTargetPlatformManager: Display: Loaded TargetPlatform 'Mac'
[2026.05.10-01.45.40:346][  0]LogTargetPlatformManager: Display: Loaded TargetPlatform 'MacClient'
[2026.05.10-01.45.40:351][  0]LogTargetPlatformManager: Display: Loaded TargetPlatform 'MacServer'
[2026.05.10-01.45.40:361][  0]LogTargetPlatformManager: Display: Loaded TargetPlatform 'TVOSClient'
[2026.05.10-01.45.40:361][  0]LogTargetPlatformManager: Display: Loaded TargetPlatform 'TVOS'
[2026.05.10-01.45.40:370][  0]LogTargetPlatformManager: Display: Loaded TargetPlatform 'WindowsNoEditor'
[2026.05.10-01.45.40:375][  0]LogTargetPlatformManager: Display: Loaded TargetPlatform 'Windows'
[2026.05.10-01.45.40:379][  0]LogTargetPlatformManager: Display: Loaded TargetPlatform 'WindowsClient'
[2026.05.10-01.45.40:384][  0]LogTargetPlatformManager: Display: Loaded TargetPlatform 'WindowsServer'
[2026.05.10-01.45.40:384][  0]LogTargetPlatformManager: Display: Building Assets For Windows
[2026.05.10-01.45.40:390][  0]LogAudioDebug: Display: Lib vorbis DLL was dynamically loaded.
[2026.05.10-01.45.40:413][  0]LogTextureFormatOodle: Display: Oodle Texture 2.9.0 init RDO Off
[2026.05.10-01.45.40:443][  0]LogRendererCore: Ray tracing is disabled. Reason: r.RayTracing=0.
[2026.05.10-01.45.40:444][  0]LogShaderCompilers: Guid format shader working directory is -17 characters bigger than the processId version (../../../../../../Users/2026/Documents/Unreal Projects/Facade/Intermediate/Shaders/WorkingDirectory/17772/).
[2026.05.10-01.45.40:444][  0]LogShaderCompilers: Cleaned the shader compiler working directory 'C:/Users/2026/AppData/Local/Temp/UnrealShaderWorkingDir/F5DBEFB34086B9CE2D0339ADBAF094C6/'.
[2026.05.10-01.45.40:444][  0]LogXGEController: Cannot use XGE Controller as Incredibuild is not installed on this machine.
[2026.05.10-01.45.40:444][  0]LogShaderCompilers: Cannot use XGE Shader Compiler as Incredibuild is not installed on this machine.
[2026.05.10-01.45.40:444][  0]LogShaderCompilers: Display: Using Local Shader Compiler.
[2026.05.10-01.45.40:928][  0]LogDerivedDataCache: Display: Max Cache Size: 512 MB
[2026.05.10-01.45.40:983][  0]LogDerivedDataCache: Loaded boot cache 0.06s 94MB C:/Users/2026/AppData/Local/UnrealEngine/4.27/DerivedDataCache/Boot.ddc.
[2026.05.10-01.45.40:983][  0]LogDerivedDataCache: Display: Loaded Boot cache: C:/Users/2026/AppData/Local/UnrealEngine/4.27/DerivedDataCache/Boot.ddc
[2026.05.10-01.45.40:984][  0]LogDerivedDataCache: FDerivedDataBackendGraph:  Pak pak cache file ../../../../../../Users/2026/Documents/Unreal Projects/Facade/DerivedDataCache/DDC.ddp not found, will not use a pak cache.
[2026.05.10-01.45.40:984][  0]LogDerivedDataCache: Unable to find inner node Pak for hierarchical cache Hierarchy.
[2026.05.10-01.45.40:984][  0]LogDerivedDataCache: FDerivedDataBackendGraph:  CompressedPak pak cache file ../../../../../../Users/2026/Documents/Unreal Projects/Facade/DerivedDataCache/Compressed.ddp not found, will not use a pak cache.
[2026.05.10-01.45.40:984][  0]LogDerivedDataCache: Unable to find inner node CompressedPak for hierarchical cache Hierarchy.
[2026.05.10-01.45.40:997][  0]LogDerivedDataCache: Display: Pak cache opened for reading ../../../Engine/DerivedDataCache/Compressed.ddp.
[2026.05.10-01.45.40:998][  0]LogDerivedDataCache: FDerivedDataBackendGraph:  EnterprisePak pak cache file ../../../Enterprise/DerivedDataCache/Compressed.ddp not found, will not use a pak cache.
[2026.05.10-01.45.40:998][  0]LogDerivedDataCache: Unable to find inner node EnterprisePak for hierarchical cache Hierarchy.
[2026.05.10-01.45.41:004][  0]LogDerivedDataCache: Speed tests for C:/Users/2026/AppData/Local/UnrealEngine/Common/DerivedDataCache took 0.01 seconds
[2026.05.10-01.45.41:004][  0]LogDerivedDataCache: Display: Performance to C:/Users/2026/AppData/Local/UnrealEngine/Common/DerivedDataCache: Latency=0.02ms. RandomReadSpeed=1465.00MBs, RandomWriteSpeed=173.15MBs. Assigned SpeedClass 'Local'
[2026.05.10-01.45.41:006][  0]LogDerivedDataCache: Using Local data cache path C:/Users/2026/AppData/Local/UnrealEngine/Common/DerivedDataCache: Writable
[2026.05.10-01.45.41:006][  0]LogDerivedDataCache: Shared data cache path not found in *engine.ini, will not use an Shared cache.
[2026.05.10-01.45.41:006][  0]LogDerivedDataCache: Unable to find inner node Shared for hierarchical cache Hierarchy.
[2026.05.10-01.45.41:043][  0]LogSlate: Using FreeType 2.10.0
[2026.05.10-01.45.41:045][  0]LogSlate: SlateFontServices - WITH_FREETYPE: 1, WITH_HARFBUZZ: 1
[2026.05.10-01.45.41:068][  0]LogAssetRegistry: FAssetRegistry took 0.0029 seconds to start up
[2026.05.10-01.45.41:271][  0]LogInit: Selected Device Profile: [Windows]
[2026.05.10-01.45.41:271][  0]LogInit: Active device profile: [0000019DC1200900][0000019DBFCFA680 49] Windows
[2026.05.10-01.45.41:271][  0]LogInit: Profiles: [0000019DC1200900][0000019DBFCFA680 49] Windows, [0000019DC119B800][0000019DBFC8A7C0 49] WindowsNoEditor, [0000019DC1203500][0000019DC21E6900 49] WindowsServer, [0000019DC1198E00][0000019DC21EAA40 49] WindowsClient, [0000019DC1203800][0000019DC2516B80 49] IOS, [0000019DC119A800][0000019DB633CD00 49] iPadAir, [0000019DC1202000][0000019DB6340E80 49] iPadAir2, [0000019DC1120A00][0000019DB6349140 49] IPadPro, [0000019DC1120B00][0000019DB6345180 49] iPadAir3, [0000019DC1199800][0000019DC2015300 49] iPadAir4, [0000019DC1123400][0000019DC2019480 49] iPadMini2, [0000019DC119AA00][0000019DC202B600 49] iPadMini3, [0000019DC1121700][0000019DC202F780 49] iPadMini4, [0000019DC1201000][0000019DC2033900 49] iPadMini5, [0000019DC1150300][0000019DC203BBC0 49] iPhone6, [0000019DC1150400][0000019DC2037C00 49] iPodTouch6, [0000019DC1123600][0000019DC2042340 49] iPhone7, [0000019DC1121800][0000019DC203E380 49] iPodTouch7, [0000019DC1153F00][0000019DC2046500 49] iPhone5S, [0000019DC119A300][0000019DC204A680 49] iPhone6Plus, [0000019DC1120200][0000019DC204E800 49] iPhone6S, [0000019DC119A200][0000019DB6338940 49] iPhone6SPlus, [0000019DC1123C00][0000019DB62D8A80 49] iPhone7Plus, [0000019DC1198100][0000019DB62DCBC0 49] iPhoneSE, [0000019DC1123500][0000019DB62E0D00 49] iPhone8, [0000019DC1199E00][0000019DB62E8E80 49] iPhone8Plus, [0000019DC1121000][0000019DC246D000 49] iPhoneX, [0000019DC1198A00][0000019DC24A1180 49] iPhoneXS, [0000019DC1121200][0000019DC24A5300 49] iPhoneXSMax, [0000019DC1199500][0000019DC24A9480 49] iPhoneXR, [0000019DC1123700][0000019DB62ED600 49] iPhone11, [0000019DC1198D00][0000019DC249D780 49] iPhone11Pro, [0000019DC1123800][0000019DC375D900 49] iPhone11ProMax, [0000019DC1198F00][0000019DB62FDA80 49] iPhoneSE2, [0000019DC1122E00][0000019DB6301C00 49] iPhone12Mini, [0000019DC119B100][0000019DB6304200 49] iPhone12, [0000019DC1122B00][0000019DB6308380 49] iPhone12Pro, [0000019DC1198800][0000019DC24FE500 49] iPhone12ProMax, [0000019DC1122300][0000019DC251A680 49] iPadPro105, [0000019DC119AF00][0000019DBFC7A800 49] iPadPro129, [0000019DC1122000][0000019DBFC7E980 49] iPadPro97, [0000019DC1199300][0000019DC2502B00 49] iPadPro2_129, [0000019DC1121A00][0000019DB62E4C40 49] iPad5, [0000019DC1199A00][0000019DC2506D80 49] iPad6, [0000019DC1122800][0000019DC250AEC0 49] iPad7, [0000019DC1198C00][0000019DC2513040 49] iPad8, [0000019DC1123200][0000019DC218D1C0 49] iPadPro11, [0000019DC1199600][0000019DC2191340 49] iPadPro2_11, [0000019DC1121C00][0000019DC21954C0 49] iPadPro3_129, [0000019DC119B900][0000019DC2199640 49] iPadPro4_129, [0000019DC1121500][0000019DC219D7C0 49] AppleTV, [0000019DC1198300][0000019DC21A1940 49] AppleTV4K, [0000019DC1120100][0000019DC21A5AC0 49] TVOS, [0000019DC119A400][0000019DC21A80C0 49] Mac, [0000019DC1122100][0000019DC21AC240 49] MacClient, [0000019DC119B400][0000019DC21B03C0 49] MacNoEditor, [0000019DC1121F00][0000019DC1F62540 49] MacServer, [0000019DC1198600][0000019DC1F666C0 49] Linux, [0000019DC1122200][0000019DC1F6A840 49] LinuxAArch64, [0000019DC119B600][0000019DC1F6E9C0 49] LinuxNoEditor, [0000019DC1121D00][0000019DC1F72B40 49] LinuxAArch64NoEditor, [0000019DC1199400][0000019DC1F76CC0 49] LinuxClient, [0000019DC1123100][0000019DC250EE00 49] LinuxAArch64Client, [0000019DC1199900][0000019DC1F7AF40 49] LinuxServer, [0000019DC1123000][0000019DC1F7F080 49] LinuxAArch64Server, [0000019DC119A600][0000019DC1F831C0 49] Android, [0000019DC1120700][0000019DC1F8B340 49] Android_Low, [0000019DC1199B00][0000019DC1F8F4C0 49] Android_Mid, [0000019DC1203A00][0000019DC1F93640 49] Android_High, [0000019DC1151C00][0000019DC1F977C0 49] Android_Default, [0000019DC1202100][0000019DC36C1940 49] Android_Adreno4xx, [0000019DC1152700][0000019DC36C5AC0 49] Android_Adreno5xx_Low, [0000019DC1200B00][0000019DC36C80C0 49] Android_Adreno5xx, [0000019DC1152D00][0000019DC36CC240 49] Android_Adreno6xx, [0000019DC1201200][0000019DC36D03C0 49] Android_Adreno6xx_Vulkan, [0000019DC1152800][0000019DC36D4540 49] Android_Mali_T6xx, [0000019DC1203200][0000019DC36D86C0 49] Android_Mali_T7xx, [0000019DC1152E00][0000019DC36DC840 49] Android_Mali_T8xx, [0000019DC1202500][0000019DC36E09C0 49] Android_Mali_G71, [0000019DC1153E00][0000019DC36E4B40 49] Android_Mali_G72, [0000019DC1202A00][0000019DC36E8CC0 49] Android_Mali_G72_Vulkan, [0000019DC1151B00][0000019DC36ECE40 49] Android_Mali_G76, [0000019DC1201B00][0000019DC1F86F80 49] Android_Mali_G76_Vulkan, [0000019DC1153D00][0000019DC36F10C0 49] Android_Mali_G77, [0000019DC1202D00][0000019DC36F5200 49] Android_Mali_G77_Vulkan, [0000019DC1153900][0000019DC36F9340 49] Android_Mali_G78, [0000019DC1200D00][0000019DC37014C0 49] Android_Mali_G78_Vulkan, [0000019DC1150500][0000019DC3705640 49] Android_Mali_G710, [0000019DC1202B00][0000019DC37097C0 49] Android_Mali_G710_Vulkan, [0000019DC1153500][0000019DC370D940 49] Android_Vulkan_SM5, [0000019DC1203400][0000019DC3711AC0 49] Android_PowerVR_G6xxx, [0000019DC1152400][0000019DC37140C0 49] Android_PowerVR_GT7xxx, [0000019DC1203C00][0000019DC3718240 49] Android_PowerVR_GE8xxx, [0000019DC1152200][0000019DC371C3C0 49] Android_PowerVR_GM9xxx, [0000019DC1203000][0000019DC3720540 49] Android_PowerVR_GM9xxx_Vulkan, [0000019DC1151500][0000019DC37246C0 49] Android_TegraK1, [0000019DC1201100][0000019DC3728840 49] Android_Unknown_Vulkan, [0000019DC119BD00][0000019DC372C9C0 49] Lumin, [0000019DC1202900][0000019DC2374B40 49] Lumin_Desktop, [0000019DC119BE00][0000019DC2378CC0 49] HoloLens, 
[2026.05.10-01.45.41:371][  0]LogMeshReduction: Using QuadricMeshReduction for automatic static mesh reduction
[2026.05.10-01.45.41:371][  0]LogMeshReduction: Using SimplygonMeshReduction for automatic skeletal mesh reduction
[2026.05.10-01.45.41:371][  0]LogMeshReduction: Using ProxyLODMeshReduction for automatic mesh merging
[2026.05.10-01.45.41:371][  0]LogMeshReduction: No distributed automatic mesh merging module available
[2026.05.10-01.45.41:371][  0]LogMeshMerging: No distributed automatic mesh merging module available
[2026.05.10-01.45.41:384][  0]LogNetVersion: Facade 1.0.0, NetCL: 17155196, EngineNetVer: 17, GameNetVer: 0 (Checksum: 3346877052)
[2026.05.10-01.45.41:679][  0]LogTexture: Default maximum texture size for cubemaps generated from long-lat sources has been changed from 512 to unlimited. In order to preserve old behaiour for '/Engine/MapTemplates/Sky/DaylightAmbientCubemap.DaylightAmbientCubemap', its maximum texture size has been explicitly set to 512.
[2026.05.10-01.45.41:725][  0]LogHMD: PokeAHoleMaterial loaded successfully
[2026.05.10-01.45.41:731][  0]LogUObjectArray: 17178 objects as part of root set at end of initial load.
[2026.05.10-01.45.41:731][  0]LogUObjectAllocator: 4302048 out of 0 bytes used by permanent object pool.
[2026.05.10-01.45.41:731][  0]LogUObjectArray: CloseDisregardForGC: 0/0 objects in disregard for GC pool
[2026.05.10-01.45.41:975][  0]LogNiagaraDebuggerClient: Niagara Debugger Client Initialized | Session: BBDE1BBA4372E4C31A055DA6CBA04A50 | Instance: CAECEB1C4DD6963F601A06A212634D6A (LAPTOP-590ECT4E-17772).
[2026.05.10-01.45.42:090][  0]LogPython: Using Python 3.7.7
[2026.05.10-01.45.42:455][  0]LogTcpMessaging: Initializing TcpMessaging bridge
[2026.05.10-01.45.42:462][  0]LogUdpMessaging: Initializing bridge on interface 0.0.0.0:0 to multicast group 230.0.0.1:6666.
[2026.05.10-01.45.42:790][  0]SourceControl: El control de código fuente está desactivado
[2026.05.10-01.45.42:790][  0]SourceControl: El control de código fuente está desactivado
[2026.05.10-01.45.42:793][  0]SourceControl: El control de código fuente está desactivado
[2026.05.10-01.45.42:795][  0]SourceControl: El control de código fuente está desactivado
[2026.05.10-01.45.42:802][  0]SourceControl: El control de código fuente está desactivado
[2026.05.10-01.45.42:805][  0]LogUProjectInfo: Found projects:
[2026.05.10-01.45.42:949][  0]LogOpenImageDenoise: OIDN starting up
[2026.05.10-01.45.42:960][  0]LogAndroidPermission: UAndroidPermissionCallbackProxy::GetInstance
[2026.05.10-01.45.42:979][  0]LogAudioCaptureCore: Display: No Audio Capture implementations found. Audio input will be silent.
[2026.05.10-01.45.42:979][  0]LogAudioCaptureCore: Display: No Audio Capture implementations found. Audio input will be silent.
[2026.05.10-01.45.43:081][  0]LogCollectionManager: Loaded 0 collections in 0.000992 seconds
[2026.05.10-01.45.43:108][  0]LogFileCache: Scanning file cache for directory 'C:/Users/2026/Documents/Unreal Projects/Facade/Saved/Collections/' took 0.00s
[2026.05.10-01.45.43:108][  0]LogFileCache: Scanning file cache for directory 'C:/Users/2026/Documents/Unreal Projects/Facade/Content/Developers/2026/Collections/' took 0.00s
[2026.05.10-01.45.43:108][  0]LogFileCache: Scanning file cache for directory 'C:/Users/2026/Documents/Unreal Projects/Facade/Content/Collections/' took 0.00s
[2026.05.10-01.45.43:108][  0]LogOcInput: OculusInput pre-init called
[2026.05.10-01.45.43:303][  0]LogEngine: Initializing Engine...
[2026.05.10-01.45.43:305][  0]LogHMD: Failed to enumerate extensions. Please check that you have a valid OpenXR runtime installed.
[2026.05.10-01.45.43:305][  0]LogHMD: Failed to initialize OpenVR with code 110
[2026.05.10-01.45.43:305][  0]LogMagicLeap: Warning: VR disabled because ZI is not enabled.  To enable, in the editor, Edit -> Project Settings -> Plugins -> Magic Leap Plugin -> Enable Zero Iteration
[2026.05.10-01.45.43:306][  0]LogStats: UGameplayTagsManager::InitializeManager -  0.000 s
[2026.05.10-01.45.43:397][  0]LogInit: Initializing FReadOnlyCVARCache
[2026.05.10-01.45.43:406][  0]LogAIModule: Creating AISystem for world Untitled
[2026.05.10-01.45.43:406][  0]LogAudio: Display: Initializing Audio Device Manager...
[2026.05.10-01.45.43:409][  0]LogAudio: Display: Loading Default Audio Settings Objects...
[2026.05.10-01.45.43:410][  0]LogAudio: Display: No default SoundConcurrencyObject specified (or failed to load).
[2026.05.10-01.45.43:410][  0]LogAudio: Display: Audio Device Manager Initialized
[2026.05.10-01.45.43:410][  0]LogAudio: Display: Creating Audio Device:                 Id: 1, Scope: Shared, Realtime: True
[2026.05.10-01.45.43:410][  0]LogAudioMixer: Display: Audio Mixer Platform Settings:
[2026.05.10-01.45.43:410][  0]LogAudioMixer: Display: 	Sample Rate:						  48000
[2026.05.10-01.45.43:410][  0]LogAudioMixer: Display: 	Callback Buffer Frame Size Requested: 1024
[2026.05.10-01.45.43:410][  0]LogAudioMixer: Display: 	Callback Buffer Frame Size To Use:	  1024
[2026.05.10-01.45.43:410][  0]LogAudioMixer: Display: 	Number of buffers to queue:			  2
[2026.05.10-01.45.43:410][  0]LogAudioMixer: Display: 	Max Channels (voices):				  32
[2026.05.10-01.45.43:410][  0]LogAudioMixer: Display: 	Number of Async Source Workers:		  0
[2026.05.10-01.45.43:410][  0]LogAudio: Display: AudioDevice MaxSources: 32
[2026.05.10-01.45.43:410][  0]LogAudio: Display: Audio Spatialization Plugin: None (built-in).
[2026.05.10-01.45.43:410][  0]LogAudio: Display: Audio Reverb Plugin: None (built-in).
[2026.05.10-01.45.43:410][  0]LogAudio: Display: Audio Occlusion Plugin: None (built-in).
[2026.05.10-01.45.43:410][  0]LogAudioMixer: Display: Initializing audio mixer.
[2026.05.10-01.45.43:421][  0]LogAudioMixer: Display: 0: FrontLeft
[2026.05.10-01.45.43:421][  0]LogAudioMixer: Display: 1: FrontRight
[2026.05.10-01.45.43:542][  0]LogAudioMixer: Display: Using Audio Device Speakers (Realtek(R) Audio)
[2026.05.10-01.45.43:546][  0]LogAudioMixer: Display: Initializing Sound Submixes...
[2026.05.10-01.45.43:547][  0]LogAudioMixer: Display: Creating Master Submix 'MasterSubmixDefault'
[2026.05.10-01.45.43:548][  0]LogAudioMixer: Display: Creating Master Submix 'MasterReverbSubmixDefault'
[2026.05.10-01.45.43:548][  0]LogAudioMixer: Display: Creating Master Submix 'MasterEQSubmixDefault'
[2026.05.10-01.45.43:548][  0]LogAudioMixer: FMixerPlatformXAudio2::StartAudioStream() called
[2026.05.10-01.45.43:548][  0]LogAudioMixer: Display: Output buffers initialized: Frames=1024, Channels=2, Samples=2048
[2026.05.10-01.45.43:551][  0]LogAudioMixer: Display: Starting AudioMixerPlatformInterface::RunInternal()
[2026.05.10-01.45.43:551][  0]LogAudioMixer: Display: FMixerPlatformXAudio2::SubmitBuffer() called for the first time
[2026.05.10-01.45.43:551][  0]LogInit: FAudioDevice initialized.
[2026.05.10-01.45.43:551][  0]LogAudio: Display: Audio Device (ID: 1) registered with world 'Untitled'.
[2026.05.10-01.45.43:551][  0]LogNetVersion: Set ProjectVersion to 1.0.0.0. Version Checksum will be recalculated on next use.
[2026.05.10-01.45.43:612][  0]LogDerivedDataCache: Saved boot cache 0.06s 95MB C:/Users/2026/AppData/Local/UnrealEngine/4.27/DerivedDataCache/Boot.ddc.
[2026.05.10-01.45.43:613][  0]LogInit: Texture streaming: Enabled
[2026.05.10-01.45.43:627][  0]LogAnalytics: Display: [UEEditor.Rocket.Release] APIServer = https://datarouter.ol.epicgames.com/. AppVersion = 4.27.2-18319896+++UE4+Release-4.27
[2026.05.10-01.45.43:630][  0]LogEngineSessionManager: EngineSessionManager initialized
[2026.05.10-01.45.43:630][  0]LogEditorSessionSummary: Verbose: Initializing EditorSessionSummaryWriter for editor session tracking
[2026.05.10-01.45.43:632][  0]LogEditorSessionSummary: EditorSessionSummaryWriter initialized
[2026.05.10-01.45.43:657][  0]LogInit: Transaction tracking system initialized
[2026.05.10-01.45.43:676][  0]BlueprintLog: New page: Cargar el editor
[2026.05.10-01.45.43:730][  0]LocalizationService: Localization service is disabled
[2026.05.10-01.45.43:754][  0]TimingProfiler: Initialize
[2026.05.10-01.45.43:755][  0]TimingProfiler: OnSessionChanged
[2026.05.10-01.45.43:755][  0]LoadingProfiler: Initialize
[2026.05.10-01.45.43:755][  0]LoadingProfiler: OnSessionChanged
[2026.05.10-01.45.43:755][  0]NetworkingProfiler: Initialize
[2026.05.10-01.45.43:755][  0]NetworkingProfiler: OnSessionChanged
[2026.05.10-01.45.43:755][  0]MemoryProfiler: Initialize
[2026.05.10-01.45.43:755][  0]MemoryProfiler: OnSessionChanged
[2026.05.10-01.45.43:877][  0]LogCook: Display: CookSettings for Memory: MemoryMaxUsedVirtual 0MiB, MemoryMaxUsedPhysical 16384MiB, MemoryMinFreeVirtual 0MiB, MemoryMinFreePhysical 1024MiB
[2026.05.10-01.45.43:878][  0]LogCook: Display: Mobile HDR setting 1
[2026.05.10-01.45.43:995][  0]LogFileCache: Scanning file cache for directory 'C:/Users/2026/Documents/Unreal Projects/Facade/Content/' took 0.00s
[2026.05.10-01.45.44:175][  0]LogInit: Display: Engine is initialized. Leaving FEngineLoop::Init()
[2026.05.10-01.45.44:178][  0]SourceControl: El control de código fuente está desactivado
[2026.05.10-01.45.44:178][  0]LogUnrealEdMisc: Loading editor; pre map load, took 5.711
[2026.05.10-01.45.44:178][  0]Cmd: MAP LOAD FILE="../../../../../../Users/2026/Documents/Unreal Projects/Facade/Content/TwinStickCPP/Maps/TwinStickExampleMap.umap" TEMPLATE=0 SHOWPROGRESS=1 FEATURELEVEL=3
[2026.05.10-01.45.44:185][  0]LightingResults: New page: Diseñar la iluminación
[2026.05.10-01.45.44:186][  0]LogWorld: UWorld::CleanupWorld for Untitled, bSessionEnded=true, bCleanupResources=true
[2026.05.10-01.45.44:186][  0]LogSlate: InvalidateAllWidgets triggered.  All widgets were invalidated
[2026.05.10-01.45.44:186][  0]MapCheck: New page: Revisión del mapa
[2026.05.10-01.45.44:186][  0]LightingResults: New page: Diseñar la iluminación
[2026.05.10-01.45.44:189][  0]LogAudio: Display: Audio Device unregistered from world 'None'.
[2026.05.10-01.45.44:193][  0]LogUObjectHash: Compacting FUObjectHashTables data took   0.62ms
[2026.05.10-01.45.44:280][  0]LogAudio: Display: Audio Device (ID: 1) registered with world 'TwinStickExampleMap'.
[2026.05.10-01.45.44:280][  0]LogAIModule: Creating AISystem for world TwinStickExampleMap
[2026.05.10-01.45.44:285][  0]LogEditorServer: Finished looking for orphan Actors (0.000 secs)
[2026.05.10-01.45.44:316][  0]LogUObjectHash: Compacting FUObjectHashTables data took   0.58ms
[2026.05.10-01.45.44:316][  0]Cmd: MAP CHECKDEP NOCLEARLOG
[2026.05.10-01.45.44:318][  0]MapCheck: Map check complete: 0 Error(s), 0 Warning(s), took 0,233ms to complete.
[2026.05.10-01.45.44:318][  0]LogFileHelpers: Loading map 'TwinStickExampleMap' took 0.140
[2026.05.10-01.45.44:324][  0]LogUnrealEdMisc: Total Editor Startup Time, took 5.857
[2026.05.10-01.45.44:427][  0]LogSlate: Updating window title bar state: overlay mode, drag disabled, window buttons hidden, title bar hidden
[2026.05.10-01.45.44:431][  0]LogSlate: Updating window title bar state: overlay mode, drag disabled, window buttons hidden, title bar hidden
[2026.05.10-01.45.44:436][  0]LogSlate: Updating window title bar state: overlay mode, drag disabled, window buttons hidden, title bar hidden
[2026.05.10-01.45.44:440][  0]LogSlate: Updating window title bar state: overlay mode, drag disabled, window buttons hidden, title bar hidden
[2026.05.10-01.45.44:457][  0]LogNativeClassHierarchy: Verbose: Native class hierarchy populated in 0.0111 seconds. Added 3829 classes and 930 folders.
[2026.05.10-01.45.44:459][  0]LogNativeClassHierarchy: Verbose: Native class hierarchy updated for 'WidgetCarousel' in 0.0005 seconds. Added 0 classes and 0 folders.
[2026.05.10-01.45.44:461][  0]LogPakFile: PakFile PrimaryIndexSize=187
[2026.05.10-01.45.44:461][  0]LogPakFile: PakFile PathHashIndexSize=101
[2026.05.10-01.45.44:461][  0]LogPakFile: PakFile FullDirectoryIndexSize=148
[2026.05.10-01.45.44:461][  0]LogShaderLibrary: Display: ShaderCodeLibraryPakFileMountedCallback: PakFile 'C:/Program Files/Epic Games/UE_4.27/FeaturePacks/FP_FirstPerson.upack' (chunk index -1, root 'root:/') mounted
[2026.05.10-01.45.44:461][  0]LogShaderLibrary: Display: ShaderCodeLibraryPakFileMountedCallback: pending pak file info (ChunkID:-1 Root:root:/ File:C:/Program Files/Epic Games/UE_4.27/FeaturePacks/FP_FirstPerson.upack)
[2026.05.10-01.45.44:461][  0]LogPakFile: OnPakFileMounted2Time == 0.000043
[2026.05.10-01.45.44:462][  0]LogPakFile: PakFile PrimaryIndexSize=189
[2026.05.10-01.45.44:462][  0]LogPakFile: PakFile PathHashIndexSize=101
[2026.05.10-01.45.44:462][  0]LogPakFile: PakFile FullDirectoryIndexSize=152
[2026.05.10-01.45.44:462][  0]LogShaderLibrary: Display: ShaderCodeLibraryPakFileMountedCallback: PakFile 'C:/Program Files/Epic Games/UE_4.27/FeaturePacks/FP_FirstPersonBP.upack' (chunk index -1, root 'root:/') mounted
[2026.05.10-01.45.44:462][  0]LogShaderLibrary: Display: ShaderCodeLibraryPakFileMountedCallback: pending pak file info (ChunkID:-1 Root:root:/ File:C:/Program Files/Epic Games/UE_4.27/FeaturePacks/FP_FirstPersonBP.upack)
[2026.05.10-01.45.44:462][  0]LogPakFile: OnPakFileMounted2Time == 0.000026
[2026.05.10-01.45.44:462][  0]LogPakFile: PakFile PrimaryIndexSize=191
[2026.05.10-01.45.44:462][  0]LogPakFile: PakFile PathHashIndexSize=101
[2026.05.10-01.45.44:462][  0]LogPakFile: PakFile FullDirectoryIndexSize=160
[2026.05.10-01.45.44:462][  0]LogShaderLibrary: Display: ShaderCodeLibraryPakFileMountedCallback: PakFile 'C:/Program Files/Epic Games/UE_4.27/FeaturePacks/MobileStarterContent.upack' (chunk index -1, root 'root:/') mounted
[2026.05.10-01.45.44:462][  0]LogShaderLibrary: Display: ShaderCodeLibraryPakFileMountedCallback: pending pak file info (ChunkID:-1 Root:root:/ File:C:/Program Files/Epic Games/UE_4.27/FeaturePacks/MobileStarterContent.upack)
[2026.05.10-01.45.44:462][  0]LogPakFile: OnPakFileMounted2Time == 0.000028
[2026.05.10-01.45.44:462][  0]LogPakFile: PakFile PrimaryIndexSize=185
[2026.05.10-01.45.44:462][  0]LogPakFile: PakFile PathHashIndexSize=101
[2026.05.10-01.45.44:462][  0]LogPakFile: PakFile FullDirectoryIndexSize=148
[2026.05.10-01.45.44:462][  0]LogShaderLibrary: Display: ShaderCodeLibraryPakFileMountedCallback: PakFile 'C:/Program Files/Epic Games/UE_4.27/FeaturePacks/StarterContent.upack' (chunk index -1, root 'root:/') mounted
[2026.05.10-01.45.44:462][  0]LogShaderLibrary: Display: ShaderCodeLibraryPakFileMountedCallback: pending pak file info (ChunkID:-1 Root:root:/ File:C:/Program Files/Epic Games/UE_4.27/FeaturePacks/StarterContent.upack)
[2026.05.10-01.45.44:462][  0]LogPakFile: OnPakFileMounted2Time == 0.000021
[2026.05.10-01.45.44:463][  0]LogPakFile: PakFile PrimaryIndexSize=190
[2026.05.10-01.45.44:463][  0]LogPakFile: PakFile PathHashIndexSize=101
[2026.05.10-01.45.44:463][  0]LogPakFile: PakFile FullDirectoryIndexSize=154
[2026.05.10-01.45.44:463][  0]LogShaderLibrary: Display: ShaderCodeLibraryPakFileMountedCallback: PakFile 'C:/Program Files/Epic Games/UE_4.27/FeaturePacks/TP_2DSideScroller.upack' (chunk index -1, root 'root:/') mounted
[2026.05.10-01.45.44:463][  0]LogShaderLibrary: Display: ShaderCodeLibraryPakFileMountedCallback: pending pak file info (ChunkID:-1 Root:root:/ File:C:/Program Files/Epic Games/UE_4.27/FeaturePacks/TP_2DSideScroller.upack)
[2026.05.10-01.45.44:463][  0]LogPakFile: OnPakFileMounted2Time == 0.000019
[2026.05.10-01.45.44:463][  0]LogPakFile: PakFile PrimaryIndexSize=192
[2026.05.10-01.45.44:463][  0]LogPakFile: PakFile PathHashIndexSize=101
[2026.05.10-01.45.44:463][  0]LogPakFile: PakFile FullDirectoryIndexSize=158
[2026.05.10-01.45.44:463][  0]LogShaderLibrary: Display: ShaderCodeLibraryPakFileMountedCallback: PakFile 'C:/Program Files/Epic Games/UE_4.27/FeaturePacks/TP_2DSideScrollerBP.upack' (chunk index -1, root 'root:/') mounted
[2026.05.10-01.45.44:463][  0]LogShaderLibrary: Display: ShaderCodeLibraryPakFileMountedCallback: pending pak file info (ChunkID:-1 Root:root:/ File:C:/Program Files/Epic Games/UE_4.27/FeaturePacks/TP_2DSideScrollerBP.upack)
[2026.05.10-01.45.44:463][  0]LogPakFile: OnPakFileMounted2Time == 0.000019
[2026.05.10-01.45.44:463][  0]LogPakFile: PakFile PrimaryIndexSize=182
[2026.05.10-01.45.44:463][  0]LogPakFile: PakFile PathHashIndexSize=101
[2026.05.10-01.45.44:463][  0]LogPakFile: PakFile FullDirectoryIndexSize=138
[2026.05.10-01.45.44:463][  0]LogShaderLibrary: Display: ShaderCodeLibraryPakFileMountedCallback: PakFile 'C:/Program Files/Epic Games/UE_4.27/FeaturePacks/TP_Flying.upack' (chunk index -1, root 'root:/') mounted
[2026.05.10-01.45.44:463][  0]LogShaderLibrary: Display: ShaderCodeLibraryPakFileMountedCallback: pending pak file info (ChunkID:-1 Root:root:/ File:C:/Program Files/Epic Games/UE_4.27/FeaturePacks/TP_Flying.upack)
[2026.05.10-01.45.44:463][  0]LogPakFile: OnPakFileMounted2Time == 0.000031
[2026.05.10-01.45.44:464][  0]LogPakFile: PakFile PrimaryIndexSize=184
[2026.05.10-01.45.44:464][  0]LogPakFile: PakFile PathHashIndexSize=101
[2026.05.10-01.45.44:464][  0]LogPakFile: PakFile FullDirectoryIndexSize=142
[2026.05.10-01.45.44:464][  0]LogShaderLibrary: Display: ShaderCodeLibraryPakFileMountedCallback: PakFile 'C:/Program Files/Epic Games/UE_4.27/FeaturePacks/TP_FlyingBP.upack' (chunk index -1, root 'root:/') mounted
[2026.05.10-01.45.44:464][  0]LogShaderLibrary: Display: ShaderCodeLibraryPakFileMountedCallback: pending pak file info (ChunkID:-1 Root:root:/ File:C:/Program Files/Epic Games/UE_4.27/FeaturePacks/TP_FlyingBP.upack)
[2026.05.10-01.45.44:464][  0]LogPakFile: OnPakFileMounted2Time == 0.000022
[2026.05.10-01.45.44:464][  0]LogPakFile: PakFile PrimaryIndexSize=188
[2026.05.10-01.45.44:464][  0]LogPakFile: PakFile PathHashIndexSize=101
[2026.05.10-01.45.44:464][  0]LogPakFile: PakFile FullDirectoryIndexSize=150
[2026.05.10-01.45.44:464][  0]LogShaderLibrary: Display: ShaderCodeLibraryPakFileMountedCallback: PakFile 'C:/Program Files/Epic Games/UE_4.27/FeaturePacks/TP_HandheldARBP.upack' (chunk index -1, root 'root:/') mounted
[2026.05.10-01.45.44:464][  0]LogShaderLibrary: Display: ShaderCodeLibraryPakFileMountedCallback: pending pak file info (ChunkID:-1 Root:root:/ File:C:/Program Files/Epic Games/UE_4.27/FeaturePacks/TP_HandheldARBP.upack)
[2026.05.10-01.45.44:464][  0]LogPakFile: OnPakFileMounted2Time == 0.000019
[2026.05.10-01.45.44:465][  0]LogPakFile: PakFile PrimaryIndexSize=182
[2026.05.10-01.45.44:465][  0]LogPakFile: PakFile PathHashIndexSize=101
[2026.05.10-01.45.44:465][  0]LogPakFile: PakFile FullDirectoryIndexSize=138
[2026.05.10-01.45.44:465][  0]LogShaderLibrary: Display: ShaderCodeLibraryPakFileMountedCallback: PakFile 'C:/Program Files/Epic Games/UE_4.27/FeaturePacks/TP_Puzzle.upack' (chunk index -1, root 'root:/') mounted
[2026.05.10-01.45.44:465][  0]LogShaderLibrary: Display: ShaderCodeLibraryPakFileMountedCallback: pending pak file info (ChunkID:-1 Root:root:/ File:C:/Program Files/Epic Games/UE_4.27/FeaturePacks/TP_Puzzle.upack)
[2026.05.10-01.45.44:465][  0]LogPakFile: OnPakFileMounted2Time == 0.000020
[2026.05.10-01.45.44:465][  0]LogPakFile: PakFile PrimaryIndexSize=184
[2026.05.10-01.45.44:465][  0]LogPakFile: PakFile PathHashIndexSize=101
[2026.05.10-01.45.44:465][  0]LogPakFile: PakFile FullDirectoryIndexSize=142
[2026.05.10-01.45.44:465][  0]LogShaderLibrary: Display: ShaderCodeLibraryPakFileMountedCallback: PakFile 'C:/Program Files/Epic Games/UE_4.27/FeaturePacks/TP_PuzzleBP.upack' (chunk index -1, root 'root:/') mounted
[2026.05.10-01.45.44:465][  0]LogShaderLibrary: Display: ShaderCodeLibraryPakFileMountedCallback: pending pak file info (ChunkID:-1 Root:root:/ File:C:/Program Files/Epic Games/UE_4.27/FeaturePacks/TP_PuzzleBP.upack)
[2026.05.10-01.45.44:465][  0]LogPakFile: OnPakFileMounted2Time == 0.000019
[2026.05.10-01.45.44:465][  0]LogPakFile: PakFile PrimaryIndexSize=183
[2026.05.10-01.45.44:465][  0]LogPakFile: PakFile PathHashIndexSize=101
[2026.05.10-01.45.44:465][  0]LogPakFile: PakFile FullDirectoryIndexSize=140
[2026.05.10-01.45.44:465][  0]LogShaderLibrary: Display: ShaderCodeLibraryPakFileMountedCallback: PakFile 'C:/Program Files/Epic Games/UE_4.27/FeaturePacks/TP_Rolling.upack' (chunk index -1, root 'root:/') mounted
[2026.05.10-01.45.44:465][  0]LogShaderLibrary: Display: ShaderCodeLibraryPakFileMountedCallback: pending pak file info (ChunkID:-1 Root:root:/ File:C:/Program Files/Epic Games/UE_4.27/FeaturePacks/TP_Rolling.upack)
[2026.05.10-01.45.44:465][  0]LogPakFile: OnPakFileMounted2Time == 0.000019
[2026.05.10-01.45.44:466][  0]LogPakFile: PakFile PrimaryIndexSize=185
[2026.05.10-01.45.44:466][  0]LogPakFile: PakFile PathHashIndexSize=101
[2026.05.10-01.45.44:466][  0]LogPakFile: PakFile FullDirectoryIndexSize=144
[2026.05.10-01.45.44:466][  0]LogShaderLibrary: Display: ShaderCodeLibraryPakFileMountedCallback: PakFile 'C:/Program Files/Epic Games/UE_4.27/FeaturePacks/TP_RollingBP.upack' (chunk index -1, root 'root:/') mounted
[2026.05.10-01.45.44:466][  0]LogShaderLibrary: Display: ShaderCodeLibraryPakFileMountedCallback: pending pak file info (ChunkID:-1 Root:root:/ File:C:/Program Files/Epic Games/UE_4.27/FeaturePacks/TP_RollingBP.upack)
[2026.05.10-01.45.44:466][  0]LogPakFile: OnPakFileMounted2Time == 0.000019
[2026.05.10-01.45.44:467][  0]LogPakFile: PakFile PrimaryIndexSize=188
[2026.05.10-01.45.44:467][  0]LogPakFile: PakFile PathHashIndexSize=101
[2026.05.10-01.45.44:467][  0]LogPakFile: PakFile FullDirectoryIndexSize=150
[2026.05.10-01.45.44:467][  0]LogShaderLibrary: Display: ShaderCodeLibraryPakFileMountedCallback: PakFile 'C:/Program Files/Epic Games/UE_4.27/FeaturePacks/TP_SideScroller.upack' (chunk index -1, root 'root:/') mounted
[2026.05.10-01.45.44:467][  0]LogShaderLibrary: Display: ShaderCodeLibraryPakFileMountedCallback: pending pak file info (ChunkID:-1 Root:root:/ File:C:/Program Files/Epic Games/UE_4.27/FeaturePacks/TP_SideScroller.upack)
[2026.05.10-01.45.44:467][  0]LogPakFile: OnPakFileMounted2Time == 0.000020
[2026.05.10-01.45.44:467][  0]LogPakFile: PakFile PrimaryIndexSize=190
[2026.05.10-01.45.44:467][  0]LogPakFile: PakFile PathHashIndexSize=101
[2026.05.10-01.45.44:467][  0]LogPakFile: PakFile FullDirectoryIndexSize=154
[2026.05.10-01.45.44:467][  0]LogShaderLibrary: Display: ShaderCodeLibraryPakFileMountedCallback: PakFile 'C:/Program Files/Epic Games/UE_4.27/FeaturePacks/TP_SideScrollerBP.upack' (chunk index -1, root 'root:/') mounted
[2026.05.10-01.45.44:467][  0]LogShaderLibrary: Display: ShaderCodeLibraryPakFileMountedCallback: pending pak file info (ChunkID:-1 Root:root:/ File:C:/Program Files/Epic Games/UE_4.27/FeaturePacks/TP_SideScrollerBP.upack)
[2026.05.10-01.45.44:467][  0]LogPakFile: OnPakFileMounted2Time == 0.000028
[2026.05.10-01.45.44:467][  0]LogPakFile: PakFile PrimaryIndexSize=187
[2026.05.10-01.45.44:467][  0]LogPakFile: PakFile PathHashIndexSize=101
[2026.05.10-01.45.44:467][  0]LogPakFile: PakFile FullDirectoryIndexSize=148
[2026.05.10-01.45.44:467][  0]LogShaderLibrary: Display: ShaderCodeLibraryPakFileMountedCallback: PakFile 'C:/Program Files/Epic Games/UE_4.27/FeaturePacks/TP_ThirdPerson.upack' (chunk index -1, root 'root:/') mounted
[2026.05.10-01.45.44:467][  0]LogShaderLibrary: Display: ShaderCodeLibraryPakFileMountedCallback: pending pak file info (ChunkID:-1 Root:root:/ File:C:/Program Files/Epic Games/UE_4.27/FeaturePacks/TP_ThirdPerson.upack)
[2026.05.10-01.45.44:467][  0]LogPakFile: OnPakFileMounted2Time == 0.000043
[2026.05.10-01.45.44:468][  0]LogPakFile: PakFile PrimaryIndexSize=189
[2026.05.10-01.45.44:468][  0]LogPakFile: PakFile PathHashIndexSize=101
[2026.05.10-01.45.44:468][  0]LogPakFile: PakFile FullDirectoryIndexSize=152
[2026.05.10-01.45.44:468][  0]LogShaderLibrary: Display: ShaderCodeLibraryPakFileMountedCallback: PakFile 'C:/Program Files/Epic Games/UE_4.27/FeaturePacks/TP_ThirdPersonBP.upack' (chunk index -1, root 'root:/') mounted
[2026.05.10-01.45.44:468][  0]LogShaderLibrary: Display: ShaderCodeLibraryPakFileMountedCallback: pending pak file info (ChunkID:-1 Root:root:/ File:C:/Program Files/Epic Games/UE_4.27/FeaturePacks/TP_ThirdPersonBP.upack)
[2026.05.10-01.45.44:468][  0]LogPakFile: OnPakFileMounted2Time == 0.000022
[2026.05.10-01.45.44:468][  0]LogPakFile: PakFile PrimaryIndexSize=183
[2026.05.10-01.45.44:468][  0]LogPakFile: PakFile PathHashIndexSize=101
[2026.05.10-01.45.44:468][  0]LogPakFile: PakFile FullDirectoryIndexSize=140
[2026.05.10-01.45.44:468][  0]LogShaderLibrary: Display: ShaderCodeLibraryPakFileMountedCallback: PakFile 'C:/Program Files/Epic Games/UE_4.27/FeaturePacks/TP_TopDown.upack' (chunk index -1, root 'root:/') mounted
[2026.05.10-01.45.44:468][  0]LogShaderLibrary: Display: ShaderCodeLibraryPakFileMountedCallback: pending pak file info (ChunkID:-1 Root:root:/ File:C:/Program Files/Epic Games/UE_4.27/FeaturePacks/TP_TopDown.upack)
[2026.05.10-01.45.44:468][  0]LogPakFile: OnPakFileMounted2Time == 0.000026
[2026.05.10-01.45.44:469][  0]LogPakFile: PakFile PrimaryIndexSize=185
[2026.05.10-01.45.44:469][  0]LogPakFile: PakFile PathHashIndexSize=101
[2026.05.10-01.45.44:469][  0]LogPakFile: PakFile FullDirectoryIndexSize=144
[2026.05.10-01.45.44:469][  0]LogShaderLibrary: Display: ShaderCodeLibraryPakFileMountedCallback: PakFile 'C:/Program Files/Epic Games/UE_4.27/FeaturePacks/TP_TopDownBP.upack' (chunk index -1, root 'root:/') mounted
[2026.05.10-01.45.44:469][  0]LogShaderLibrary: Display: ShaderCodeLibraryPakFileMountedCallback: pending pak file info (ChunkID:-1 Root:root:/ File:C:/Program Files/Epic Games/UE_4.27/FeaturePacks/TP_TopDownBP.upack)
[2026.05.10-01.45.44:469][  0]LogPakFile: OnPakFileMounted2Time == 0.000019
[2026.05.10-01.45.44:469][  0]LogPakFile: PakFile PrimaryIndexSize=185
[2026.05.10-01.45.44:469][  0]LogPakFile: PakFile PathHashIndexSize=101
[2026.05.10-01.45.44:469][  0]LogPakFile: PakFile FullDirectoryIndexSize=144
[2026.05.10-01.45.44:469][  0]LogShaderLibrary: Display: ShaderCodeLibraryPakFileMountedCallback: PakFile 'C:/Program Files/Epic Games/UE_4.27/FeaturePacks/TP_TwinStick.upack' (chunk index -1, root 'root:/') mounted
[2026.05.10-01.45.44:469][  0]LogShaderLibrary: Display: ShaderCodeLibraryPakFileMountedCallback: pending pak file info (ChunkID:-1 Root:root:/ File:C:/Program Files/Epic Games/UE_4.27/FeaturePacks/TP_TwinStick.upack)
[2026.05.10-01.45.44:469][  0]LogPakFile: OnPakFileMounted2Time == 0.000019
[2026.05.10-01.45.44:469][  0]LogPakFile: PakFile PrimaryIndexSize=187
[2026.05.10-01.45.44:469][  0]LogPakFile: PakFile PathHashIndexSize=101
[2026.05.10-01.45.44:469][  0]LogPakFile: PakFile FullDirectoryIndexSize=148
[2026.05.10-01.45.44:469][  0]LogShaderLibrary: Display: ShaderCodeLibraryPakFileMountedCallback: PakFile 'C:/Program Files/Epic Games/UE_4.27/FeaturePacks/TP_TwinStickBP.upack' (chunk index -1, root 'root:/') mounted
[2026.05.10-01.45.44:469][  0]LogShaderLibrary: Display: ShaderCodeLibraryPakFileMountedCallback: pending pak file info (ChunkID:-1 Root:root:/ File:C:/Program Files/Epic Games/UE_4.27/FeaturePacks/TP_TwinStickBP.upack)
[2026.05.10-01.45.44:469][  0]LogPakFile: OnPakFileMounted2Time == 0.000019
[2026.05.10-01.45.44:470][  0]LogPakFile: PakFile PrimaryIndexSize=183
[2026.05.10-01.45.44:470][  0]LogPakFile: PakFile PathHashIndexSize=101
[2026.05.10-01.45.44:470][  0]LogPakFile: PakFile FullDirectoryIndexSize=140
[2026.05.10-01.45.44:470][  0]LogShaderLibrary: Display: ShaderCodeLibraryPakFileMountedCallback: PakFile 'C:/Program Files/Epic Games/UE_4.27/FeaturePacks/TP_Vehicle.upack' (chunk index -1, root 'root:/') mounted
[2026.05.10-01.45.44:470][  0]LogShaderLibrary: Display: ShaderCodeLibraryPakFileMountedCallback: pending pak file info (ChunkID:-1 Root:root:/ File:C:/Program Files/Epic Games/UE_4.27/FeaturePacks/TP_Vehicle.upack)
[2026.05.10-01.45.44:470][  0]LogPakFile: OnPakFileMounted2Time == 0.000021
[2026.05.10-01.45.44:470][  0]LogPakFile: PakFile PrimaryIndexSize=186
[2026.05.10-01.45.44:470][  0]LogPakFile: PakFile PathHashIndexSize=101
[2026.05.10-01.45.44:470][  0]LogPakFile: PakFile FullDirectoryIndexSize=146
[2026.05.10-01.45.44:470][  0]LogShaderLibrary: Display: ShaderCodeLibraryPakFileMountedCallback: PakFile 'C:/Program Files/Epic Games/UE_4.27/FeaturePacks/TP_VehicleAdv.upack' (chunk index -1, root 'root:/') mounted
[2026.05.10-01.45.44:470][  0]LogShaderLibrary: Display: ShaderCodeLibraryPakFileMountedCallback: pending pak file info (ChunkID:-1 Root:root:/ File:C:/Program Files/Epic Games/UE_4.27/FeaturePacks/TP_VehicleAdv.upack)
[2026.05.10-01.45.44:470][  0]LogPakFile: OnPakFileMounted2Time == 0.000020
[2026.05.10-01.45.44:470][  0]LogPakFile: PakFile PrimaryIndexSize=188
[2026.05.10-01.45.44:470][  0]LogPakFile: PakFile PathHashIndexSize=101
[2026.05.10-01.45.44:470][  0]LogPakFile: PakFile FullDirectoryIndexSize=150
[2026.05.10-01.45.44:470][  0]LogShaderLibrary: Display: ShaderCodeLibraryPakFileMountedCallback: PakFile 'C:/Program Files/Epic Games/UE_4.27/FeaturePacks/TP_VehicleAdvBP.upack' (chunk index -1, root 'root:/') mounted
[2026.05.10-01.45.44:470][  0]LogShaderLibrary: Display: ShaderCodeLibraryPakFileMountedCallback: pending pak file info (ChunkID:-1 Root:root:/ File:C:/Program Files/Epic Games/UE_4.27/FeaturePacks/TP_VehicleAdvBP.upack)
[2026.05.10-01.45.44:470][  0]LogPakFile: OnPakFileMounted2Time == 0.000019
[2026.05.10-01.45.44:470][  0]LogPakFile: PakFile PrimaryIndexSize=185
[2026.05.10-01.45.44:471][  0]LogPakFile: PakFile PathHashIndexSize=101
[2026.05.10-01.45.44:471][  0]LogPakFile: PakFile FullDirectoryIndexSize=144
[2026.05.10-01.45.44:471][  0]LogShaderLibrary: Display: ShaderCodeLibraryPakFileMountedCallback: PakFile 'C:/Program Files/Epic Games/UE_4.27/FeaturePacks/TP_VehicleBP.upack' (chunk index -1, root 'root:/') mounted
[2026.05.10-01.45.44:471][  0]LogShaderLibrary: Display: ShaderCodeLibraryPakFileMountedCallback: pending pak file info (ChunkID:-1 Root:root:/ File:C:/Program Files/Epic Games/UE_4.27/FeaturePacks/TP_VehicleBP.upack)
[2026.05.10-01.45.44:471][  0]LogPakFile: OnPakFileMounted2Time == 0.000021
[2026.05.10-01.45.44:471][  0]LogPakFile: PakFile PrimaryIndexSize=192
[2026.05.10-01.45.44:471][  0]LogPakFile: PakFile PathHashIndexSize=101
[2026.05.10-01.45.44:471][  0]LogPakFile: PakFile FullDirectoryIndexSize=158
[2026.05.10-01.45.44:471][  0]LogShaderLibrary: Display: ShaderCodeLibraryPakFileMountedCallback: PakFile 'C:/Program Files/Epic Games/UE_4.27/FeaturePacks/TP_VirtualRealityBP.upack' (chunk index -1, root 'root:/') mounted
[2026.05.10-01.45.44:471][  0]LogShaderLibrary: Display: ShaderCodeLibraryPakFileMountedCallback: pending pak file info (ChunkID:-1 Root:root:/ File:C:/Program Files/Epic Games/UE_4.27/FeaturePacks/TP_VirtualRealityBP.upack)
[2026.05.10-01.45.44:471][  0]LogPakFile: OnPakFileMounted2Time == 0.000019
[2026.05.10-01.45.44:502][  0]LogNativeClassHierarchy: Verbose: Native class hierarchy updated for 'AddContentDialog' in 0.0003 seconds. Added 0 classes and 0 folders.
[2026.05.10-01.45.44:503][  0]LogNativeClassHierarchy: Verbose: Native class hierarchy updated for 'SceneOutliner' in 0.0002 seconds. Added 2 classes and 0 folders.
[2026.05.10-01.45.44:722][  0]LogSlate: Took 0.000163 seconds to synchronously load lazily loaded font '../../../Engine/Content/Slate/Fonts/Roboto-Regular.ttf' (155K)
[2026.05.10-01.45.44:723][  0]LogSlate: Took 0.000144 seconds to synchronously load lazily loaded font '../../../Engine/Content/Editor/Slate/Fonts/FontAwesome.ttf' (139K)
[2026.05.10-01.45.44:724][  0]LogSlate: Took 0.000148 seconds to synchronously load lazily loaded font '../../../Engine/Content/Slate/Fonts/Roboto-Bold.ttf' (160K)
[2026.05.10-01.45.44:770][  0]LogRenderer: Reallocating scene render targets to support 1128x488 Format 10 NumSamples 1 (Frame:1).
[2026.05.10-01.45.44:808][  0]LogSlate: Took 0.000354 seconds to synchronously load lazily loaded font '../../../Engine/Content/Slate/Fonts/Roboto-Light.ttf' (167K)
[2026.05.10-01.45.44:939][  0]LogNativeClassHierarchy: Verbose: Native class hierarchy updated for 'HierarchicalLODOutliner' in 0.0005 seconds. Added 0 classes and 0 folders.
[2026.05.10-01.45.44:939][  0]LogLoad: (Engine Initialization) Total time: 6.47 seconds
[2026.05.10-01.45.44:939][  0]LogLoad: (Engine Initialization) Total Blueprint compile time: 0.00 seconds
[2026.05.10-01.45.44:984][  0]LogAssetRegistry: Asset discovery search completed in 3.9173 seconds
[2026.05.10-01.45.44:989][  0]LogCollectionManager: Fixed up redirectors for 0 collections in 0.000003 seconds (updated 0 objects)
[2026.05.10-01.45.44:990][  0]LogContentStreaming: Texture pool size now 1000 MB
[2026.05.10-01.45.49:899][525]LogTemp: Repeating last play command: Simulate
[2026.05.10-01.45.49:905][525]LogPlayLevel: PlayLevel: No blueprints needed recompiling
[2026.05.10-01.45.49:907][525]PIE: New page: Sesión SIE (simulación en el editor): TwinStickExampleMap (9 may. 2026 17:45:49)
[2026.05.10-01.45.49:909][525]LogOnline: OSS: Creating online subsystem instance for: NULL
[2026.05.10-01.45.49:911][525]LogOnline: OSS: TryLoadSubsystemAndSetDefault: Loaded subsystem for module [NULL]
[2026.05.10-01.45.49:911][525]LogPlayLevel: Creating play world package: /Game/TwinStickCPP/Maps/UEDPIE_0_TwinStickExampleMap
[2026.05.10-01.45.49:929][525]LogPlayLevel: PIE: StaticDuplicateObject took: (0.016896s)
[2026.05.10-01.45.49:930][525]LogAIModule: Creating AISystem for world TwinStickExampleMap
[2026.05.10-01.45.49:930][525]LogPlayLevel: PIE: World Init took: (0.001195s)
[2026.05.10-01.45.49:930][525]LogPlayLevel: PIE: Created PIE world by copying editor world from /Game/TwinStickCPP/Maps/TwinStickExampleMap.TwinStickExampleMap to /Game/TwinStickCPP/Maps/UEDPIE_0_TwinStickExampleMap.TwinStickExampleMap (0.018451s)
[2026.05.10-01.45.49:941][525]LogUObjectHash: Compacting FUObjectHashTables data took   0.71ms
[2026.05.10-01.45.49:941][525]LogAudio: Display: Creating Audio Device:                 Id: 2, Scope: Unique, Realtime: True
[2026.05.10-01.45.49:941][525]LogAudioMixer: Display: Audio Mixer Platform Settings:
[2026.05.10-01.45.49:941][525]LogAudioMixer: Display: 	Sample Rate:						  48000
[2026.05.10-01.45.49:941][525]LogAudioMixer: Display: 	Callback Buffer Frame Size Requested: 1024
[2026.05.10-01.45.49:941][525]LogAudioMixer: Display: 	Callback Buffer Frame Size To Use:	  1024
[2026.05.10-01.45.49:941][525]LogAudioMixer: Display: 	Number of buffers to queue:			  2
[2026.05.10-01.45.49:941][525]LogAudioMixer: Display: 	Max Channels (voices):				  32
[2026.05.10-01.45.49:941][525]LogAudioMixer: Display: 	Number of Async Source Workers:		  0
[2026.05.10-01.45.49:941][525]LogAudio: Display: AudioDevice MaxSources: 32
[2026.05.10-01.45.49:941][525]LogAudio: Display: Audio Spatialization Plugin: None (built-in).
[2026.05.10-01.45.49:941][525]LogAudio: Display: Audio Reverb Plugin: None (built-in).
[2026.05.10-01.45.49:941][525]LogAudio: Display: Audio Occlusion Plugin: None (built-in).
[2026.05.10-01.45.49:941][525]LogAudioMixer: Display: Initializing audio mixer.
[2026.05.10-01.45.49:944][525]LogAudioMixer: Display: 0: FrontLeft
[2026.05.10-01.45.49:944][525]LogAudioMixer: Display: 1: FrontRight
[2026.05.10-01.45.49:984][525]LogAudioMixer: Display: Using Audio Device Speakers (Realtek(R) Audio)
[2026.05.10-01.45.49:986][525]LogAudioMixer: Display: Initializing Sound Submixes...
[2026.05.10-01.45.49:986][525]LogAudioMixer: Display: Creating Master Submix 'MasterSubmixDefault'
[2026.05.10-01.45.49:986][525]LogAudioMixer: Display: Creating Master Submix 'MasterReverbSubmixDefault'
[2026.05.10-01.45.49:986][525]LogAudioMixer: Display: Creating Master Submix 'MasterEQSubmixDefault'
[2026.05.10-01.45.49:986][525]LogAudioMixer: FMixerPlatformXAudio2::StartAudioStream() called
[2026.05.10-01.45.49:986][525]LogAudioMixer: Display: Output buffers initialized: Frames=1024, Channels=2, Samples=2048
[2026.05.10-01.45.49:988][525]LogAudioMixer: Display: Starting AudioMixerPlatformInterface::RunInternal()
[2026.05.10-01.45.49:988][525]LogAudioMixer: Display: FMixerPlatformXAudio2::SubmitBuffer() called for the first time
[2026.05.10-01.45.49:988][525]LogInit: FAudioDevice initialized.
[2026.05.10-01.45.49:988][525]LogAudio: Display: Audio Device (ID: 2) registered with world 'TwinStickExampleMap'.
[2026.05.10-01.45.49:998][525]LogLoad: Game class is 'FacadeGameMode'
[2026.05.10-01.45.50:001][525]LogWorld: Bringing World /Game/TwinStickCPP/Maps/UEDPIE_0_TwinStickExampleMap.TwinStickExampleMap up for play (max tick rate 0) at 2026.05.09-21.45.50
[2026.05.10-01.45.50:001][525]LogWorld: Bringing up level for play took: 0.001082
[2026.05.10-01.45.50:001][525]LogOnline: OSS: Creating online subsystem instance for: :Context_6
[2026.05.10-01.45.50:007][525]LogNativeClassHierarchy: Verbose: Native class hierarchy updated for 'MovieSceneCapture' in 0.0006 seconds. Added 20 classes and 0 folders.
[2026.05.10-01.45.50:008][525]PIE: El servidor ha iniciado la sesión
[2026.05.10-01.45.50:011][525]PIE: Play in editor total start time 0,108 seconds.
[2026.05.10-01.45.55:049][110]LogSlate: Updating window title bar state: overlay mode, drag disabled, window buttons hidden, title bar hidden
[2026.05.10-01.45.55:049][110]LogWorld: BeginTearingDown for /Game/TwinStickCPP/Maps/UEDPIE_0_TwinStickExampleMap
[2026.05.10-01.45.55:050][110]LogWorld: UWorld::CleanupWorld for TwinStickExampleMap, bSessionEnded=true, bCleanupResources=true
[2026.05.10-01.45.55:050][110]LogSlate: InvalidateAllWidgets triggered.  All widgets were invalidated
[2026.05.10-01.45.55:059][110]LogPlayLevel: Display: Shutting down PIE online subsystems
[2026.05.10-01.45.55:062][110]LogSlate: InvalidateAllWidgets triggered.  All widgets were invalidated
[2026.05.10-01.45.55:066][110]LogAudio: Display: Audio Device unregistered from world 'None'.
[2026.05.10-01.45.55:066][110]LogAudioMixer: FMixerPlatformXAudio2::StopAudioStream() called
[2026.05.10-01.45.55:069][110]LogAudioMixer: FMixerPlatformXAudio2::StopAudioStream() called
[2026.05.10-01.45.55:070][110]LogSlate: Updating window title bar state: overlay mode, drag disabled, window buttons hidden, title bar hidden
[2026.05.10-01.45.55:072][110]LogUObjectHash: Compacting FUObjectHashTables data took   0.48ms
[2026.05.10-01.45.55:122][114]LogPlayLevel: Display: Destroying online subsystem :Context_6
[2026.05.10-01.46.20:072][ 59]LogVSAccessor: Warning: Couldn't open file 'C:/Users/2026/Documents/Unreal Projects/Facade/Source/Facade/Enemigo_Terrestre.cpp'.
[2026.05.10-02.15.04:145][211]LogHttp: Warning: 0000019D891A0100: invalid HTTP response code received. URL: https://datarouter.ol.epicgames.com/datarouter/api/v1/public/data?SessionID=%7B79D01BCC-4F47-7A84-EB5B-D5AF369EE036%7D&AppID=UEEditor.Rocket.Release&AppVersion=4.27.2-18319896%2B%2B%2BUE4%2BRelease-4.27&UserID=d975ae6d41715b51fd3ecba185d3fc09%7C8a858a74adcc4c86aa7ca686176ab5bb%7C90f712fe-2f61-4f5c-8f94-fd0757457318&AppEnvironment=datacollector-binary&UploadType=eteventstream, HTTP code: 0, content length: 0, actual payload size: 0
[2026.05.10-02.15.04:146][211]LogHttp: Warning: 0000019D891A0100: request failed, libcurl error: 56 (Failure when receiving data from the peer)
[2026.05.10-02.15.04:146][211]LogHttp: Warning: 0000019D891A0100: libcurl info message cache 0 (Found bundle for host datarouter.ol.epicgames.com: 0x19da2163eb0 [can pipeline])
[2026.05.10-02.15.04:146][211]LogHttp: Warning: 0000019D891A0100: libcurl info message cache 1 (Re-using existing connection! (#0) with host datarouter.ol.epicgames.com)
[2026.05.10-02.15.04:146][211]LogHttp: Warning: 0000019D891A0100: libcurl info message cache 2 (Connected to datarouter.ol.epicgames.com (13.216.223.117) port 443 (#0))
[2026.05.10-02.15.04:146][211]LogHttp: Warning: 0000019D891A0100: libcurl info message cache 3 (TLSv1.3 (OUT), TLS Unknown, Unknown (23):)
[2026.05.10-02.15.04:146][211]LogHttp: Warning: 0000019D891A0100: libcurl info message cache 4 (TLSv1.3 (OUT), TLS Unknown, Unknown (23):)
[2026.05.10-02.15.04:146][211]LogHttp: Warning: 0000019D891A0100: libcurl info message cache 5 (We are completely uploaded and fine)
[2026.05.10-02.15.04:146][211]LogHttp: Warning: 0000019D891A0100: libcurl info message cache 6 (OpenSSL SSL_read: SSL_ERROR_SYSCALL, errno 10054)
[2026.05.10-02.15.04:146][211]LogHttp: Warning: 0000019D891A0100: libcurl info message cache 7 (Connection died, retrying a fresh connect)
[2026.05.10-02.15.04:146][211]LogHttp: Warning: 0000019D891A0100: libcurl info message cache 8 (necessary data rewind wasn't possible)
[2026.05.10-02.15.04:146][211]LogHttp: Warning: 0000019D891A0100: libcurl info message cache 9 (Closing connection 0)
[2026.05.10-02.15.04:146][211]LogHttp: Warning: 0000019D891A0100: libcurl info message cache 10 (TLSv1.3 (OUT), TLS Unknown, Unknown (21):)
[2026.05.10-02.15.04:483][212]LogHttp: Warning: Retry exhausted on https://datarouter.ol.epicgames.com/datarouter/api/v1/public/data?SessionID=%7B79D01BCC-4F47-7A84-EB5B-D5AF369EE036%7D&AppID=UEEditor.Rocket.Release&AppVersion=4.27.2-18319896%2B%2B%2BUE4%2BRelease-4.27&UserID=d975ae6d41715b51fd3ecba185d3fc09%7C8a858a74adcc4c86aa7ca686176ab5bb%7C90f712fe-2f61-4f5c-8f94-fd0757457318&AppEnvironment=datacollector-binary&UploadType=eteventstream
[2026.05.10-03.14.33:224][ 14]LogUObjectHash: Compacting FUObjectHashTables data took   5.31ms
[2026.05.10-03.14.33:301][ 14]LogSlate: Window 'Facade - Unreal Editor' being destroyed
[2026.05.10-03.14.33:496][ 15]Cmd: QUIT_EDITOR
[2026.05.10-03.14.33:496][ 15]LogCore: Engine exit requested (reason: UUnrealEdEngine::CloseEditor())
[2026.05.10-03.14.33:504][ 15]LogCore: Engine exit requested (reason: EngineExit() was called; note: exit was already requested)
[2026.05.10-03.14.34:500][ 15]LogAudio: Display: Beginning Audio Device Manager Shutdown (Module: AudioMixerXAudio2)...
[2026.05.10-03.14.34:500][ 15]LogAudio: Display: Destroying 1 Remaining Audio Device(s)...
[2026.05.10-03.14.34:500][ 15]LogAudio: Display: Audio Device unregistered from world 'TwinStickExampleMap'.
[2026.05.10-03.14.34:500][ 15]LogAudioMixer: FMixerPlatformXAudio2::StopAudioStream() called
[2026.05.10-03.14.34:505][ 15]LogAudioMixer: FMixerPlatformXAudio2::StopAudioStream() called
[2026.05.10-03.14.34:527][ 15]LogAudio: Display: Audio Device Manager Shutdown
[2026.05.10-03.14.34:528][ 15]LogWindowsTextInputMethodSystem: Display: IME system deactivated.
[2026.05.10-03.14.34:543][ 15]LogExit: Preparing to exit.
[2026.05.10-03.14.35:144][ 15]LogUObjectHash: Compacting FUObjectHashTables data took   1.29ms
[2026.05.10-03.14.35:374][ 15]LogActorComponent: UnregisterComponent: (None.None) Not registered. Aborting.
[2026.05.10-03.14.35:374][ 15]LogActorComponent: UnregisterComponent: (None.None) Not registered. Aborting.
[2026.05.10-03.14.35:374][ 15]LogActorComponent: UnregisterComponent: (None.None) Not registered. Aborting.
[2026.05.10-03.14.35:374][ 15]LogActorComponent: UnregisterComponent: (None.None) Not registered. Aborting.
[2026.05.10-03.14.35:374][ 15]LogActorComponent: UnregisterComponent: (None.None) Not registered. Aborting.
[2026.05.10-03.14.35:374][ 15]LogActorComponent: UnregisterComponent: (None.None) Not registered. Aborting.
[2026.05.10-03.14.35:374][ 15]LogActorComponent: UnregisterComponent: (None.None) Not registered. Aborting.
[2026.05.10-03.14.35:374][ 15]LogWorld: UWorld::CleanupWorld for None, bSessionEnded=true, bCleanupResources=true
[2026.05.10-03.14.35:374][ 15]LogActorComponent: UnregisterComponent: (None.None) Not registered. Aborting.
[2026.05.10-03.14.35:374][ 15]LogActorComponent: UnregisterComponent: (None.None) Not registered. Aborting.
[2026.05.10-03.14.35:374][ 15]LogActorComponent: UnregisterComponent: (None.None) Not registered. Aborting.
[2026.05.10-03.14.35:374][ 15]LogActorComponent: UnregisterComponent: (None.None) Not registered. Aborting.
[2026.05.10-03.14.35:374][ 15]LogActorComponent: UnregisterComponent: (None.None) Not registered. Aborting.
[2026.05.10-03.14.35:374][ 15]LogActorComponent: UnregisterComponent: (None.None) Not registered. Aborting.
[2026.05.10-03.14.35:374][ 15]LogActorComponent: UnregisterComponent: (None.None) Not registered. Aborting.
[2026.05.10-03.14.35:374][ 15]LogWorld: UWorld::CleanupWorld for None, bSessionEnded=true, bCleanupResources=true
[2026.05.10-03.14.35:374][ 15]LogActorComponent: UnregisterComponent: (None.None) Not registered. Aborting.
[2026.05.10-03.14.35:374][ 15]LogActorComponent: UnregisterComponent: (None.None) Not registered. Aborting.
[2026.05.10-03.14.35:374][ 15]LogActorComponent: UnregisterComponent: (None.None) Not registered. Aborting.
[2026.05.10-03.14.35:374][ 15]LogActorComponent: UnregisterComponent: (None.None) Not registered. Aborting.
[2026.05.10-03.14.35:374][ 15]LogActorComponent: UnregisterComponent: (None.None) Not registered. Aborting.
[2026.05.10-03.14.35:375][ 15]LogActorComponent: UnregisterComponent: (None.None) Not registered. Aborting.
[2026.05.10-03.14.35:375][ 15]LogActorComponent: UnregisterComponent: (None.None) Not registered. Aborting.
[2026.05.10-03.14.35:375][ 15]LogWorld: UWorld::CleanupWorld for None, bSessionEnded=true, bCleanupResources=true
[2026.05.10-03.14.35:375][ 15]LogActorComponent: UnregisterComponent: (None.None) Not registered. Aborting.
[2026.05.10-03.14.35:375][ 15]LogActorComponent: UnregisterComponent: (None.None) Not registered. Aborting.
[2026.05.10-03.14.35:375][ 15]LogActorComponent: UnregisterComponent: (None.None) Not registered. Aborting.
[2026.05.10-03.14.35:375][ 15]LogActorComponent: UnregisterComponent: (None.None) Not registered. Aborting.
[2026.05.10-03.14.35:375][ 15]LogActorComponent: UnregisterComponent: (None.None) Not registered. Aborting.
[2026.05.10-03.14.35:375][ 15]LogActorComponent: UnregisterComponent: (None.None) Not registered. Aborting.
[2026.05.10-03.14.35:375][ 15]LogActorComponent: UnregisterComponent: (None.None) Not registered. Aborting.
[2026.05.10-03.14.35:375][ 15]LogWorld: UWorld::CleanupWorld for None, bSessionEnded=true, bCleanupResources=true
[2026.05.10-03.14.35:375][ 15]LogActorComponent: UnregisterComponent: (None.None) Not registered. Aborting.
[2026.05.10-03.14.35:375][ 15]LogActorComponent: UnregisterComponent: (None.None) Not registered. Aborting.
[2026.05.10-03.14.35:375][ 15]LogActorComponent: UnregisterComponent: (None.None) Not registered. Aborting.
[2026.05.10-03.14.35:375][ 15]LogActorComponent: UnregisterComponent: (None.None) Not registered. Aborting.
[2026.05.10-03.14.35:375][ 15]LogActorComponent: UnregisterComponent: (None.None) Not registered. Aborting.
[2026.05.10-03.14.35:375][ 15]LogActorComponent: UnregisterComponent: (None.None) Not registered. Aborting.
[2026.05.10-03.14.35:375][ 15]LogActorComponent: UnregisterComponent: (None.None) Not registered. Aborting.
[2026.05.10-03.14.35:375][ 15]LogWorld: UWorld::CleanupWorld for None, bSessionEnded=true, bCleanupResources=true
[2026.05.10-03.14.35:446][ 15]LogWorld: UWorld::CleanupWorld for None, bSessionEnded=true, bCleanupResources=true
[2026.05.10-03.14.35:448][ 15]LogExit: Editor shut down
[2026.05.10-03.14.35:449][ 15]LogExit: Transaction tracking system shut down
[2026.05.10-03.14.35:473][ 15]LogDemo: Cleaned up 0 splitscreen connections with owner deletion
[2026.05.10-03.14.35:978][ 15]LogExit: Object subsystem successfully closed.
[2026.05.10-03.14.36:021][ 15]LogShaderCompilers: Display: === FShaderJobCache stats ===
[2026.05.10-03.14.36:021][ 15]LogShaderCompilers: Display: Total job queries 0, among them cache hits 0 (0.00%)
[2026.05.10-03.14.36:021][ 15]LogShaderCompilers: Display: Tracking 0 distinct input hashes that result in 0 distinct outputs (0.00%)
[2026.05.10-03.14.36:023][ 15]LogShaderCompilers: Display: RAM used: 0.00 MB (0.00 GB) of 819.20 MB (0.80 GB) budget. Usage: 0.00%
[2026.05.10-03.14.36:023][ 15]LogShaderCompilers: Display: ================================================
[2026.05.10-03.14.36:051][ 15]LogShaderCompilers: Display: Shaders left to compile 0
[2026.05.10-03.14.36:141][ 15]LogModuleManager: Shutting down and abandoning module MovieSceneCapture (876)
[2026.05.10-03.14.36:141][ 15]LogModuleManager: Shutting down and abandoning module Voice (874)
[2026.05.10-03.14.36:142][ 15]LogModuleManager: Shutting down and abandoning module HierarchicalLODOutliner (872)
[2026.05.10-03.14.36:142][ 15]LogModuleManager: Shutting down and abandoning module SceneOutliner (870)
[2026.05.10-03.14.36:142][ 15]LogModuleManager: Shutting down and abandoning module AddContentDialog (868)
[2026.05.10-03.14.36:145][ 15]LogModuleManager: Shutting down and abandoning module WidgetCarousel (867)
[2026.05.10-03.14.36:145][ 15]LogModuleManager: Shutting down and abandoning module EditorWidgets (864)
[2026.05.10-03.14.36:145][ 15]LogModuleManager: Shutting down and abandoning module StatsViewer (862)
[2026.05.10-03.14.36:145][ 15]LogModuleManager: Shutting down and abandoning module PIEPreviewDeviceProfileSelector (860)
[2026.05.10-03.14.36:146][ 15]LogModuleManager: Shutting down and abandoning module SequenceRecorderSections (858)
[2026.05.10-03.14.36:146][ 15]LogModuleManager: Shutting down and abandoning module AutomationWorker (856)
[2026.05.10-03.14.36:146][ 15]LogModuleManager: Shutting down and abandoning module SteamVREditor (854)
[2026.05.10-03.14.36:146][ 15]LogModuleManager: Shutting down and abandoning module OculusMR (852)
[2026.05.10-03.14.36:146][ 15]LogModuleManager: Shutting down and abandoning module OpenXRInput (850)
[2026.05.10-03.14.36:148][ 15]LogModuleManager: Shutting down and abandoning module GooglePADEditor (848)
[2026.05.10-03.14.36:148][ 15]LogModuleManager: Shutting down and abandoning module TakeRecorderSources (846)
[2026.05.10-03.14.36:150][ 15]LogModuleManager: Shutting down and abandoning module TakeRecorder (845)
[2026.05.10-03.14.36:151][ 15]LogModuleManager: Shutting down and abandoning module TakeTrackRecorders (842)
[2026.05.10-03.14.36:152][ 15]LogModuleManager: Shutting down and abandoning module TakesCore (840)
[2026.05.10-03.14.36:152][ 15]LogModuleManager: Shutting down and abandoning module AudioCaptureEditor (838)
[2026.05.10-03.14.36:152][ 15]LogModuleManager: Shutting down and abandoning module TemplateSequenceEditor (836)
[2026.05.10-03.14.36:153][ 15]LogModuleManager: Shutting down and abandoning module LevelSequenceEditor (834)
[2026.05.10-03.14.36:154][ 15]LogModuleManager: Shutting down and abandoning module MatineeToLevelSequence (832)
[2026.05.10-03.14.36:154][ 15]LogModuleManager: Shutting down and abandoning module ActorSequenceEditor (830)
[2026.05.10-03.14.36:155][ 15]LogModuleManager: Shutting down and abandoning module PlanarCut (828)
[2026.05.10-03.14.36:156][ 15]LogModuleManager: Shutting down and abandoning module WmfMediaFactory (826)
[2026.05.10-03.14.36:156][ 15]LogModuleManager: Shutting down and abandoning module WmfMediaEditor (824)
[2026.05.10-03.14.36:156][ 15]LogModuleManager: Shutting down and abandoning module WebMMediaFactory (822)
[2026.05.10-03.14.36:156][ 15]LogModuleManager: Shutting down and abandoning module WebMMediaEditor (820)
[2026.05.10-03.14.36:156][ 15]LogModuleManager: Shutting down and abandoning module WebMMedia (818)
[2026.05.10-03.14.36:156][ 15]LogModuleManager: Shutting down and abandoning module MediaPlayerEditor (816)
[2026.05.10-03.14.36:157][ 15]LogModuleManager: Shutting down and abandoning module MediaCompositingEditor (814)
[2026.05.10-03.14.36:158][ 15]LogModuleManager: Shutting down and abandoning module SequenceRecorder (813)
[2026.05.10-03.14.36:158][ 15]LogModuleManager: Shutting down and abandoning module OpenExrWrapper (810)
[2026.05.10-03.14.36:159][ 15]LogModuleManager: Shutting down and abandoning module ImgMediaFactory (808)
[2026.05.10-03.14.36:159][ 15]LogModuleManager: Shutting down and abandoning module ImgMediaEditor (806)
[2026.05.10-03.14.36:159][ 15]LogModuleManager: Shutting down and abandoning module AvfMediaFactory (804)
[2026.05.10-03.14.36:159][ 15]LogModuleManager: Shutting down and abandoning module AvfMediaEditor (802)
[2026.05.10-03.14.36:159][ 15]LogModuleManager: Shutting down and abandoning module AndroidMediaFactory (800)
[2026.05.10-03.14.36:159][ 15]LogModuleManager: Shutting down and abandoning module AndroidMediaEditor (798)
[2026.05.10-03.14.36:159][ 15]LogModuleManager: Shutting down and abandoning module MagicLeapMediaCodecFactory (796)
[2026.05.10-03.14.36:159][ 15]LogModuleManager: Shutting down and abandoning module MagicLeapMediaFactory (794)
[2026.05.10-03.14.36:159][ 15]LogModuleManager: Shutting down and abandoning module MagicLeapMediaEditor (792)
[2026.05.10-03.14.36:159][ 15]LogModuleManager: Shutting down and abandoning module CharacterAI (790)
[2026.05.10-03.14.36:159][ 15]LogModuleManager: Shutting down and abandoning module TextureAlignMode (788)
[2026.05.10-03.14.36:159][ 15]LogModuleManager: Shutting down and abandoning module BspMode (786)
[2026.05.10-03.14.36:159][ 15]LogModuleManager: Shutting down and abandoning module GeometryMode (784)
[2026.05.10-03.14.36:159][ 15]LogModuleManager: Shutting down and abandoning module CameraShakePreviewer (782)
[2026.05.10-03.14.36:160][ 15]LogModuleManager: Shutting down and abandoning module SmartSnapping (780)
[2026.05.10-03.14.36:160][ 15]LogModuleManager: Shutting down and abandoning module SessionServices (778)
[2026.05.10-03.14.36:160][ 15]LogModuleManager: Shutting down and abandoning module MeshPaint (776)
[2026.05.10-03.14.36:161][ 15]LogModuleManager: Shutting down and abandoning module VirtualTexturingEditor (774)
[2026.05.10-03.14.36:161][ 15]LogModuleManager: Shutting down and abandoning module FoliageEdit (772)
[2026.05.10-03.14.36:162][ 15]LogModuleManager: Shutting down and abandoning module LandscapeEditor (770)
[2026.05.10-03.14.36:164][ 15]LogModuleManager: Shutting down and abandoning module MeshPaintMode (768)
[2026.05.10-03.14.36:164][ 15]LogModuleManager: Shutting down and abandoning module SceneDepthPickerMode (766)
[2026.05.10-03.14.36:164][ 15]LogModuleManager: Shutting down and abandoning module ActorPickerMode (764)
[2026.05.10-03.14.36:164][ 15]LogModuleManager: Shutting down and abandoning module PlacementMode (762)
[2026.05.10-03.14.36:164][ 15]LogModuleManager: Shutting down and abandoning module ViewportSnapping (760)
[2026.05.10-03.14.36:164][ 15]LogModuleManager: Shutting down and abandoning module ViewportInteraction (758)
[2026.05.10-03.14.36:164][ 15]LogModuleManager: Shutting down and abandoning module ClothPainter (756)
[2026.05.10-03.14.36:165][ 15]LogModuleManager: Shutting down and abandoning module SkeletalMeshEditor (755)
[2026.05.10-03.14.36:166][ 15]LogModuleManager: Shutting down and abandoning module LogVisualizer (752)
[2026.05.10-03.14.36:168][ 15]LogModuleManager: Shutting down and abandoning module IntroTutorials (750)
[2026.05.10-03.14.36:168][ 15]LogModuleManager: Shutting down and abandoning module GameProjectGeneration (749)
[2026.05.10-03.14.36:169][ 15]LogModuleManager: Shutting down and abandoning module LuminPlatformEditor (746)
[2026.05.10-03.14.36:169][ 15]LogModuleManager: Shutting down and abandoning module IOSPlatformEditor (744)
[2026.05.10-03.14.36:169][ 15]LogModuleManager: Shutting down and abandoning module AndroidPlatformEditor (742)
[2026.05.10-03.14.36:169][ 15]LogModuleManager: Shutting down and abandoning module AndroidDeviceDetection (741)
[2026.05.10-03.14.36:546][ 15]LogModuleManager: Shutting down and abandoning module WindowsPlatformEditor (738)
[2026.05.10-03.14.36:546][ 15]LogModuleManager: Shutting down and abandoning module LuminRuntimeSettings (736)
[2026.05.10-03.14.36:546][ 15]LogModuleManager: Shutting down and abandoning module IOSRuntimeSettings (734)
[2026.05.10-03.14.36:546][ 15]LogModuleManager: Shutting down and abandoning module AndroidRuntimeSettings (732)
[2026.05.10-03.14.36:546][ 15]LogModuleManager: Shutting down and abandoning module TraceInsights (730)
[2026.05.10-03.14.36:549][ 15]MemoryProfiler: Shutdown
[2026.05.10-03.14.36:549][ 15]NetworkingProfiler: Shutdown
[2026.05.10-03.14.36:549][ 15]LoadingProfiler: Shutdown
[2026.05.10-03.14.36:550][ 15]TimingProfiler: Shutdown
[2026.05.10-03.14.36:552][ 15]LogModuleManager: Shutting down and abandoning module TraceServices (729)
[2026.05.10-03.14.36:554][ 15]LogModuleManager: Shutting down and abandoning module EditorInteractiveToolsFramework (726)
[2026.05.10-03.14.36:554][ 15]LogModuleManager: Shutting down and abandoning module TimeManagementEditor (724)
[2026.05.10-03.14.36:554][ 15]LogModuleManager: Shutting down and abandoning module InputBindingEditor (722)
[2026.05.10-03.14.36:554][ 15]LogModuleManager: Shutting down and abandoning module MergeActors (720)
[2026.05.10-03.14.36:554][ 15]LogModuleManager: Shutting down and abandoning module LocalizationDashboard (718)
[2026.05.10-03.14.36:556][ 15]LogModuleManager: Shutting down and abandoning module LocalizationService (717)
[2026.05.10-03.14.36:556][ 15]LogModuleManager: Shutting down and abandoning module HardwareTargeting (714)
[2026.05.10-03.14.36:556][ 15]LogModuleManager: Shutting down and abandoning module DeviceProfileEditor (712)
[2026.05.10-03.14.36:556][ 15]LogModuleManager: Shutting down and abandoning module UndoHistory (710)
[2026.05.10-03.14.36:557][ 15]LogModuleManager: Shutting down and abandoning module XmlParser (708)
[2026.05.10-03.14.36:557][ 15]LogModuleManager: Shutting down and abandoning module Blutility (706)
[2026.05.10-03.14.36:557][ 15]LogModuleManager: Shutting down and abandoning module ProjectSettingsViewer (704)
[2026.05.10-03.14.36:557][ 15]LogModuleManager: Shutting down and abandoning module ProjectTargetPlatformEditor (703)
[2026.05.10-03.14.36:558][ 15]LogModuleManager: Shutting down and abandoning module EditorSettingsViewer (700)
[2026.05.10-03.14.36:558][ 15]LogModuleManager: Shutting down and abandoning module InternationalizationSettings (699)
[2026.05.10-03.14.36:558][ 15]LogModuleManager: Shutting down and abandoning module SettingsEditor (696)
[2026.05.10-03.14.36:558][ 15]LogModuleManager: Shutting down and abandoning module ProjectLauncher (694)
[2026.05.10-03.14.36:559][ 15]LogModuleManager: Shutting down and abandoning module SessionFrontend (692)
[2026.05.10-03.14.36:559][ 15]LogModuleManager: Shutting down and abandoning module ProfilerClient (690)
[2026.05.10-03.14.36:559][ 15]LogModuleManager: Shutting down and abandoning module DeviceManager (688)
[2026.05.10-03.14.36:560][ 15]LogModuleManager: Shutting down and abandoning module TargetDeviceServices (687)
[2026.05.10-03.14.36:593][ 15]LogModuleManager: Shutting down and abandoning module AutomationController (684)
[2026.05.10-03.14.36:594][ 15]LogModuleManager: Shutting down and abandoning module AutomationWindow (682)
[2026.05.10-03.14.36:594][ 15]LogModuleManager: Shutting down and abandoning module Layers (680)
[2026.05.10-03.14.36:596][ 15]LogModuleManager: Shutting down and abandoning module ComponentVisualizers (678)
[2026.05.10-03.14.36:596][ 15]LogModuleManager: Shutting down and abandoning module DetailCustomizations (676)
[2026.05.10-03.14.36:596][ 15]LogModuleManager: Shutting down and abandoning module PackagesDialog (674)
[2026.05.10-03.14.36:598][ 15]LogModuleManager: Shutting down and abandoning module AnimationBlueprintEditor (672)
[2026.05.10-03.14.36:599][ 15]LogModuleManager: Shutting down and abandoning module Persona (670)
[2026.05.10-03.14.36:601][ 15]LogModuleManager: Shutting down and abandoning module AdvancedPreviewScene (669)
[2026.05.10-03.14.36:601][ 15]LogModuleManager: Shutting down and abandoning module AnimGraph (667)
[2026.05.10-03.14.36:601][ 15]LogModuleManager: Shutting down and abandoning module Kismet (664)
[2026.05.10-03.14.36:603][ 15]LogModuleManager: Shutting down and abandoning module KismetWidgets (663)
[2026.05.10-03.14.36:603][ 15]LogModuleManager: Shutting down and abandoning module GraphEditor (660)
[2026.05.10-03.14.36:605][ 15]LogModuleManager: Shutting down and abandoning module StructViewer (658)
[2026.05.10-03.14.36:605][ 15]LogModuleManager: Shutting down and abandoning module ClassViewer (656)
[2026.05.10-03.14.36:605][ 15]LogModuleManager: Shutting down and abandoning module Toolbox (654)
[2026.05.10-03.14.36:605][ 15]LogModuleManager: Shutting down and abandoning module ModuleUI (652)
[2026.05.10-03.14.36:605][ 15]LogModuleManager: Shutting down and abandoning module OutputLog (650)
[2026.05.10-03.14.36:606][ 15]LogModuleManager: Shutting down and abandoning module GammaUI (648)
[2026.05.10-03.14.36:607][ 15]LogModuleManager: Shutting down and abandoning module Documentation (646)
[2026.05.10-03.14.36:607][ 15]LogModuleManager: Shutting down and abandoning module LiveCoding (644)
[2026.05.10-03.14.36:607][ 15]LogModuleManager: Shutting down and abandoning module LevelSequence (642)
[2026.05.10-03.14.36:607][ 15]LogModuleManager: Shutting down and abandoning module MovieSceneTracks (640)
[2026.05.10-03.14.36:607][ 15]LogModuleManager: Shutting down and abandoning module MovieScene (638)
[2026.05.10-03.14.36:608][ 15]LogModuleManager: Shutting down and abandoning module StreamingPauseRendering (636)
[2026.05.10-03.14.36:609][ 15]LogModuleManager: Shutting down and abandoning module LauncherPlatform (634)
[2026.05.10-03.14.36:609][ 15]LogModuleManager: Shutting down and abandoning module AnalyticsET (632)
[2026.05.10-03.14.36:609][ 15]LogModuleManager: Shutting down and abandoning module PortalServices (630)
[2026.05.10-03.14.36:609][ 15]LogModuleManager: Shutting down and abandoning module PortalRpc (628)
[2026.05.10-03.14.36:609][ 15]LogModuleManager: Shutting down and abandoning module MessagingRpc (626)
[2026.05.10-03.14.36:609][ 15]LogModuleManager: Shutting down and abandoning module AudioMixerXAudio2 (624)
[2026.05.10-03.14.36:609][ 15]LogModuleManager: Shutting down and abandoning module AudioMixerCore (623)
[2026.05.10-03.14.36:609][ 15]LogModuleManager: Shutting down and abandoning module AIModule (620)
[2026.05.10-03.14.36:610][ 15]LogModuleManager: Shutting down and abandoning module GameplayDebugger (619)
[2026.05.10-03.14.36:610][ 15]LogModuleManager: Shutting down and abandoning module AITestSuite (617)
[2026.05.10-03.14.36:610][ 15]LogModuleManager: Shutting down and abandoning module NavigationSystem (615)
[2026.05.10-03.14.36:610][ 15]LogModuleManager: Shutting down and abandoning module ImageWriteQueue (612)
[2026.05.10-03.14.36:618][ 15]LogModuleManager: Shutting down and abandoning module ProfilerService (610)
[2026.05.10-03.14.36:812][ 15]LogModuleManager: Shutting down and abandoning module TaskGraph (608)
[2026.05.10-03.14.36:813][ 15]LogModuleManager: Shutting down and abandoning module AudioSynesthesiaEditor (606)
[2026.05.10-03.14.36:813][ 15]LogModuleManager: Shutting down and abandoning module OculusEditor (604)
[2026.05.10-03.14.36:815][ 15]LogModuleManager: Shutting down and abandoning module OculusInput (602)
[2026.05.10-03.14.36:815][ 15]LogModuleManager: Shutting down and abandoning module ContentBrowserClassDataSource (600)
[2026.05.10-03.14.36:815][ 15]LogModuleManager: Shutting down and abandoning module ContentBrowserFileDataSource (598)
[2026.05.10-03.14.36:815][ 15]LogModuleManager: Shutting down and abandoning module ContentBrowserAssetDataSource (596)
[2026.05.10-03.14.36:815][ 15]LogModuleManager: Shutting down and abandoning module CollectionManager (595)
[2026.05.10-03.14.36:816][ 15]LogModuleManager: Shutting down and abandoning module SynthesisEditor (592)
[2026.05.10-03.14.36:816][ 15]LogModuleManager: Shutting down and abandoning module Synthesis (590)
[2026.05.10-03.14.36:817][ 15]LogModuleManager: Shutting down and abandoning module ProceduralMeshComponentEditor (588)
[2026.05.10-03.14.36:817][ 15]LogModuleManager: Shutting down and abandoning module ProceduralMeshComponent (586)
[2026.05.10-03.14.36:817][ 15]LogModuleManager: Shutting down and abandoning module OpenXREditor (584)
[2026.05.10-03.14.36:817][ 15]LogModuleManager: Shutting down and abandoning module MobilePatchingUtils (582)
[2026.05.10-03.14.36:817][ 15]LogModuleManager: Shutting down and abandoning module GooglePAD (580)
[2026.05.10-03.14.36:817][ 15]LogModuleManager: Shutting down and abandoning module EditableMesh (578)
[2026.05.10-03.14.36:817][ 15]LogModuleManager: Shutting down and abandoning module TakeSequencer (576)
[2026.05.10-03.14.36:818][ 15]LogModuleManager: Shutting down and abandoning module TakeMovieScene (574)
[2026.05.10-03.14.36:818][ 15]LogModuleManager: Shutting down and abandoning module CustomMeshComponent (572)
[2026.05.10-03.14.36:818][ 15]LogModuleManager: Shutting down and abandoning module CableComponent (570)
[2026.05.10-03.14.36:818][ 15]LogModuleManager: Shutting down and abandoning module AudioCapture (568)
[2026.05.10-03.14.36:818][ 15]LogModuleManager: Shutting down and abandoning module AudioCaptureRtAudio (567)
[2026.05.10-03.14.36:818][ 15]LogModuleManager: Shutting down and abandoning module AssetTags (564)
[2026.05.10-03.14.36:818][ 15]LogModuleManager: Shutting down and abandoning module ArchVisCharacter (562)
[2026.05.10-03.14.36:818][ 15]LogModuleManager: Shutting down and abandoning module AppleImageUtilsBlueprintSupport (560)
[2026.05.10-03.14.36:818][ 15]LogModuleManager: Shutting down and abandoning module AppleImageUtils (558)
[2026.05.10-03.14.36:818][ 15]LogModuleManager: Shutting down and abandoning module AndroidPermission (556)
[2026.05.10-03.14.36:818][ 15]LogModuleManager: Shutting down and abandoning module ActorLayerUtilitiesEditor (554)
[2026.05.10-03.14.36:818][ 15]LogModuleManager: Shutting down and abandoning module ActorLayerUtilities (552)
[2026.05.10-03.14.36:818][ 15]LogModuleManager: Shutting down and abandoning module ScreenshotTools (550)
[2026.05.10-03.14.36:818][ 15]LogModuleManager: Shutting down and abandoning module TemplateSequence (548)
[2026.05.10-03.14.36:818][ 15]LogModuleManager: Shutting down and abandoning module OpenImageDenoise (546)
[2026.05.10-03.14.36:818][ 15]LogOpenImageDenoise: OIDN shutting down
[2026.05.10-03.14.36:818][ 15]LogModuleManager: Shutting down and abandoning module MotoSynthEditor (544)
[2026.05.10-03.14.36:818][ 15]LogModuleManager: Shutting down and abandoning module MotoSynth (542)
[2026.05.10-03.14.36:818][ 15]LogModuleManager: Shutting down and abandoning module MeshConversion (540)
[2026.05.10-03.14.36:819][ 15]LogModuleManager: Shutting down and abandoning module DynamicMesh (538)
[2026.05.10-03.14.36:819][ 15]LogModuleManager: Shutting down and abandoning module GeometryAlgorithms (536)
[2026.05.10-03.14.36:820][ 15]LogModuleManager: Shutting down and abandoning module GeometricObjects (534)
[2026.05.10-03.14.36:820][ 15]LogModuleManager: Shutting down and abandoning module MediaCompositing (532)
[2026.05.10-03.14.36:820][ 15]LogModuleManager: Shutting down and abandoning module ImgMedia (530)
[2026.05.10-03.14.36:820][ 15]LogModuleManager: Shutting down and abandoning module GeometryCollectionTracks (528)
[2026.05.10-03.14.36:820][ 15]LogModuleManager: Shutting down and abandoning module GeometryCollectionSequencer (527)
[2026.05.10-03.14.36:820][ 15]LogModuleManager: Shutting down and abandoning module GeometryCollectionEditor (524)
[2026.05.10-03.14.36:820][ 15]LogModuleManager: Shutting down and abandoning module GeometryCacheTracks (522)
[2026.05.10-03.14.36:820][ 15]LogModuleManager: Shutting down and abandoning module GeometryCacheStreamer (520)
[2026.05.10-03.14.36:820][ 15]LogModuleManager: Shutting down and abandoning module GeometryCacheSequencer (518)
[2026.05.10-03.14.36:820][ 15]LogModuleManager: Shutting down and abandoning module MagicLeapSharedWorld (516)
[2026.05.10-03.14.36:820][ 15]LogModuleManager: Shutting down and abandoning module MagicLeapLightEstimation (514)
[2026.05.10-03.14.36:820][ 15]LogModuleManager: Shutting down and abandoning module ChaosSolverEditor (512)
[2026.05.10-03.14.36:820][ 15]LogModuleManager: Shutting down and abandoning module MagicLeapHelperVulkan (510)
[2026.05.10-03.14.36:820][ 15]LogModuleManager: Shutting down and abandoning module MagicLeapHelperOpenGL (508)
[2026.05.10-03.14.36:820][ 15]LogModuleManager: Shutting down and abandoning module MagicLeapAudio (506)
[2026.05.10-03.14.36:821][ 15]LogModuleManager: Shutting down and abandoning module ChaosNiagara (504)
[2026.05.10-03.14.36:821][ 15]LogModuleManager: Shutting down and abandoning module FractureEditor (502)
[2026.05.10-03.14.36:822][ 15]LogModuleManager: Shutting down and abandoning module FieldSystemEngine (501)
[2026.05.10-03.14.36:822][ 15]LogModuleManager: Shutting down and abandoning module ChaosClothEditor (498)
[2026.05.10-03.14.36:823][ 15]LogModuleManager: Shutting down and abandoning module AutomationUtilsEditor (496)
[2026.05.10-03.14.36:823][ 15]LogModuleManager: Shutting down and abandoning module AutomationUtils (494)
[2026.05.10-03.14.36:823][ 15]LogModuleManager: Shutting down and abandoning module BackChannel (492)
[2026.05.10-03.14.36:823][ 15]LogModuleManager: Shutting down and abandoning module UObjectPlugin (490)
[2026.05.10-03.14.36:823][ 15]LogModuleManager: Shutting down and abandoning module VisualStudioCodeSourceCodeAccess (488)
[2026.05.10-03.14.36:823][ 15]LogModuleManager: Shutting down and abandoning module AlembicImporter (486)
[2026.05.10-03.14.36:823][ 15]LogModuleManager: Shutting down and abandoning module AlembicLibrary (485)
[2026.05.10-03.14.36:823][ 15]LogModuleManager: Shutting down and abandoning module GeometryCache (484)
[2026.05.10-03.14.36:823][ 15]LogModuleManager: Shutting down and abandoning module GeometryCacheEd (483)
[2026.05.10-03.14.36:823][ 15]LogModuleManager: Shutting down and abandoning module VisualStudioSourceCodeAccess (478)
[2026.05.10-03.14.36:823][ 15]LogModuleManager: Shutting down and abandoning module PluginUtils (476)
[2026.05.10-03.14.36:823][ 15]LogModuleManager: Shutting down and abandoning module SubversionSourceControl (474)
[2026.05.10-03.14.36:824][ 15]LogModuleManager: Shutting down and abandoning module RiderSourceCodeAccess (472)
[2026.05.10-03.14.36:824][ 15]LogModuleManager: Shutting down and abandoning module PlasticSourceControl (470)
[2026.05.10-03.14.36:825][ 15]LogModuleManager: Shutting down and abandoning module GitSourceControl (468)
[2026.05.10-03.14.36:825][ 15]LogModuleManager: Shutting down and abandoning module PerforceSourceControl (466)
[2026.05.10-03.14.36:826][ 15]LogModuleManager: Shutting down and abandoning module SourceControl (465)
[2026.05.10-03.14.36:826][ 15]LogModuleManager: Shutting down and abandoning module CLionSourceCodeAccess (462)
[2026.05.10-03.14.36:827][ 15]LogModuleManager: Shutting down and abandoning module VariantManagerContentEditor (460)
[2026.05.10-03.14.36:827][ 15]LogModuleManager: Shutting down and abandoning module AnimationSharingEd (458)
[2026.05.10-03.14.36:827][ 15]LogModuleManager: Shutting down and abandoning module NiagaraEditorWidgets (456)
[2026.05.10-03.14.36:829][ 15]LogModuleManager: Shutting down and abandoning module SpeedTreeImporter (454)
[2026.05.10-03.14.36:829][ 15]LogModuleManager: Shutting down and abandoning module DatasmithContentEditor (452)
[2026.05.10-03.14.36:829][ 15]LogModuleManager: Shutting down and abandoning module MobileLauncherProfileWizard (450)
[2026.05.10-03.14.36:830][ 15]LogModuleManager: Shutting down and abandoning module PluginBrowser (448)
[2026.05.10-03.14.36:832][ 15]LogModuleManager: Shutting down and abandoning module MaterialAnalyzer (446)
[2026.05.10-03.14.36:832][ 15]LogModuleManager: Shutting down and abandoning module CurveEditorTools (444)
[2026.05.10-03.14.36:833][ 15]LogModuleManager: Shutting down and abandoning module CryptoKeysOpenSSL (442)
[2026.05.10-03.14.36:833][ 15]LogModuleManager: Shutting down and abandoning module CryptoKeys (440)
[2026.05.10-03.14.36:833][ 15]LogModuleManager: Shutting down and abandoning module OodleNetworkHandlerComponent (438)
[2026.05.10-03.14.36:833][ 15]LogModuleManager: Shutting down and abandoning module LightPropagationVolumeEditor (436)
[2026.05.10-03.14.36:833][ 15]LogModuleManager: Shutting down and abandoning module LiveLinkSequencer (434)
[2026.05.10-03.14.36:833][ 15]LogModuleManager: Shutting down and abandoning module LiveLinkMovieScene (432)
[2026.05.10-03.14.36:833][ 15]LogModuleManager: Shutting down and abandoning module LiveLinkGraphNode (430)
[2026.05.10-03.14.36:833][ 15]LogModuleManager: Shutting down and abandoning module LiveLinkEditor (428)
[2026.05.10-03.14.36:834][ 15]LogModuleManager: Shutting down and abandoning module LiveLinkComponents (426)
[2026.05.10-03.14.36:834][ 15]LogModuleManager: Shutting down and abandoning module LiveLink (424)
[2026.05.10-03.14.37:365][ 15]LogModuleManager: Shutting down and abandoning module PaperTiledImporter (422)
[2026.05.10-03.14.37:365][ 15]LogModuleManager: Shutting down and abandoning module PaperSpriteSheetImporter (420)
[2026.05.10-03.14.37:365][ 15]LogModuleManager: Shutting down and abandoning module Paper2DEditor (418)
[2026.05.10-03.14.37:367][ 15]LogModuleManager: Shutting down and abandoning module MeshPaintingToolset (416)
[2026.05.10-03.14.37:368][ 15]LogModuleManager: Shutting down and abandoning module MeshPaintEditorMode (414)
[2026.05.10-03.14.37:368][ 15]LogModuleManager: Shutting down and abandoning module Facade (412)
[2026.05.10-03.14.37:368][ 15]LogModuleManager: Shutting down and abandoning module PropertyAccessEditor (410)
[2026.05.10-03.14.37:368][ 15]LogModuleManager: Shutting down and abandoning module SoundFields (408)
[2026.05.10-03.14.37:368][ 15]LogModuleManager: Shutting down and abandoning module RuntimePhysXCooking (406)
[2026.05.10-03.14.37:368][ 15]LogModuleManager: Shutting down and abandoning module SignificanceManager (404)
[2026.05.10-03.14.37:368][ 15]LogModuleManager: Shutting down and abandoning module PhysXVehiclesEditor (402)
[2026.05.10-03.14.37:369][ 15]LogModuleManager: Shutting down and abandoning module LocationServicesBPLibrary (398)
[2026.05.10-03.14.37:369][ 15]LogModuleManager: Shutting down and abandoning module AudioSynesthesia (396)
[2026.05.10-03.14.37:369][ 15]LogModuleManager: Shutting down and abandoning module AudioSynesthesiaCore (394)
[2026.05.10-03.14.37:369][ 15]LogModuleManager: Shutting down and abandoning module UdpMessaging (392)
[2026.05.10-03.14.37:470][ 15]LogModuleManager: Shutting down and abandoning module TcpMessaging (390)
[2026.05.10-03.14.37:572][ 15]LogModuleManager: Shutting down and abandoning module ActorSequence (388)
[2026.05.10-03.14.37:572][ 15]LogModuleManager: Shutting down and abandoning module PythonScriptPlugin (386)
[2026.05.10-03.14.37:572][ 15]LogModuleManager: Shutting down and abandoning module ImgMediaEngine (384)
[2026.05.10-03.14.37:572][ 15]LogModuleManager: Shutting down and abandoning module MagicLeapARPin (382)
[2026.05.10-03.14.37:572][ 15]LogModuleManager: Shutting down and abandoning module MagicLeapHandMeshing (380)
[2026.05.10-03.14.37:572][ 15]LogModuleManager: Shutting down and abandoning module MagicLeapSecureStorage (378)
[2026.05.10-03.14.37:572][ 15]LogModuleManager: Shutting down and abandoning module MagicLeapPrivileges (376)
[2026.05.10-03.14.37:573][ 15]LogModuleManager: Shutting down and abandoning module MagicLeapPlanes (374)
[2026.05.10-03.14.37:573][ 15]LogMagicLeapPlanes: Planes tracker already destroyed.
[2026.05.10-03.14.37:573][ 15]LogModuleManager: Shutting down and abandoning module MagicLeapImageTracker (372)
[2026.05.10-03.14.37:573][ 15]LogModuleManager: Shutting down and abandoning module MagicLeapIdentity (370)
[2026.05.10-03.14.37:573][ 15]LogModuleManager: Shutting down and abandoning module MagicLeapHandTracking (368)
[2026.05.10-03.14.37:574][ 15]LogModuleManager: Shutting down and abandoning module MagicLeapEyeTracker (366)
[2026.05.10-03.14.37:574][ 15]LogModuleManager: Shutting down and abandoning module MagicLeapController (364)
[2026.05.10-03.14.37:574][ 15]LogModuleManager: Shutting down and abandoning module MagicLeapARPinImpl (362)
[2026.05.10-03.14.37:574][ 15]LogModuleManager: Shutting down and abandoning module MagicLeapAR (360)
[2026.05.10-03.14.37:575][ 15]LogModuleManager: Shutting down and abandoning module PropertyAccessNode (358)
[2026.05.10-03.14.37:575][ 15]LogModuleManager: Shutting down and abandoning module AnimationSharing (356)
[2026.05.10-03.14.37:575][ 15]LogModuleManager: Shutting down and abandoning module NiagaraAnimNotifies (354)
[2026.05.10-03.14.37:575][ 15]LogModuleManager: Shutting down and abandoning module Niagara (352)
[2026.05.10-03.14.37:576][ 15]LogModuleManager: Shutting down and abandoning module SignalProcessing (351)
[2026.05.10-03.14.37:576][ 15]LogModuleManager: Shutting down and abandoning module NiagaraEditor (349)
[2026.05.10-03.14.37:577][ 15]LogModuleManager: Shutting down and abandoning module NiagaraCore (346)
[2026.05.10-03.14.37:577][ 15]LogModuleManager: Shutting down and abandoning module DataValidation (344)
[2026.05.10-03.14.37:577][ 15]LogModuleManager: Shutting down and abandoning module GameplayTagsEditor (342)
[2026.05.10-03.14.37:577][ 15]LogModuleManager: Shutting down and abandoning module FacialAnimationEditor (340)
[2026.05.10-03.14.37:577][ 15]LogModuleManager: Shutting down and abandoning module FacialAnimation (338)
[2026.05.10-03.14.37:577][ 15]LogModuleManager: Shutting down and abandoning module AssetManagerEditor (336)
[2026.05.10-03.14.37:578][ 15]LogModuleManager: Shutting down and abandoning module LevelEditor (335)
[2026.05.10-03.14.37:581][ 15]LogModuleManager: Shutting down and abandoning module PixelInspectorModule (334)
[2026.05.10-03.14.37:581][ 15]LogModuleManager: Shutting down and abandoning module CommonMenuExtensions (332)
[2026.05.10-03.14.37:582][ 15]LogModuleManager: Shutting down and abandoning module MainFrame (330)
[2026.05.10-03.14.37:582][ 15]LogModuleManager: Shutting down and abandoning module HotReload (329)
[2026.05.10-03.14.37:584][ 15]LogModuleManager: Shutting down and abandoning module ToolMenus (325)
[2026.05.10-03.14.37:584][ 15]LogModuleManager: Shutting down and abandoning module ContentBrowser (323)
[2026.05.10-03.14.37:584][ 15]LogModuleManager: Shutting down and abandoning module ContentBrowserData (322)
[2026.05.10-03.14.37:584][ 15]LogModuleManager: Shutting down and abandoning module TreeMap (319)
[2026.05.10-03.14.37:584][ 15]LogModuleManager: Shutting down and abandoning module GameplayCameras (316)
[2026.05.10-03.14.37:584][ 15]LogModuleManager: Shutting down and abandoning module LightPropagationVolumeRuntime (314)
[2026.05.10-03.14.37:584][ 15]LogModuleManager: Shutting down and abandoning module EnvironmentQueryEditor (312)
[2026.05.10-03.14.37:585][ 15]LogModuleManager: Shutting down and abandoning module Paper2D (310)
[2026.05.10-03.14.37:585][ 15]LogModuleManager: Shutting down and abandoning module WindowsMoviePlayer (308)
[2026.05.10-03.14.37:588][ 15]LogModuleManager: Shutting down and abandoning module WebMMoviePlayer (306)
[2026.05.10-03.14.37:588][ 15]LogModuleManager: Shutting down and abandoning module NetworkReplayStreaming (304)
[2026.05.10-03.14.37:588][ 15]LogModuleManager: Shutting down and abandoning module PacketHandler (302)
[2026.05.10-03.14.37:588][ 15]LogModuleManager: Shutting down and abandoning module ClothingSystemEditor (300)
[2026.05.10-03.14.37:588][ 15]LogModuleManager: Shutting down and abandoning module ClothingSystemRuntimeNv (298)
[2026.05.10-03.14.37:589][ 15]LogModuleManager: Shutting down and abandoning module MediaAssets (296)
[2026.05.10-03.14.37:589][ 15]LogModuleManager: Shutting down and abandoning module Overlay (294)
[2026.05.10-03.14.37:589][ 15]LogModuleManager: Shutting down and abandoning module OverlayEditor (293)
[2026.05.10-03.14.37:589][ 15]LogModuleManager: Shutting down and abandoning module VREditor (290)
[2026.05.10-03.14.37:589][ 15]LogModuleManager: Shutting down and abandoning module StringTableEditor (288)
[2026.05.10-03.14.37:590][ 15]LogModuleManager: Shutting down and abandoning module GameplayTasksEditor (286)
[2026.05.10-03.14.37:590][ 15]LogModuleManager: Shutting down and abandoning module BehaviorTreeEditor (284)
[2026.05.10-03.14.37:591][ 15]LogModuleManager: Shutting down and abandoning module FunctionalTesting (282)
[2026.05.10-03.14.37:592][ 15]LogModuleManager: Shutting down and abandoning module CollisionAnalyzer (280)
[2026.05.10-03.14.37:592][ 15]LogModuleManager: Shutting down and abandoning module WorkspaceMenuStructure (279)
[2026.05.10-03.14.37:592][ 15]LogModuleManager: Shutting down and abandoning module UMG (276)
[2026.05.10-03.14.37:593][ 15]LogModuleManager: Shutting down and abandoning module UMGEditor (275)
[2026.05.10-03.14.37:593][ 15]LogModuleManager: Shutting down and abandoning module MessageLog (273)
[2026.05.10-03.14.37:593][ 15]LogModuleManager: Shutting down and abandoning module SlateReflector (268)
[2026.05.10-03.14.37:595][ 15]LogModuleManager: Shutting down and abandoning module Slate (266)
[2026.05.10-03.14.37:595][ 15]LogModuleManager: Shutting down and abandoning module SlateCore (264)
[2026.05.10-03.14.37:596][ 15]LogModuleManager: Shutting down and abandoning module LandscapeEditorUtilities (262)
[2026.05.10-03.14.37:596][ 15]LogModuleManager: Shutting down and abandoning module UnrealEd (260)
[2026.05.10-03.14.37:597][ 15]LogModuleManager: Shutting down and abandoning module MRMesh (258)
[2026.05.10-03.14.37:597][ 15]LogModuleManager: Shutting down and abandoning module SourceCodeAccess (256)
[2026.05.10-03.14.37:597][ 15]LogModuleManager: Shutting down and abandoning module HeadMountedDisplay (254)
[2026.05.10-03.14.37:597][ 15]LogModuleManager: Shutting down and abandoning module XAudio2 (252)
[2026.05.10-03.14.37:597][ 15]LogModuleManager: Shutting down and abandoning module Networking (250)
[2026.05.10-03.14.37:597][ 15]LogModuleManager: Shutting down and abandoning module Core (248)
[2026.05.10-03.14.37:597][ 15]LogModuleManager: Shutting down and abandoning module MaterialEditor (246)
[2026.05.10-03.14.37:597][ 15]LogModuleManager: Shutting down and abandoning module MovieSceneTools (244)
[2026.05.10-03.14.37:599][ 15]LogModuleManager: Shutting down and abandoning module CurveEditor (243)
[2026.05.10-03.14.37:600][ 15]LogModuleManager: Shutting down and abandoning module Sequencer (241)
[2026.05.10-03.14.37:601][ 15]LogModuleManager: Shutting down and abandoning module EditorStyle (240)
[2026.05.10-03.14.37:603][ 15]LogModuleManager: Shutting down and abandoning module KismetCompiler (236)
[2026.05.10-03.14.37:603][ 15]LogModuleManager: Shutting down and abandoning module MeshBuilder (234)
[2026.05.10-03.14.37:604][ 15]LogModuleManager: Shutting down and abandoning module MeshUtilities (232)
[2026.05.10-03.14.37:604][ 15]LogModuleManager: Shutting down and abandoning module MeshMergeUtilities (231)
[2026.05.10-03.14.37:604][ 15]LogModuleManager: Shutting down and abandoning module MeshReductionInterface (230)
[2026.05.10-03.14.37:604][ 15]LogModuleManager: Shutting down and abandoning module MeshBoneReduction (229)
[2026.05.10-03.14.37:605][ 15]LogModuleManager: Shutting down and abandoning module SkeletalMeshReduction (227)
[2026.05.10-03.14.37:605][ 15]LogModuleManager: Shutting down and abandoning module ProxyLODMeshReduction (225)
[2026.05.10-03.14.37:606][ 15]LogModuleManager: Shutting down and abandoning module QuadricMeshReduction (223)
[2026.05.10-03.14.37:606][ 15]LogModuleManager: Shutting down and abandoning module MaterialBaking (219)
[2026.05.10-03.14.37:606][ 15]LogModuleManager: Shutting down and abandoning module NullInstallBundleManager (214)
[2026.05.10-03.14.37:606][ 15]LogModuleManager: Shutting down and abandoning module DerivedDataCache (212)
[2026.05.10-03.14.37:607][ 15]LogModuleManager: Shutting down and abandoning module TargetPlatform (210)
[2026.05.10-03.14.37:607][ 15]LogModuleManager: Shutting down and abandoning module VulkanShaderFormat (209)
[2026.05.10-03.14.37:608][ 15]LogModuleManager: Shutting down and abandoning module ShaderFormatVectorVM (207)
[2026.05.10-03.14.37:609][ 15]LogModuleManager: Shutting down and abandoning module ShaderFormatOpenGL (205)
[2026.05.10-03.14.37:609][ 15]LogModuleManager: Shutting down and abandoning module ShaderFormatD3D (203)
[2026.05.10-03.14.37:610][ 15]LogModuleManager: Shutting down and abandoning module MetalShaderFormat (201)
[2026.05.10-03.14.37:610][ 15]LogModuleManager: Shutting down and abandoning module TextureFormatOodle (199)
[2026.05.10-03.14.37:610][ 15]LogModuleManager: Shutting down and abandoning module TextureFormatUncompressed (197)
[2026.05.10-03.14.37:610][ 15]LogModuleManager: Shutting down and abandoning module TextureFormatPVR (195)
[2026.05.10-03.14.37:610][ 15]LogModuleManager: Shutting down and abandoning module TextureFormatETC2 (193)
[2026.05.10-03.14.37:610][ 15]LogModuleManager: Shutting down and abandoning module TextureFormatDXT (191)
[2026.05.10-03.14.37:610][ 15]LogModuleManager: Shutting down and abandoning module TextureFormatIntelISPCTexComp (189)
[2026.05.10-03.14.37:611][ 15]LogModuleManager: Shutting down and abandoning module TextureFormatASTC (187)
[2026.05.10-03.14.37:611][ 15]LogModuleManager: Shutting down and abandoning module ImageWrapper (186)
[2026.05.10-03.14.37:611][ 15]LogModuleManager: Shutting down and abandoning module AudioFormatOpus (183)
[2026.05.10-03.14.37:611][ 15]LogModuleManager: Shutting down and abandoning module AudioFormatOgg (181)
[2026.05.10-03.14.37:611][ 15]LogModuleManager: Shutting down and abandoning module AudioFormatADPCM (179)
[2026.05.10-03.14.37:611][ 15]LogModuleManager: Shutting down and abandoning module WindowsServerTargetPlatform (177)
[2026.05.10-03.14.37:611][ 15]LogModuleManager: Shutting down and abandoning module WindowsClientTargetPlatform (175)
[2026.05.10-03.14.37:611][ 15]LogModuleManager: Shutting down and abandoning module WindowsTargetPlatform (173)
[2026.05.10-03.14.37:611][ 15]LogModuleManager: Shutting down and abandoning module WindowsNoEditorTargetPlatform (171)
[2026.05.10-03.14.37:611][ 15]LogModuleManager: Shutting down and abandoning module TVOSTargetPlatform (169)
[2026.05.10-03.14.37:616][ 15]LogModuleManager: Shutting down and abandoning module MacServerTargetPlatform (167)
[2026.05.10-03.14.37:616][ 15]LogModuleManager: Shutting down and abandoning module MacClientTargetPlatform (165)
[2026.05.10-03.14.37:616][ 15]LogModuleManager: Shutting down and abandoning module MacTargetPlatform (163)
[2026.05.10-03.14.37:617][ 15]LogModuleManager: Shutting down and abandoning module MacNoEditorTargetPlatform (161)
[2026.05.10-03.14.37:617][ 15]LogModuleManager: Shutting down and abandoning module LuminTargetPlatform (159)
[2026.05.10-03.14.37:624][ 15]LogModuleManager: Shutting down and abandoning module LinuxAArch64ServerTargetPlatform (157)
[2026.05.10-03.14.37:624][ 15]LogModuleManager: Shutting down and abandoning module LinuxAArch64ClientTargetPlatform (155)
[2026.05.10-03.14.37:624][ 15]LogModuleManager: Shutting down and abandoning module LinuxAArch64NoEditorTargetPlatform (153)
[2026.05.10-03.14.37:624][ 15]LogModuleManager: Shutting down and abandoning module LinuxServerTargetPlatform (151)
[2026.05.10-03.14.37:624][ 15]LogModuleManager: Shutting down and abandoning module LinuxClientTargetPlatform (149)
[2026.05.10-03.14.37:624][ 15]LogModuleManager: Shutting down and abandoning module LinuxNoEditorTargetPlatform (147)
[2026.05.10-03.14.37:624][ 15]LogModuleManager: Shutting down and abandoning module LinuxTargetPlatform (145)
[2026.05.10-03.14.37:624][ 15]LogModuleManager: Shutting down and abandoning module Messaging (143)
[2026.05.10-03.14.37:624][ 15]LogModuleManager: Shutting down and abandoning module IOSTargetPlatform (141)
[2026.05.10-03.14.37:628][ 15]LogModuleManager: Shutting down and abandoning module AndroidTargetPlatform (139)
[2026.05.10-03.14.37:648][ 15]LogModuleManager: Shutting down and abandoning module AllDesktopTargetPlatform (137)
[2026.05.10-03.14.37:648][ 15]LogModuleManager: Shutting down and abandoning module D3D11RHI (134)
[2026.05.10-03.14.37:648][ 15]LogModuleManager: Shutting down and abandoning module InputCore (132)
[2026.05.10-03.14.37:648][ 15]LogModuleManager: Shutting down and abandoning module Settings (130)
[2026.05.10-03.14.37:648][ 15]LogModuleManager: Shutting down and abandoning module DirectoryWatcher (128)
[2026.05.10-03.14.37:649][ 15]LogModuleManager: Shutting down and abandoning module PhysXCooking (126)
[2026.05.10-03.14.37:649][ 15]LogModuleManager: Shutting down and abandoning module Chaos (124)
[2026.05.10-03.14.37:650][ 15]LogModuleManager: Shutting down and abandoning module WindowsPlatformFeatures (122)
[2026.05.10-03.14.37:650][ 15]LogModuleManager: Shutting down and abandoning module GameplayMediaEncoder (121)
[2026.05.10-03.14.37:650][ 15]LogModuleManager: Shutting down and abandoning module AVEncoder (120)
[2026.05.10-03.14.37:650][ 15]LogModuleManager: Shutting down and abandoning module SteamVRInputDevice (116)
[2026.05.10-03.14.37:650][ 15]LogModuleManager: Shutting down and abandoning module SteamVRInput (114)
[2026.05.10-03.14.37:650][ 15]LogModuleManager: Shutting down and abandoning module SteamVR (112)
[2026.05.10-03.14.37:651][ 15]LogHMD: Freeing OpenVRDLLHandle.
[2026.05.10-03.14.37:651][ 15]LogModuleManager: Shutting down and abandoning module OculusHMD (110)
[2026.05.10-03.14.37:651][ 15]LogModuleManager: Shutting down and abandoning module OpenXRHandTracking (108)
[2026.05.10-03.14.37:651][ 15]LogSlate: Slate User Destroyed.  User Index 0, Is Virtual User: 0
[2026.05.10-03.14.37:652][ 15]LogModuleManager: Shutting down and abandoning module OpenXRAR (106)
[2026.05.10-03.14.37:652][ 15]LogModuleManager: Shutting down and abandoning module AugmentedReality (105)
[2026.05.10-03.14.37:652][ 15]LogModuleManager: Shutting down and abandoning module OpenXRHMD (102)
[2026.05.10-03.14.37:653][ 15]LogModuleManager: Shutting down and abandoning module OpenXREyeTracker (100)
[2026.05.10-03.14.37:653][ 15]LogModuleManager: Shutting down and abandoning module ExampleDeviceProfileSelector (98)
[2026.05.10-03.14.37:653][ 15]LogModuleManager: Shutting down and abandoning module ChunkDownloader (96)
[2026.05.10-03.14.37:654][ 15]LogModuleManager: Shutting down and abandoning module LauncherChunkInstaller (94)
[2026.05.10-03.14.37:654][ 15]LogModuleManager: Shutting down and abandoning module OnlineBlueprintSupport (92)
[2026.05.10-03.14.37:654][ 15]LogModuleManager: Shutting down and abandoning module OnlineSubsystem (88)
[2026.05.10-03.14.37:656][ 15]LogModuleManager: Shutting down and abandoning module XMPP (83)
[2026.05.10-03.14.37:657][ 15]LogModuleManager: Shutting down and abandoning module WebSockets (82)
[2026.05.10-03.14.37:695][ 15]LogModuleManager: Shutting down and abandoning module HTTP (79)
[2026.05.10-03.14.37:696][ 15]LogHttp: Display: Http module shutting down, but needs to wait on 1 outstanding Http requests:
[2026.05.10-03.14.37:696][ 15]LogHttp: Display: 	verb=[POST] url=[https://datarouter.ol.epicgames.com/datarouter/api/v1/public/data?SessionID=%7B79D01BCC-4F47-7A84-EB5B-D5AF369EE036%7D&AppID=UEEditor.Rocket.Release&AppVersion=4.27.2-18319896%2B%2B%2BUE4%2BRelease-4.27&UserID=d975ae6d41715b51fd3ecba185d3fc09%7C8a858a74adcc4c86aa7ca686176ab5bb%7C90f712fe-2f61-4f5c-8f94-fd0757457318&AppEnvironment=datacollector-binary&UploadType=eteventstream] refs=[1] status=Processing
[2026.05.10-03.14.37:696][ 15]LogHttp: Display: cleaning up 1 outstanding Http requests.
[2026.05.10-03.14.37:707][ 15]LogModuleManager: Shutting down and abandoning module SSL (78)
[2026.05.10-03.14.37:709][ 15]LogModuleManager: Shutting down and abandoning module WmfMedia (74)
[2026.05.10-03.14.37:712][ 15]LogModuleManager: Shutting down and abandoning module Media (73)
[2026.05.10-03.14.37:714][ 15]LogModuleManager: Shutting down and abandoning module MediaInfo (72)
[2026.05.10-03.14.37:714][ 15]LogModuleManager: Shutting down and abandoning module ExrReaderGpu (68)
[2026.05.10-03.14.37:714][ 15]LogModuleManager: Shutting down and abandoning module MLSDK (66)
[2026.05.10-03.14.37:714][ 15]LogModuleManager: Shutting down and abandoning module MagicLeap (64)
[2026.05.10-03.14.37:714][ 15]LogModuleManager: Shutting down and abandoning module ChaosCloth (62)
[2026.05.10-03.14.37:715][ 15]LogModuleManager: Shutting down and abandoning module PixWinPlugin (60)
[2026.05.10-03.14.37:715][ 15]LogModuleManager: Shutting down and abandoning module VariantManagerContent (58)
[2026.05.10-03.14.37:715][ 15]LogModuleManager: Shutting down and abandoning module NiagaraVertexFactories (56)
[2026.05.10-03.14.37:715][ 15]LogModuleManager: Shutting down and abandoning module NiagaraShader (54)
[2026.05.10-03.14.37:715][ 15]LogModuleManager: Shutting down and abandoning module DatasmithContent (52)
[2026.05.10-03.14.37:715][ 15]LogModuleManager: Shutting down and abandoning module AISupportModule (50)
[2026.05.10-03.14.37:715][ 15]LogModuleManager: Shutting down and abandoning module DesktopPlatform (48)
[2026.05.10-03.14.37:715][ 15]LogModuleManager: Shutting down and abandoning module PythonScriptPluginPreload (46)
[2026.05.10-03.14.37:716][ 15]LogModuleManager: Shutting down and abandoning module PlatformCryptoOpenSSL (44)
[2026.05.10-03.14.37:716][ 15]LogModuleManager: Shutting down and abandoning module PlatformCryptoTypes (42)
[2026.05.10-03.14.37:716][ 15]LogModuleManager: Shutting down and abandoning module PlatformCrypto (40)
[2026.05.10-03.14.37:716][ 15]LogModuleManager: Shutting down and abandoning module OodleDataCompressionFormat (38)
[2026.05.10-03.14.37:716][ 15]LogModuleManager: Shutting down and abandoning module XGEController (36)
[2026.05.10-03.14.37:716][ 15]LogModuleManager: Shutting down and abandoning module AnimationModifiers (34)
[2026.05.10-03.14.37:716][ 15]LogModuleManager: Shutting down and abandoning module AudioEditor (32)
[2026.05.10-03.14.37:717][ 15]LogModuleManager: Shutting down and abandoning module PropertyEditor (31)
[2026.05.10-03.14.37:718][ 15]LogModuleManager: Shutting down and abandoning module TextureCompressor (28)
[2026.05.10-03.14.37:718][ 15]LogModuleManager: Shutting down and abandoning module RenderCore (26)
[2026.05.10-03.14.37:718][ 15]LogModuleManager: Shutting down and abandoning module Landscape (24)
[2026.05.10-03.14.37:718][ 15]LogModuleManager: Shutting down and abandoning module SlateRHIRenderer (22)
[2026.05.10-03.14.37:719][ 15]LogModuleManager: Shutting down and abandoning module AnimGraphRuntime (20)
[2026.05.10-03.14.37:720][ 15]LogModuleManager: Shutting down and abandoning module Renderer (18)
[2026.05.10-03.14.37:720][ 15]LogModuleManager: Shutting down and abandoning module Engine (16)
[2026.05.10-03.14.37:720][ 15]LogModuleManager: Shutting down and abandoning module CoreUObject (14)
[2026.05.10-03.14.37:720][ 15]LogModuleManager: Shutting down and abandoning module NetworkFile (12)
[2026.05.10-03.14.37:721][ 15]LogModuleManager: Shutting down and abandoning module CookedIterativeFile (10)
[2026.05.10-03.14.37:721][ 15]LogModuleManager: Shutting down and abandoning module StreamingFile (8)
[2026.05.10-03.14.37:721][ 15]LogModuleManager: Shutting down and abandoning module SandboxFile (6)
[2026.05.10-03.14.37:721][ 15]LogModuleManager: Shutting down and abandoning module PakFile (4)
[2026.05.10-03.14.37:721][ 15]LogModuleManager: Shutting down and abandoning module RSA (3)
[2026.05.10-03.14.37:722][ 15]LogContentStreaming: Display: There are 1 unreleased StreamingManagers
[2026.05.10-03.14.37:751][ 15]LogD3D11RHI: Shutdown
[2026.05.10-03.14.37:751][ 15]LogD3D11RHI: CleanupD3DDevice
[2026.05.10-03.14.37:758][ 15]LogExit: Exiting.
[2026.05.10-03.14.37:769][ 15]Log file closed, 05/09/26 23:14:37
